:0200000460009A
:100000004643464200000156000000000103030081
:1000100000000000000000000000000000000000E0
:1000200000000000000000000000000000000000D0
:1000300000000000000000000000000000000000C0
:1000400000000000010408000000000000000000A3
:100050000000800000000000000000000000000020
:100060000000000000000000000000000000000090
:100070000000000000000000000000000000000080
:10008000EB04180A063204260000000000000000FD
:10009000050404240000000000000000000000002F
:1000A0000000000000000000000000000000000050
:1000B0000604000000000000000000000000000036
:1000C0000000000000000000000000000000000030
:1000D00020041808000000000000000000000000DC
:1000E0000000000000000000000000000000000010
:1000F0000000000000000000000000000000000000
:10010000D8041808000000000000000000000000F3
:100110000204180804200000000000000000000095
:1001200000000000000000000000000000000000CF
:10013000600400000000000000000000000000005B
:1001400000000000000000000000000000000000AF
:10015000000000000000000000000000000000009F
:10016000000000000000000000000000000000008F
:10017000000000000000000000000000000000007F
:10018000000000000000000000000000000000006F
:10019000000000000000000000000000000000005F
:1001A000000000000000000000000000000000004F
:1001B000000000000000000000000000000000003F
:1001C000000100000010000001000000000000001D
:1001D000000001000000000000000000000000001E
:1001E000000000000000000000000000000000000F
:1001F00000000000000000000000000000000000FF
:10020000FFFFFFFFFFFFFFFFFFFFFFFFFFFFFFFFFE
:10021000FFFFFFFFFFFFFFFFFFFFFFFFFFFFFFFFEE
:10022000FFFFFFFFFFFFFFFFFFFFFFFFFFFFFFFFDE
:10023000FFFFFFFFFFFFFFFFFFFFFFFFFFFFFFFFCE
:10024000FFFFFFFFFFFFFFFFFFFFFFFFFFFFFFFFBE
:10025000FFFFFFFFFFFFFFFFFFFFFFFFFFFFFFFFAE
:10026000FFFFFFFFFFFFFFFFFFFFFFFFFFFFFFFF9E
:10027000FFFFFFFFFFFFFFFFFFFFFFFFFFFFFFFF8E
:10028000FFFFFFFFFFFFFFFFFFFFFFFFFFFFFFFF7E
:10029000FFFFFFFFFFFFFFFFFFFFFFFFFFFFFFFF6E
:1002A000FFFFFFFFFFFFFFFFFFFFFFFFFFFFFFFF5E
:1002B000FFFFFFFFFFFFFFFFFFFFFFFFFFFFFFFF4E
:1002C000FFFFFFFFFFFFFFFFFFFFFFFFFFFFFFFF3E
:1002D000FFFFFFFFFFFFFFFFFFFFFFFFFFFFFFFF2E
:1002E000FFFFFFFFFFFFFFFFFFFFFFFFFFFFFFFF1E
:1002F000FFFFFFFFFFFFFFFFFFFFFFFFFFFFFFFF0E
:10030000FFFFFFFFFFFFFFFFFFFFFFFFFFFFFFFFFD
:10031000FFFFFFFFFFFFFFFFFFFFFFFFFFFFFFFFED
:10032000FFFFFFFFFFFFFFFFFFFFFFFFFFFFFFFFDD
:10033000FFFFFFFFFFFFFFFFFFFFFFFFFFFFFFFFCD
:10034000FFFFFFFFFFFFFFFFFFFFFFFFFFFFFFFFBD
:10035000FFFFFFFFFFFFFFFFFFFFFFFFFFFFFFFFAD
:10036000FFFFFFFFFFFFFFFFFFFFFFFFFFFFFFFF9D
:10037000FFFFFFFFFFFFFFFFFFFFFFFFFFFFFFFF8D
:10038000FFFFFFFFFFFFFFFFFFFFFFFFFFFFFFFF7D
:10039000FFFFFFFFFFFFFFFFFFFFFFFFFFFFFFFF6D
:1003A000FFFFFFFFFFFFFFFFFFFFFFFFFFFFFFFF5D
:1003B000FFFFFFFFFFFFFFFFFFFFFFFFFFFFFFFF4D
:1003C000FFFFFFFFFFFFFFFFFFFFFFFFFFFFFFFF3D
:1003D000FFFFFFFFFFFFFFFFFFFFFFFFFFFFFFFF2D
:1003E000FFFFFFFFFFFFFFFFFFFFFFFFFFFFFFFF1D
:1003F000FFFFFFFFFFFFFFFFFFFFFFFFFFFFFFFF0D
:10040000FFFFFFFFFFFFFFFFFFFFFFFFFFFFFFFFFC
:10041000FFFFFFFFFFFFFFFFFFFFFFFFFFFFFFFFEC
:10042000FFFFFFFFFFFFFFFFFFFFFFFFFFFFFFFFDC
:10043000FFFFFFFFFFFFFFFFFFFFFFFFFFFFFFFFCC
:10044000FFFFFFFFFFFFFFFFFFFFFFFFFFFFFFFFBC
:10045000FFFFFFFFFFFFFFFFFFFFFFFFFFFFFFFFAC
:10046000FFFFFFFFFFFFFFFFFFFFFFFFFFFFFFFF9C
:10047000FFFFFFFFFFFFFFFFFFFFFFFFFFFFFFFF8C
:10048000FFFFFFFFFFFFFFFFFFFFFFFFFFFFFFFF7C
:10049000FFFFFFFFFFFFFFFFFFFFFFFFFFFFFFFF6C
:1004A000FFFFFFFFFFFFFFFFFFFFFFFFFFFFFFFF5C
:1004B000FFFFFFFFFFFFFFFFFFFFFFFFFFFFFFFF4C
:1004C000FFFFFFFFFFFFFFFFFFFFFFFFFFFFFFFF3C
:1004D000FFFFFFFFFFFFFFFFFFFFFFFFFFFFFFFF2C
:1004E000FFFFFFFFFFFFFFFFFFFFFFFFFFFFFFFF1C
:1004F000FFFFFFFFFFFFFFFFFFFFFFFFFFFFFFFF0C
:10050000FFFFFFFFFFFFFFFFFFFFFFFFFFFFFFFFFB
:10051000FFFFFFFFFFFFFFFFFFFFFFFFFFFFFFFFEB
:10052000FFFFFFFFFFFFFFFFFFFFFFFFFFFFFFFFDB
:10053000FFFFFFFFFFFFFFFFFFFFFFFFFFFFFFFFCB
:10054000FFFFFFFFFFFFFFFFFFFFFFFFFFFFFFFFBB
:10055000FFFFFFFFFFFFFFFFFFFFFFFFFFFFFFFFAB
:10056000FFFFFFFFFFFFFFFFFFFFFFFFFFFFFFFF9B
:10057000FFFFFFFFFFFFFFFFFFFFFFFFFFFFFFFF8B
:10058000FFFFFFFFFFFFFFFFFFFFFFFFFFFFFFFF7B
:10059000FFFFFFFFFFFFFFFFFFFFFFFFFFFFFFFF6B
:1005A000FFFFFFFFFFFFFFFFFFFFFFFFFFFFFFFF5B
:1005B000FFFFFFFFFFFFFFFFFFFFFFFFFFFFFFFF4B
:1005C000FFFFFFFFFFFFFFFFFFFFFFFFFFFFFFFF3B
:1005D000FFFFFFFFFFFFFFFFFFFFFFFFFFFFFFFF2B
:1005E000FFFFFFFFFFFFFFFFFFFFFFFFFFFFFFFF1B
:1005F000FFFFFFFFFFFFFFFFFFFFFFFFFFFFFFFF0B
:10060000FFFFFFFFFFFFFFFFFFFFFFFFFFFFFFFFFA
:10061000FFFFFFFFFFFFFFFFFFFFFFFFFFFFFFFFEA
:10062000FFFFFFFFFFFFFFFFFFFFFFFFFFFFFFFFDA
:10063000FFFFFFFFFFFFFFFFFFFFFFFFFFFFFFFFCA
:10064000FFFFFFFFFFFFFFFFFFFFFFFFFFFFFFFFBA
:10065000FFFFFFFFFFFFFFFFFFFFFFFFFFFFFFFFAA
:10066000FFFFFFFFFFFFFFFFFFFFFFFFFFFFFFFF9A
:10067000FFFFFFFFFFFFFFFFFFFFFFFFFFFFFFFF8A
:10068000FFFFFFFFFFFFFFFFFFFFFFFFFFFFFFFF7A
:10069000FFFFFFFFFFFFFFFFFFFFFFFFFFFFFFFF6A
:1006A000FFFFFFFFFFFFFFFFFFFFFFFFFFFFFFFF5A
:1006B000FFFFFFFFFFFFFFFFFFFFFFFFFFFFFFFF4A
:1006C000FFFFFFFFFFFFFFFFFFFFFFFFFFFFFFFF3A
:1006D000FFFFFFFFFFFFFFFFFFFFFFFFFFFFFFFF2A
:1006E000FFFFFFFFFFFFFFFFFFFFFFFFFFFFFFFF1A
:1006F000FFFFFFFFFFFFFFFFFFFFFFFFFFFFFFFF0A
:10070000FFFFFFFFFFFFFFFFFFFFFFFFFFFFFFFFF9
:10071000FFFFFFFFFFFFFFFFFFFFFFFFFFFFFFFFE9
:10072000FFFFFFFFFFFFFFFFFFFFFFFFFFFFFFFFD9
:10073000FFFFFFFFFFFFFFFFFFFFFFFFFFFFFFFFC9
:10074000FFFFFFFFFFFFFFFFFFFFFFFFFFFFFFFFB9
:10075000FFFFFFFFFFFFFFFFFFFFFFFFFFFFFFFFA9
:10076000FFFFFFFFFFFFFFFFFFFFFFFFFFFFFFFF99
:10077000FFFFFFFFFFFFFFFFFFFFFFFFFFFFFFFF89
:10078000FFFFFFFFFFFFFFFFFFFFFFFFFFFFFFFF79
:10079000FFFFFFFFFFFFFFFFFFFFFFFFFFFFFFFF69
:1007A000FFFFFFFFFFFFFFFFFFFFFFFFFFFFFFFF59
:1007B000FFFFFFFFFFFFFFFFFFFFFFFFFFFFFFFF49
:1007C000FFFFFFFFFFFFFFFFFFFFFFFFFFFFFFFF39
:1007D000FFFFFFFFFFFFFFFFFFFFFFFFFFFFFFFF29
:1007E000FFFFFFFFFFFFFFFFFFFFFFFFFFFFFFFF19
:1007F000FFFFFFFFFFFFFFFFFFFFFFFFFFFFFFFF09
:10080000FFFFFFFFFFFFFFFFFFFFFFFFFFFFFFFFF8
:10081000FFFFFFFFFFFFFFFFFFFFFFFFFFFFFFFFE8
:10082000FFFFFFFFFFFFFFFFFFFFFFFFFFFFFFFFD8
:10083000FFFFFFFFFFFFFFFFFFFFFFFFFFFFFFFFC8
:10084000FFFFFFFFFFFFFFFFFFFFFFFFFFFFFFFFB8
:10085000FFFFFFFFFFFFFFFFFFFFFFFFFFFFFFFFA8
:10086000FFFFFFFFFFFFFFFFFFFFFFFFFFFFFFFF98
:10087000FFFFFFFFFFFFFFFFFFFFFFFFFFFFFFFF88
:10088000FFFFFFFFFFFFFFFFFFFFFFFFFFFFFFFF78
:10089000FFFFFFFFFFFFFFFFFFFFFFFFFFFFFFFF68
:1008A000FFFFFFFFFFFFFFFFFFFFFFFFFFFFFFFF58
:1008B000FFFFFFFFFFFFFFFFFFFFFFFFFFFFFFFF48
:1008C000FFFFFFFFFFFFFFFFFFFFFFFFFFFFFFFF38
:1008D000FFFFFFFFFFFFFFFFFFFFFFFFFFFFFFFF28
:1008E000FFFFFFFFFFFFFFFFFFFFFFFFFFFFFFFF18
:1008F000FFFFFFFFFFFFFFFFFFFFFFFFFFFFFFFF08
:10090000FFFFFFFFFFFFFFFFFFFFFFFFFFFFFFFFF7
:10091000FFFFFFFFFFFFFFFFFFFFFFFFFFFFFFFFE7
:10092000FFFFFFFFFFFFFFFFFFFFFFFFFFFFFFFFD7
:10093000FFFFFFFFFFFFFFFFFFFFFFFFFFFFFFFFC7
:10094000FFFFFFFFFFFFFFFFFFFFFFFFFFFFFFFFB7
:10095000FFFFFFFFFFFFFFFFFFFFFFFFFFFFFFFFA7
:10096000FFFFFFFFFFFFFFFFFFFFFFFFFFFFFFFF97
:10097000FFFFFFFFFFFFFFFFFFFFFFFFFFFFFFFF87
:10098000FFFFFFFFFFFFFFFFFFFFFFFFFFFFFFFF77
:10099000FFFFFFFFFFFFFFFFFFFFFFFFFFFFFFFF67
:1009A000FFFFFFFFFFFFFFFFFFFFFFFFFFFFFFFF57
:1009B000FFFFFFFFFFFFFFFFFFFFFFFFFFFFFFFF47
:1009C000FFFFFFFFFFFFFFFFFFFFFFFFFFFFFFFF37
:1009D000FFFFFFFFFFFFFFFFFFFFFFFFFFFFFFFF27
:1009E000FFFFFFFFFFFFFFFFFFFFFFFFFFFFFFFF17
:1009F000FFFFFFFFFFFFFFFFFFFFFFFFFFFFFFFF07
:100A0000FFFFFFFFFFFFFFFFFFFFFFFFFFFFFFFFF6
:100A1000FFFFFFFFFFFFFFFFFFFFFFFFFFFFFFFFE6
:100A2000FFFFFFFFFFFFFFFFFFFFFFFFFFFFFFFFD6
:100A3000FFFFFFFFFFFFFFFFFFFFFFFFFFFFFFFFC6
:100A4000FFFFFFFFFFFFFFFFFFFFFFFFFFFFFFFFB6
:100A5000FFFFFFFFFFFFFFFFFFFFFFFFFFFFFFFFA6
:100A6000FFFFFFFFFFFFFFFFFFFFFFFFFFFFFFFF96
:100A7000FFFFFFFFFFFFFFFFFFFFFFFFFFFFFFFF86
:100A8000FFFFFFFFFFFFFFFFFFFFFFFFFFFFFFFF76
:100A9000FFFFFFFFFFFFFFFFFFFFFFFFFFFFFFFF66
:100AA000FFFFFFFFFFFFFFFFFFFFFFFFFFFFFFFF56
:100AB000FFFFFFFFFFFFFFFFFFFFFFFFFFFFFFFF46
:100AC000FFFFFFFFFFFFFFFFFFFFFFFFFFFFFFFF36
:100AD000FFFFFFFFFFFFFFFFFFFFFFFFFFFFFFFF26
:100AE000FFFFFFFFFFFFFFFFFFFFFFFFFFFFFFFF16
:100AF000FFFFFFFFFFFFFFFFFFFFFFFFFFFFFFFF06
:100B0000FFFFFFFFFFFFFFFFFFFFFFFFFFFFFFFFF5
:100B1000FFFFFFFFFFFFFFFFFFFFFFFFFFFFFFFFE5
:100B2000FFFFFFFFFFFFFFFFFFFFFFFFFFFFFFFFD5
:100B3000FFFFFFFFFFFFFFFFFFFFFFFFFFFFFFFFC5
:100B4000FFFFFFFFFFFFFFFFFFFFFFFFFFFFFFFFB5
:100B5000FFFFFFFFFFFFFFFFFFFFFFFFFFFFFFFFA5
:100B6000FFFFFFFFFFFFFFFFFFFFFFFFFFFFFFFF95
:100B7000FFFFFFFFFFFFFFFFFFFFFFFFFFFFFFFF85
:100B8000FFFFFFFFFFFFFFFFFFFFFFFFFFFFFFFF75
:100B9000FFFFFFFFFFFFFFFFFFFFFFFFFFFFFFFF65
:100BA000FFFFFFFFFFFFFFFFFFFFFFFFFFFFFFFF55
:100BB000FFFFFFFFFFFFFFFFFFFFFFFFFFFFFFFF45
:100BC000FFFFFFFFFFFFFFFFFFFFFFFFFFFFFFFF35
:100BD000FFFFFFFFFFFFFFFFFFFFFFFFFFFFFFFF25
:100BE000FFFFFFFFFFFFFFFFFFFFFFFFFFFFFFFF15
:100BF000FFFFFFFFFFFFFFFFFFFFFFFFFFFFFFFF05
:100C0000FFFFFFFFFFFFFFFFFFFFFFFFFFFFFFFFF4
:100C1000FFFFFFFFFFFFFFFFFFFFFFFFFFFFFFFFE4
:100C2000FFFFFFFFFFFFFFFFFFFFFFFFFFFFFFFFD4
:100C3000FFFFFFFFFFFFFFFFFFFFFFFFFFFFFFFFC4
:100C4000FFFFFFFFFFFFFFFFFFFFFFFFFFFFFFFFB4
:100C5000FFFFFFFFFFFFFFFFFFFFFFFFFFFFFFFFA4
:100C6000FFFFFFFFFFFFFFFFFFFFFFFFFFFFFFFF94
:100C7000FFFFFFFFFFFFFFFFFFFFFFFFFFFFFFFF84
:100C8000FFFFFFFFFFFFFFFFFFFFFFFFFFFFFFFF74
:100C9000FFFFFFFFFFFFFFFFFFFFFFFFFFFFFFFF64
:100CA000FFFFFFFFFFFFFFFFFFFFFFFFFFFFFFFF54
:100CB000FFFFFFFFFFFFFFFFFFFFFFFFFFFFFFFF44
:100CC000FFFFFFFFFFFFFFFFFFFFFFFFFFFFFFFF34
:100CD000FFFFFFFFFFFFFFFFFFFFFFFFFFFFFFFF24
:100CE000FFFFFFFFFFFFFFFFFFFFFFFFFFFFFFFF14
:100CF000FFFFFFFFFFFFFFFFFFFFFFFFFFFFFFFF04
:100D0000FFFFFFFFFFFFFFFFFFFFFFFFFFFFFFFFF3
:100D1000FFFFFFFFFFFFFFFFFFFFFFFFFFFFFFFFE3
:100D2000FFFFFFFFFFFFFFFFFFFFFFFFFFFFFFFFD3
:100D3000FFFFFFFFFFFFFFFFFFFFFFFFFFFFFFFFC3
:100D4000FFFFFFFFFFFFFFFFFFFFFFFFFFFFFFFFB3
:100D5000FFFFFFFFFFFFFFFFFFFFFFFFFFFFFFFFA3
:100D6000FFFFFFFFFFFFFFFFFFFFFFFFFFFFFFFF93
:100D7000FFFFFFFFFFFFFFFFFFFFFFFFFFFFFFFF83
:100D8000FFFFFFFFFFFFFFFFFFFFFFFFFFFFFFFF73
:100D9000FFFFFFFFFFFFFFFFFFFFFFFFFFFFFFFF63
:100DA000FFFFFFFFFFFFFFFFFFFFFFFFFFFFFFFF53
:100DB000FFFFFFFFFFFFFFFFFFFFFFFFFFFFFFFF43
:100DC000FFFFFFFFFFFFFFFFFFFFFFFFFFFFFFFF33
:100DD000FFFFFFFFFFFFFFFFFFFFFFFFFFFFFFFF23
:100DE000FFFFFFFFFFFFFFFFFFFFFFFFFFFFFFFF13
:100DF000FFFFFFFFFFFFFFFFFFFFFFFFFFFFFFFF03
:100E0000FFFFFFFFFFFFFFFFFFFFFFFFFFFFFFFFF2
:100E1000FFFFFFFFFFFFFFFFFFFFFFFFFFFFFFFFE2
:100E2000FFFFFFFFFFFFFFFFFFFFFFFFFFFFFFFFD2
:100E3000FFFFFFFFFFFFFFFFFFFFFFFFFFFFFFFFC2
:100E4000FFFFFFFFFFFFFFFFFFFFFFFFFFFFFFFFB2
:100E5000FFFFFFFFFFFFFFFFFFFFFFFFFFFFFFFFA2
:100E6000FFFFFFFFFFFFFFFFFFFFFFFFFFFFFFFF92
:100E7000FFFFFFFFFFFFFFFFFFFFFFFFFFFFFFFF82
:100E8000FFFFFFFFFFFFFFFFFFFFFFFFFFFFFFFF72
:100E9000FFFFFFFFFFFFFFFFFFFFFFFFFFFFFFFF62
:100EA000FFFFFFFFFFFFFFFFFFFFFFFFFFFFFFFF52
:100EB000FFFFFFFFFFFFFFFFFFFFFFFFFFFFFFFF42
:100EC000FFFFFFFFFFFFFFFFFFFFFFFFFFFFFFFF32
:100ED000FFFFFFFFFFFFFFFFFFFFFFFFFFFFFFFF22
:100EE000FFFFFFFFFFFFFFFFFFFFFFFFFFFFFFFF12
:100EF000FFFFFFFFFFFFFFFFFFFFFFFFFFFFFFFF02
:100F0000FFFFFFFFFFFFFFFFFFFFFFFFFFFFFFFFF1
:100F1000FFFFFFFFFFFFFFFFFFFFFFFFFFFFFFFFE1
:100F2000FFFFFFFFFFFFFFFFFFFFFFFFFFFFFFFFD1
:100F3000FFFFFFFFFFFFFFFFFFFFFFFFFFFFFFFFC1
:100F4000FFFFFFFFFFFFFFFFFFFFFFFFFFFFFFFFB1
:100F5000FFFFFFFFFFFFFFFFFFFFFFFFFFFFFFFFA1
:100F6000FFFFFFFFFFFFFFFFFFFFFFFFFFFFFFFF91
:100F7000FFFFFFFFFFFFFFFFFFFFFFFFFFFFFFFF81
:100F8000FFFFFFFFFFFFFFFFFFFFFFFFFFFFFFFF71
:100F9000FFFFFFFFFFFFFFFFFFFFFFFFFFFFFFFF61
:100FA000FFFFFFFFFFFFFFFFFFFFFFFFFFFFFFFF51
:100FB000FFFFFFFFFFFFFFFFFFFFFFFFFFFFFFFF41
:100FC000FFFFFFFFFFFFFFFFFFFFFFFFFFFFFFFF31
:100FD000FFFFFFFFFFFFFFFFFFFFFFFFFFFFFFFF21
:100FE000FFFFFFFFFFFFFFFFFFFFFFFFFFFFFFFF11
:100FF000FFFFFFFFFFFFFFFFFFFFFFFFFFFFFFFF01
:10100000D10020434D1600600000000000000000E9
:101010002010006000100060002C04600000000040
:10102000000000600038040000000000FFFFFFFF28
:10103000FFFFFFFFFFFFFFFFFFFFFFFFFFFFFFFFC0
:10104000FFFFFFFFFFFFFFFFFFFFFFFFFFFFFFFFB0
:10105000FFFFFFFFFFFFFFFFFFFFFFFFFFFFFFFFA0
:10106000FFFFFFFFFFFFFFFFFFFFFFFFFFFFFFFF90
:10107000FFFFFFFFFFFFFFFFFFFFFFFFFFFFFFFF80
:10108000FFFFFFFFFFFFFFFFFFFFFFFFFFFFFFFF70
:10109000FFFFFFFFFFFFFFFFFFFFFFFFFFFFFFFF60
:1010A000FFFFFFFFFFFFFFFFFFFFFFFFFFFFFFFF50
:1010B000FFFFFFFFFFFFFFFFFFFFFFFFFFFFFFFF40
:1010C000FFFFFFFFFFFFFFFFFFFFFFFFFFFFFFFF30
:1010D000FFFFFFFFFFFFFFFFFFFFFFFFFFFFFFFF20
:1010E000FFFFFFFFFFFFFFFFFFFFFFFFFFFFFFFF10
:1010F000FFFFFFFFFFFFFFFFFFFFFFFFFFFFFFFF00
:10110000FFFFFFFFFFFFFFFFFFFFFFFFFFFFFFFFEF
:10111000FFFFFFFFFFFFFFFFFFFFFFFFFFFFFFFFDF
:10112000FFFFFFFFFFFFFFFFFFFFFFFFFFFFFFFFCF
:10113000FFFFFFFFFFFFFFFFFFFFFFFFFFFFFFFFBF
:10114000FFFFFFFFFFFFFFFFFFFFFFFFFFFFFFFFAF
:10115000FFFFFFFFFFFFFFFFFFFFFFFFFFFFFFFF9F
:10116000FFFFFFFFFFFFFFFFFFFFFFFFFFFFFFFF8F
:10117000FFFFFFFFFFFFFFFFFFFFFFFFFFFFFFFF7F
:10118000FFFFFFFFFFFFFFFFFFFFFFFFFFFFFFFF6F
:10119000FFFFFFFFFFFFFFFFFFFFFFFFFFFFFFFF5F
:1011A000FFFFFFFFFFFFFFFFFFFFFFFFFFFFFFFF4F
:1011B000FFFFFFFFFFFFFFFFFFFFFFFFFFFFFFFF3F
:1011C000FFFFFFFFFFFFFFFFFFFFFFFFFFFFFFFF2F
:1011D000FFFFFFFFFFFFFFFFFFFFFFFFFFFFFFFF1F
:1011E000FFFFFFFFFFFFFFFFFFFFFFFFFFFFFFFF0F
:1011F000FFFFFFFFFFFFFFFFFFFFFFFFFFFFFFFFFF
:10120000FFFFFFFFFFFFFFFFFFFFFFFFFFFFFFFFEE
:10121000FFFFFFFFFFFFFFFFFFFFFFFFFFFFFFFFDE
:10122000FFFFFFFFFFFFFFFFFFFFFFFFFFFFFFFFCE
:10123000FFFFFFFFFFFFFFFFFFFFFFFFFFFFFFFFBE
:10124000FFFFFFFFFFFFFFFFFFFFFFFFFFFFFFFFAE
:10125000FFFFFFFFFFFFFFFFFFFFFFFFFFFFFFFF9E
:10126000FFFFFFFFFFFFFFFFFFFFFFFFFFFFFFFF8E
:10127000FFFFFFFFFFFFFFFFFFFFFFFFFFFFFFFF7E
:10128000FFFFFFFFFFFFFFFFFFFFFFFFFFFFFFFF6E
:10129000FFFFFFFFFFFFFFFFFFFFFFFFFFFFFFFF5E
:1012A000FFFFFFFFFFFFFFFFFFFFFFFFFFFFFFFF4E
:1012B000FFFFFFFFFFFFFFFFFFFFFFFFFFFFFFFF3E
:1012C000FFFFFFFFFFFFFFFFFFFFFFFFFFFFFFFF2E
:1012D000FFFFFFFFFFFFFFFFFFFFFFFFFFFFFFFF1E
:1012E000FFFFFFFFFFFFFFFFFFFFFFFFFFFFFFFF0E
:1012F000FFFFFFFFFFFFFFFFFFFFFFFFFFFFFFFFFE
:10130000FFFFFFFFFFFFFFFFFFFFFFFFFFFFFFFFED
:10131000FFFFFFFFFFFFFFFFFFFFFFFFFFFFFFFFDD
:10132000FFFFFFFFFFFFFFFFFFFFFFFFFFFFFFFFCD
:10133000FFFFFFFFFFFFFFFFFFFFFFFFFFFFFFFFBD
:10134000FFFFFFFFFFFFFFFFFFFFFFFFFFFFFFFFAD
:10135000FFFFFFFFFFFFFFFFFFFFFFFFFFFFFFFF9D
:10136000FFFFFFFFFFFFFFFFFFFFFFFFFFFFFFFF8D
:10137000FFFFFFFFFFFFFFFFFFFFFFFFFFFFFFFF7D
:10138000FFFFFFFFFFFFFFFFFFFFFFFFFFFFFFFF6D
:10139000FFFFFFFFFFFFFFFFFFFFFFFFFFFFFFFF5D
:1013A000FFFFFFFFFFFFFFFFFFFFFFFFFFFFFFFF4D
:1013B000FFFFFFFFFFFFFFFFFFFFFFFFFFFFFFFF3D
:1013C000FFFFFFFFFFFFFFFFFFFFFFFFFFFFFFFF2D
:1013D000FFFFFFFFFFFFFFFFFFFFFFFFFFFFFFFF1D
:1013E000FFFFFFFFFFFFFFFFFFFFFFFFFFFFFFFF0D
:1013F000FFFFFFFFFFFFFFFFFFFFFFFFFFFFFFFFFD
:10140000814205D051F8043B40F8043B8242F9D8B0
:10141000704700BF044A05494FF0000342F8043BFF
:101420009142FBD8704700BFC04E012000E0012070
:101430002DE98848BFF34F8F00BF00BF00BF00BF3A
:1014400000F000FA684B0822C3F8542100BF00BF27
:1014500000BF00BF00BF00BF00BF00BF00BF00BF94
:1014600000BF00BF00BF00BF00BF00BF5F4A6049B0
:101470006048FFF7C5FF604A60496148FFF7C0FF59
:10148000604CFFF7C7FF4FF470004FF0E0210023DE
:101490005D4AC1F8880D44F823200133B02BFAD1FE
:1014A0005A4B80215A4A03F8011B9342FBD14FF05B
:1014B000E0254D4E4FF08039DFF884B1DFF884A18C
:1014C0004FF0FF31C5F8084D0027C6F80491C6F863
:1014D00000B1C6F8F490C6F8F0A0D5F8243DDFF8C6
:1014E000688143F4E0234B4AC5F8243DD8F81C300A
:1014F00023F07F0343F04003C8F81C30D8F82430B1
:1015000023F07F0343F04003C8F824309166D1668E
:101510001167516700F09EF93F4B4049A363404B70
:10152000E36363236B610323AF612B613D4BC5F81C
:10153000203DD5F8FC3D43F08073C5F8FC3D3A4BA7
:101540001A6842F001021A605B680B6000F0CCFB85
:10155000C6F804913548C6F800B1C6F8F490C6F84C
:10156000F0A000F031FDD8F86C10314B314A41F455
:101570004051C8F86C101F60C3F80871C3F81871A7
:10158000C3F82871C3F83871936BDB0708D442F6AF
:101590001563294951651365936B43F00103936308
:1015A000244A264C936843F00113936000F0DAF963
:1015B00000F01EF900F020FD00F0C4FB00F044F93B
:1015C0002368132BFCD900F055FC2368B3F5967FF4
:1015D000FBD300F03DF900F039F900F009FD00F00F
:1015E000EFFC30BFFDE700BF00800D40D8B7020020
:1015F0000022006000000000C04E0120DCD9026023
:1016000000000020004C0120210C020000E400E05A
:10161000A0E400E000C00A404120020034DF0120C5
:101620004520020000002020001000E00046C323F7
:101630000040084000400D400000C05638DF012047
:101640001B1018200C0D111300C00F40054B4FF458
:101650002A01054A05485A641864054A9963954663
:10166000FFF7E6FE00C00A40FFAFAAAA070020006D
:101670000000052043690A4A03EB011010B4037A05
:10168000084C02EB0313D3E901321460C2681A60FC
:1016900003690BB142691A605DF8044B704700BFE3
:1016A000A033002061F801004369027E03EB0212BF
:1016B00092F808C08C451CD01A7AFF2A19D09142A2
:1016C00010B5044616D01A7EFF2A06D00121D3E9B0
:1016D000002312681A4201D1217610BD064B052263
:1016E000204603EB0C135B681A60FFF7C3FF2176FB
:1016F000F3E770470021EAE7A033002043690A4A74
:1017000003EB011010B490F82830084C02EB0313DF
:10171000D3E901321460C26A1A60036B0BB1426BE9
:101720001A605DF8044B7047A033002061F8010097
:101730004369427E03EB021292F828C08C451ED00A
:1017400093F82820FF2A1AD0914210B5044617D0EA
:1017500093F83820FF2A06D00121D3E9002312682C
:101760001A4201D1617610BD064B0522204603EBDB
:101770000C135B681A60FFF7C1FF6176F3E77047EF
:101780000021EAE7A0330020164942698B6B23F45D
:101790007C0343F4802370B58B630446124DD2E979
:1017A00000130A681A4303690A60022200211A61C1
:1017B0000E4A19619A6401225A629D624FF43035D3
:1017C000DD624FF001159E6C1E6519629D651A6100
:1017D000017EFFF74FFF617E2046BDE87040FFF7B6
:1017E0008DBF00BF00C00F40B80B05053B3728195F
:1017F000104BA020104AD96E41F4403110B4D96684
:1018000040F23764D96E41F44071D96654649064F3
:10181000936C1B06FCD4094A40F23761A023516443
:101820009364936C13F08003FBD1054A13705DF849
:10183000044B704700C00F4000400C4000800C403B
:1018400098DF0120704700BF704700BF704700BF9E
:1018500000BF704710B44FF0E0230021102431483E
:10186000C3F8941DC3F89C4D1124C3F8A00D2E4855
:10187000C3F89C4D1224C3F8A00D2C48C3F89C4D0E
:101880002B4AC3F8A00D2B4C42F015022A48C3F88E
:101890009C4DC3F8A00D294C2948C3F89C4DC3F8B2
:1018A000A00D284CC3F89C2D2748284AC3F8A04D0A
:1018B000C3F89C0DC3F8A02D02F5A022244C0C32D5
:1018C0002448C3F89C4DC3F8A02D234AC3F89C0DAF
:1018D000224CC3F8A02D02F14062C3F89C4D204871
:1018E000C3F8A02D0C32C3F89C0DC3F8A02D00BF87
:1018F00000BF00BF00BF00BF0122C3F8942DBFF39B
:101900004F8FBFF36F8FC3F8501FBFF34F8FBFF3DD
:101910006F8FD3F8142D5DF8044B42F44032C3F8B6
:10192000142D70473F000010250008070900100023
:1019300000E0012013002000210002071400002015
:1019400025000813090000101600202027000B13A3
:1019500017000040180000602F000B0719000070EE
:101960001A000080F0B5B84B1822B84E0120B84FCD
:1019700083B0C3F85C62B749C3F86072B64DC3F870
:101980006462A6F53046B54CC3F86862C3F86C5281
:10199000C3F87052C3F87452C3F8785248F20C7509
:1019A000DA661A675A679A67DA67C3F88020C3F85D
:1019B0008420C3F88820C1F82C03A94AC1F8300359
:1019C000C1F83403C1F83803C1F83C03C1F850032F
:1019D000A169A44B0A40A448A4491343A44AA361A3
:1019E000D4F8843043F00C03C4F884304FF0FF3453
:1019F000036843F00203036003682B404FF4005573
:101A00001A439C4B026044608A689B4C13409B4A7B
:101A100043F000538360C36823F07803C360036A14
:101A2000134023430362036A1340954A2343954CB2
:101A300043628262C2620022D1F8B83023F03F03D1
:101A400043F00103C0F8B830D1F8BC308E4923F020
:101A50003F0343F00103C0F8BC3040F2056302616C
:101A600005660467C0F88030456644670224C0F804
:101A70008430036823F0020303608161834B84494F
:101A8000C46143F8042B8B42FBD1774A136843F0BF
:101A900001031360136813F00103FBD17A4802219C
:101AA00040F2F564906140F29940D16140F26641A4
:101AB000C2F8004242F20144C2F810127549C2F85D
:101AC0002002C2F8301240F235417348C2F8344265
:101AD000C2F84012714CC2F8500242F20120704923
:101AE000C2F854120121C2F86042C2F864025E4892
:101AF000C2F8A030C2F8A430C2F8B0104369DA07C7
:101B0000FCD5012300244FF4803257494361C0F8CB
:101B1000A040C0F8A420C0F8B0304B69DB07FCD56A
:101B2000012300244FF400304F4A4B61C1F8A0401C
:101B3000C1F8A400C1F8B0305369DF07FCD5012318
:101B40000024584848495361C2F8A040C2F8A40094
:101B5000C2F8B0304B69DE07FCD5D1F8003145F64C
:101B60000D5221209BB24861934265D100244FF46D
:101B7000802201233C48C1F8A040C1F8A420C1F84C
:101B8000B0304369DD07FCD501234FF40004002188
:101B9000354A4361C0F8A040C0F8A410C0F8B03086
:101BA0005369DC07FCD501234FF400044FF4803067
:101BB0002D495361C2F8A040C2F8A400C2F8B03069
:101BC0004B69D807FCD501234FF400044FF40030D3
:101BD000254A4B61C1F8A040C1F8A400C1F8B0305B
:101BE0005369D907FCD501234FF400042D481E4941
:101BF0005361C2F8A040C2F8A400C2F8B0304B69EB
:101C0000DA07FCD5D1F8003145F60D5221209BB200
:101C10004861934250D008254FF400042249002027
:101C2000224B234A009015705A1A0123214822445E
:101C300000F0D6F903B0F0BD1E4B0022C3E900222C
:101C4000C3E9022203B0F0BD00801F40F9B00100DB
:101C5000F910010000841F40F970010000C00F401E
:101C6000FFFCFF1F000300A000402A4000802A4024
:101C70001200FFFFFF37F7004000008000FFF07CFC
:101C8000FF000F8363000200F05AF05A00422A401E
:101C900000432A409F041830EB06180A3806180A39
:101CA00006320126040003000000007000000070EE
:101CB00099DF0120E8DA01204FF400044FF480227C
:101CC00001230848C1F8A040C1F8A420C1F8B030F1
:101CD0004369DB07FCD5012310254FF08074436175
:101CE0009CE700BF00402A40F0B4154A40274FF45B
:101CF00080314FF480564FF400554FF4404443F286
:101D00004200136913F0020F0ED113F4005F0FD0DD
:101D100013F4805F0ED0002BF3DA13F4803F0BD165
:101D20005B060BD5F0BC7047946151619061E8E7A8
:101D30005561E6E75661E4E79161E2E75761E0E764
:101D400000800D403F4A03203F49F3EE095AD2F884
:101D500080304FF0000C9FED3D6A23F001039FEDB2
:101D60003C5A30B4C2F88030C2F89000D1F8E0108C
:101D7000384DCBB2384C39482B6007EE903A0B0DFA
:101D8000C1F30B21F8EEE77A06EE903A07EE101A4F
:101D9000334BB8EEC77A2160F8EEE66A314937EE88
:101DA000C66A37EEC55A76EEC76A77EEE57A26EE52
:101DB000266AC3ED006A25EE265AD2F8803067EE17
:101DC000A64AC0ED007AC6EE275A274885EE276A54
:101DD000C4EEA76A75EE875AFCEEE55A36EE076A3E
:101DE00015EE904ABCEEC66A43EA045376EE877A53
:101DF000C2F8803016EE103AD2F89041FCEEE77A45
:101E000001EA0341214317EE903AC2F89011C3F35F
:101E10000B03D2F890110B431449C2F89031D2F859
:101E2000803043F00203C2F88030114B80F840C08C
:101E3000C1F840314FF0E023012230BCC3F8082143
:101E4000704700BF00810D4000441F400000AA42BF
:101E50000000B44258DE012054DE01205CDE012087
:101E600068DE01200000FF0F00E400E0004C0120CC
:101E7000090E0200314B40F6617210B5C3F8202103
:101E800040F2044400F0A8F82D4A2E49D2F88030E0
:101E90002D4843F00303C2F880302C4BC1F8604159
:101EA00002681A4203D1D1F8A8319A071BD0254AFB
:101EB0004FF00041244B5963D2F8403143F0020304
:101EC000C2F84031D2F840319B07FBD44FF40030C8
:101ED0004FF0E0211C4B4FF00042C1F88C0219205A
:101EE0009A6300F075F8184A4FF08040154C0021B5
:101EF00090630A20164B11604FF42072C4F8A801B9
:101F0000184600F071F84FF4800203464FF4810048
:101F100040F243111860C4F858311A640D4B0E4A50
:101F2000C4F84811C3F804224FF0E0224FF4003106
:101F30000123C2F80C11C4F8403110BD00800D40DF
:101F400000C00F4000002E4000900D40001C1E00FD
:101F500000000020004C0120F10F020008B50E4BDC
:101F60001B6E9B0700D4FBBE72B60C4B00200C4AC4
:101F7000C3F8400103F160430A49A3F55F231164EC
:101F80009D46BFF34F8F4FF400130748074ADB69A4
:101F900002609B68984700BF00441F4000002E402D
:101FA00000C00A400300200000802020000012EB47
:101FB000F8B500BFF8BC08BC9E46704700000000A2
:101FC0005FF800F03D0202005FF800F049F8010000
:101FD0005FF800F039FB01005FF800F061170200C4
:101FE0005FF800F0D52002005FF800F02149020000
:101FF0005FF800F0F95002005FF800F02D0B0200CE
:082000006904000005A10000C5
:1020080080C00F400000000319000000100000000D
:10201800E8841F4001000000FF000000FF000000EE
:102028000000000000000000180000001000000080
:10203800E4841F4001000000FF000000FF000000D2
:1020480000000000000000001F000000D5C10000D3
:1020580070C00F40000C00001100000011000000CB
:10206800E0841F40020000002C0000001200000065
:10207800E0841F4001000000100000001100000073
:10208800DC841F40020000002D0000001200000048
:10209800DC841F40010000001E000000C9C10000D0
:1020A80070C00F40C00000001200000013000000C4
:1020B800D0841F4001000000FF000000FF00000066
:1020C80000000000000000001300000013000000E2
:1020D800CC841F4001000000FF000000FF0000004A
:1020E80000000000000000001C000000BDC100004E
:1020F800160355005300420020005300650072008B
:10210800690061006C000000180354006500650058
:102118006E00730079006400750069006E006F003E
:102128000403090409026200030100C032080B001D
:102138000202020100090400000102020100052454
:1021480000100105240101010424020605240600EB
:10215800010705820310001009040100020A0000AB
:10216800000705030240000007058402400000093B
:1021780004020002FF6AFF00070581024000010710
:10218800050102400001000009026200030100C0CD
:1021980032080B00020202010009040000010202D9
:1021A8000100052400100105240101010424020690
:1021B8000524060001070582031000050904010033
:1021C800020A000000070503020002000705840256
:1021D8000002000904020002FF6AC7000705810225
:1021E8000002010705010200020100000A060002C0
:0821F800EF02014001000000AC
:1022000000000000000000000000000000000000CE
:1022100000000000000000000000000000000000BE
:102220000A49D1E900231344824298BF984234BF3F
:102230000123002308D28B68801AB0FBF3F203FB62
:102240001200B0FA80F35B0918467047204701205E
:102250000346024A00201A60704700BF4441012033
:102260000120704770B5054608460E46FFF7D8FFB7
:1022700038B34FF400121C4B2946D0691A68006924
:102280009B68B21A04690020A047184BB0FA80F48A
:1022900005461B686409022B01DC204670BD41F233
:1022A0004E721349134B032007F096F9124B134A51
:1022B00031461348002D08BF1A4607F0D3F92046CF
:1022C00070BD0A4B04461B68002BE6DD094B41F24A
:1022D00046720749012007F07FF93146094807F0A7
:1022E000C1F9204670BD00BF204701202C460120C7
:1022F000D8630020982C0020FC5B0020005C0020AC
:10230000285C0020085C002001231A46013B002ABB
:10231000FBD17047064908B5D1F8E0309A0705D4DB
:10232000FFF7F2FFD1F8E0309B07F9D508BD00BFF9
:1023300000802A402DE9F04F2DED028BADF5077D91
:10234000044600AF07F11803F9607A607B6172B64A
:1023500007F11400FFF77CFF002847D16F4E7A6821
:10236000F368B2FBF3F503FB1525002D4CD1336860
:10237000A34200F2A780FB687A689A189342BA6079
:1023800080F0BA801D461FE03368FA68A4EB0309A9
:1023900093424BD94FF4001341464A46D8692B4625
:1023A0000069D0F808800020C047F368B0FA80FACE
:1023B0001D444FEA5A1A1C44BB68AB4294BF002329
:1023C0000AF00103002B61D02046FFF729FFD7F860
:1023D00014800028D8D021464046FFF743FF8246AC
:1023E0000028D1D14E4B1B68022B7CDC4FF0000A39
:1023F0004C4B1B7803B962B6504607F50777BD46CC
:10240000BDEC028BBDE8F08F454B1B68002BEDDD6A
:10241000454B41F26B7245498246012007F0DCF8DA
:10242000F2687968424807F01DF9E1E76B46F06809
:1024300008EE103A20F00303800803F1070323F0AD
:102440000703ADEB030D6B4607EE903A0ED005EB9C
:102450008000A5F1040BA3F1040A0438FFF75AFF2A
:102460005BF8043F58454AF8043FF7D14FF4001099
:1024700017EE903A41464A46C0690069D0F8088094
:102480000020C04718EE103A9D468EE7244B804648
:102490001B68022BACDD244B41F2957223490320CB
:1024A00007F09AF8B8F1000F224A234B12BF4FF001
:1024B000000A4FF0010A1346224679681F4807F0C8
:1024C000D1F895E7164B1B68002B8FDD164B41F2B8
:1024D0006F720120154907F07FF821461848AA4677
:1024E00007F0C0F884E7104B41F295720F490320C2
:1024F00007F072F8104BDFE7094B1B68022B02DC78
:102500004FF0010A74E7084B41F295720749032026
:1025100007F062F84FF0010A064BCDE72047012093
:102520002C460120B0DF0120A42C0020D86300201D
:102530004C5C0020FC5B0020005C0020885C0020DC
:10254000685C0020B2B12DE9F041074688461D467F
:102550001646002408EB040138192C442A46FFF7DC
:10256000E9FEA642F6D84FF0E023054AC3F80C2D49
:10257000BDE8F0814FF0E023014AC3F80C2D70470D
:102580000400FA05F8B54FF084439D695A69154077
:102590000DD0254F01269D6195FAA5F4B4FA84F477
:1025A00057F8243006FA04F49847A543F4D11F4B9A
:1025B0009D695A6915400DD01D4F01269D6195FA00
:1025C000A5F4B4FA84F457F8243006FA04F49847D2
:1025D000A543F4D1174B9D695A6915400DD0164F8C
:1025E00001269D6195FAA5F4B4FA84F457F82430D5
:1025F00006FA04F49847A543F4D1104B9D695A6933
:1026000015400DD00E4F01269D6195FAA5F4B4FA40
:1026100084F457F8243006FA04F49847A543F4D11B
:10262000BFF34F8FF8BD00BFA84301200040004218
:102630002844012000800042A844012000C000423C
:10264000284501200548064B1B1AD90F01EBA301B1
:10265000491002D0034B03B118477047C04E012008
:10266000C04E01200000000008B5054B1BB1054914
:102670000548AFF30080BDE80840FFF7E3BF00BFA7
:10268000000000009CDD012000380460704700BF9E
:10269000704700BF704700BF00207047034B1868A9
:1026A00010B103681B681847704700BF94D501201C
:1026B0004FF0E023014AC3F80C2D70470400FA05DF
:1026C000002070472DE9F04100F5804090B0574C54
:1026D0009646574B0094C0F860121B6A5548C3F3E6
:1026E00001230468403304F080746B4413F8406C99
:1026F000514B03FB06F60368B6FBF1F2B6FBF2F5AD
:1027000043F0A0434D1B03600368DF01FCD5052A9D
:102710004FF0000C2AD96046831C0130B2FBF3F75E
:10272000192F07FB03F3F7D84FF00108B6FBF3F3BB
:10273000CB1A002BB8BF5B42AB420BDBA7F10C03FB
:1027400018BF4FF00008062B0AD8B8F1000F07D0C9
:102750008446E1E71D46A7F10C038446062BF4D915
:10276000052FD9D80CF10103B2FBF3F2B5F5967F32
:10277000A2F105024CDC142A4AD802EB42022F4F88
:102780006E46DFF8B08002F14003BEF1020F0DEBA0
:1027900003050FCF0FC60FCF0FC60FCF0FC697E899
:1027A0000F0007C626F8023B4FEA1343337015F8B3
:1027B0003F3C15F83E2C4FEAC34315F8401C4FEA46
:1027C000024203F4601301F0070102F4E02243EA3D
:1027D000020343EA010343F4800343EA0C6343F436
:1027E0008043C8F80430D8F8043014BF23F008033D
:1027F00043F00803C8F804303CB90E4A136823F0CC
:10280000805313601368DB01FCD410B0BDE8F08185
:10281000002CFAD1074A136823F080531360136821
:10282000D901FCD410B0BDE8F08100BF3C185000C5
:1028300000C00F4000801D4040420F0048060020AD
:102840000020704700207047082070470346104A58
:10285000102110B590B0DC78029407A89C78019400
:102860005C78009405AC1B7813F020FD002307A9C9
:1028700020460F93CDE90B33CDE90D3316F0A0FBC5
:102880000BAA94E8030017F0D7FC0B9810B010BD0A
:10289000D423002010B5002184B0064C4FF4FA7206
:1028A000002300910448CDE9014113F051F904B02F
:1028B00010BD00BFB1040000F8DA012010490B6818
:1028C000486B0A68496B02F07F02C1F30361013271
:1028D0000431B2EB410F10D303F07F03C0F3036068
:1028E000053B0130A3EB4003DBB2054A106800F062
:1028F0007F000130C01AC0B270470023F5E700BF67
:1029000000801D4030B585B086460DF1040C8CE882
:102910000E0090F86E5090F86F402B190A2B01D9D9
:102920000B3B9BB2DAB263460B2C02EB820203CB69
:102930000EEB420C1B884EF81200CCF80410ACF8D9
:10294000083004D001348EF86F4005B030BD013539
:10295000EDB20B2D03D08EF86E5005B030BD0023C4
:102960008EF86E3005B030BD90F86F3093B1934261
:1029700010D390F86E301A440A2A88BF0B3A02EB43
:10298000820200EB420350F812005A6808604A6065
:102990001B890B81704700BF69B170B505460846B9
:1029A0000C4624F00DFF2B680246214628465B6842
:1029B000BDE8704018477047F8B5064600F11605A7
:1029C00000F12207EC1E14F8011F012300223046FB
:1029D0000BF0A6FEAC42F6D1E51CBD42F2D130466A
:1029E000F8BD00BF2DE9F84F18212048DFF8888096
:1029F00001244FF0000B1E4EDFF880A01D4FDFF8C2
:102A0000809021F011FB01E018F801BF33685A46AD
:102A1000514638461D1995F838502B445B7C1EF002
:102A200017FD31680C2238460B1993F8383002FB39
:102A3000031154311EF0BEFC35685946002205EBE7
:102A4000040C95F83330013448469CF838C065448E
:102A50006D7CEB1A18BF01230BF062FE072CD3D15B
:102A60000448BDE8F84F1EF0D7BC00BFF02000209E
:102A7000ACDB012030330120CC2300200C210020CE
:102A8000B4DD01202DE9F041144C94F89850C5F1C3
:102A90009605002D01DCBDE8F08194F895600027D3
:102AA00094F8961026440E48013196F8018021448E
:102AB000777024F0C3FD042D86F80180EBDD94F8D7
:102AC000915094F892102544064801316E782144C3
:102AD0006F7024F0B3FD6E70BDE8F081B4DC0120AE
:102AE00008D3012014D3012008B5074B1B7803B984
:102AF00008BD5821054821F097FA054B054819787B
:102B0000BDE808401EF07CBCB2DF01207419002033
:102B1000B4DC01203033012010B5114C0A460146C7
:102B2000206814F003FD98B91A210E4821F07CFAB0
:102B30000D481EF071FC1FF053F90C4B1A7B22B1AB
:102B4000D3E90021521A02441A6000221A7310BD00
:102B500020680021026D483012F08AFAEBE700BFCE
:102B6000FCDE0120D019002030330120F4D20120F6
:102B700038B50D4604461FF033F9084A084B0121C9
:102B8000D26B586092F884201973042A00D038BDA3
:102B900029462046BDE83840FFF7BEBFF8DA0120DD
:102BA000F4D2012038B5044649B108460D4624F058
:102BB00007FE2368024629465B6820469847204660
:102BC000BDE838401EF028BC2DE9F84305460F4605
:102BD00026480421144621F027FA00231022E97820
:102BE00023481EF043FC0121224821F01DFAE97818
:102BF00000230A221E481EF039FC02211E4821F043
:102C000013FA34B1204624F0DBFD0146204621F0C2
:102C10000BFA204624F0D4FDC4B2132C08D8174E6A
:102C2000013401213046E4B221F0FEF9142CF7D131
:102C30007E1E3A4612490E481EF00AFC042E12DD92
:102C40000424DFF84090DFF828800C4F2A5D01341F
:102C500049464046E4B21EF0FBFB0121384621F014
:102C6000E3F9B442F2DBBDE8F88300BF542600204C
:102C7000303301205C260020602600200850002010
:102C800064260020702600200729026C10B5044637
:102C9000ADF5147D08D0002104F138000DF5147D48
:102CA000BDE8104012F0E4B9531EB3F5107FF2D224
:102CB000816B04A803921FF0C9FB039A114B1146C4
:102CC00011480A22019004A800925A1F1DF094FD99
:102CD000024604A9204692B2039214F027FC039AFC
:102CE00030B1002104F1480012F0C2F9226CD2E7A1
:102CF0001321064821F098F905481EF08DFB039A30
:102D0000EFE700BF814601208417002094170020C0
:102D100030330120044BDB6B93F88430042B01D15A
:102D2000FFF7B2BF704700BFF8DA0120254BD3F898
:102D3000C020D2E90010D3680968006810B41842B6
:102D4000946801EA040134D0137C03F0030309BB47
:102D500043F008039908013B11740D2B0ED8DFE8EE
:102D600003F0100722070D1C10101C0D072207107E
:102D70005169137E01390133516113765DF8044BBB
:102D80007047137E51690133013113765DF8044BAE
:102D90005161704743F00403DAE753695DF8044B6F
:102DA000C83B5361704753695DF8044BC8335361A6
:102DB0007047137C03F003030029CBD043F00403D6
:102DC000C8E700BFC8D50120254BD3F8C420D2E9FD
:102DD0000010D3680968006810B41842946801EACA
:102DE000040134D0137C03F0030309BB43F0080350
:102DF0009908013B11740D2B0ED8DFE803F0100782
:102E000022070D1C10101C0D072207105169137E9C
:102E100001390133516113765DF8044B7047137E1D
:102E200051690133013113765DF8044B51617047EC
:102E300043F00403DAE753695DF8044BC83B536180
:102E4000704753695DF8044BC83353617047137C76
:102E500003F003030029CBD043F00403C8E700BF0D
:102E6000C8D50120254BD3F8C820D2E90010D3687B
:102E70000968006810B41842946801EA040134D06B
:102E8000137C03F0030309BB43F008039908013BDB
:102E900011740D2B0ED8DFE803F0100722070D1C6C
:102EA00010101C0D072207105169137E01390133E0
:102EB000516113765DF8044B7047137E51690133FD
:102EC000013113765DF8044B5161704743F0040300
:102ED000DAE753695DF8044BC83B536170475369A7
:102EE0005DF8044BC83353617047137C03F0030350
:102EF0000029CBD043F00403C8E700BFC8D50120A8
:102F0000254BD3F88020D2E90010D3680968006807
:102F100010B41842946801EA040134D0137C03F021
:102F2000030309BB43F008039908013B11740D2BFF
:102F30000ED8DFE803F0100722070D1C10101C0D3F
:102F4000072207105169137E01390133516113764D
:102F50005DF8044B7047137E5169013301311376DC
:102F60005DF8044B5161704743F00403DAE753699D
:102F70005DF8044BC83B5361704753695DF8044BDF
:102F8000C83353617047137C03F003030029CBD08F
:102F900043F00403C8E700BFC8D50120254BD3F890
:102FA000CC20D2E90010D3680968006810B4184238
:102FB000946801EA040134D0137C03F0030309BBD5
:102FC00043F008039908013B11740D2B0ED8DFE87C
:102FD00003F0100722070D1C10101C0D072207100C
:102FE0005169137E01390133516113765DF8044B49
:102FF0007047137E51690133013113765DF8044B3C
:103000005161704743F00403DAE753695DF8044BFC
:10301000C83B5361704753695DF8044BC833536133
:103020007047137C03F003030029CBD043F0040363
:10303000C8E700BFC8D50120254BD3F8A020D2E9AE
:103040000010D3680968006810B41842946801EA57
:10305000040134D0137C03F0030309BB43F00803DD
:103060009908013B11740D2B0ED8DFE803F010070F
:1030700022070D1C10101C0D072207105169137E2A
:1030800001390133516113765DF8044B7047137EAB
:1030900051690133013113765DF8044B516170477A
:1030A00043F00403DAE753695DF8044BC83B53610E
:1030B000704753695DF8044BC83353617047137C04
:1030C00003F003030029CBD043F00403C8E700BF9B
:1030D000C8D50120254BD3F8D020D2E90010D36801
:1030E0000968006810B41842946801EA040134D0F9
:1030F000137C03F0030309BB43F008039908013B69
:1031000011740D2B0ED8DFE803F0100722070D1CF9
:1031100010101C0D072207105169137E013901336D
:10312000516113765DF8044B7047137E516901338A
:10313000013113765DF8044B5161704743F004038D
:10314000DAE753695DF8044BC83B53617047536934
:103150005DF8044BC83353617047137C03F00303DD
:103160000029CBD043F00403C8E700BFC8D5012035
:10317000254BD3F8B820D2E90010D368096800685D
:1031800010B41842946801EA040134D0137C03F0AF
:10319000030309BB43F008039908013B11740D2B8D
:1031A0000ED8DFE803F0100722070D1C10101C0DCD
:1031B000072207105169137E0139013351611376DB
:1031C0005DF8044B7047137E51690133013113766A
:1031D0005DF8044B5161704743F00403DAE753692B
:1031E0005DF8044BC83B5361704753695DF8044B6D
:1031F000C83353617047137C03F003030029CBD01D
:1032000043F00403C8E700BFC8D50120254BD3F81D
:10321000B020D2E90010D3680968006810B41842E1
:10322000946801EA040134D0137C03F0030309BB62
:1032300043F008039908013B11740D2B0ED8DFE809
:1032400003F0100722070D1C10101C0D0722071099
:103250005169137E01390133516113765DF8044BD6
:103260007047137E51690133013113765DF8044BC9
:103270005161704743F00403DAE753695DF8044B8A
:10328000C83B5361704753695DF8044BC8335361C1
:103290007047137C03F003030029CBD043F00403F1
:1032A000C8E700BFC8D50120254BD3F8B420D2E928
:1032B0000010D3680968006810B41842946801EAE5
:1032C000040134D0137C03F0030309BB43F008036B
:1032D0009908013B11740D2B0ED8DFE803F010079D
:1032E00022070D1C10101C0D072207105169137EB8
:1032F00001390133516113765DF8044B7047137E39
:1033000051690133013113765DF8044B5161704707
:1033100043F00403DAE753695DF8044BC83B53619B
:10332000704753695DF8044BC83353617047137C91
:1033300003F003030029CBD043F00403C8E700BF28
:10334000C8D50120254BD3F8D420D2E90010D3688A
:103350000968006810B41842946801EA040134D086
:10336000137C03F0030309BB43F008039908013BF6
:1033700011740D2B0ED8DFE803F0100722070D1C87
:1033800010101C0D072207105169137E01390133FB
:10339000516113765DF8044B7047137E5169013318
:1033A000013113765DF8044B5161704743F004031B
:1033B000DAE753695DF8044BC83B536170475369C2
:1033C0005DF8044BC83353617047137C03F003036B
:1033D0000029CBD043F00403C8E700BFC8D50120C3
:1033E000254BD3F8A420D2E90010D36809680068FF
:1033F00010B41842946801EA040134D0137C03F03D
:10340000030309BB43F008039908013B11740D2B1A
:103410000ED8DFE803F0100722070D1C10101C0D5A
:10342000072207105169137E013901335161137668
:103430005DF8044B7047137E5169013301311376F7
:103440005DF8044B5161704743F00403DAE75369B8
:103450005DF8044BC83B5361704753695DF8044BFA
:10346000C83353617047137C03F003030029CBD0AA
:1034700043F00403C8E700BFC8D50120254BD3F8AB
:10348000A820D2E90010D3680968006810B4184277
:10349000946801EA040134D0137C03F0030309BBF0
:1034A00043F008039908013B11740D2B0ED8DFE897
:1034B00003F0100722070D1C10101C0D0722071027
:1034C0005169137E01390133516113765DF8044B64
:1034D0007047137E51690133013113765DF8044B57
:1034E0005161704743F00403DAE753695DF8044B18
:1034F000C83B5361704753695DF8044BC83353614F
:103500007047137C03F003030029CBD043F004037E
:10351000C8E700BFC8D50120254BD3F8AC20D2E9BD
:103520000010D3680968006810B41842946801EA72
:10353000040134D0137C03F0030309BB43F00803F8
:103540009908013B11740D2B0ED8DFE803F010072A
:1035500022070D1C10101C0D072207105169137E45
:1035600001390133516113765DF8044B7047137EC6
:1035700051690133013113765DF8044B5161704795
:1035800043F00403DAE753695DF8044BC83B536129
:10359000704753695DF8044BC83353617047137C1F
:1035A00003F003030029CBD043F00403C8E700BFB6
:1035B000C8D50120254BD3F8D820D2E90010D36814
:1035C0000968006810B41842946801EA040134D014
:1035D000137C03F0030309BB43F008039908013B84
:1035E00011740D2B0ED8DFE803F0100722070D1C15
:1035F00010101C0D072207105169137E0139013389
:10360000516113765DF8044B7047137E51690133A5
:10361000013113765DF8044B5161704743F00403A8
:10362000DAE753695DF8044BC83B5361704753694F
:103630005DF8044BC83353617047137C03F00303F8
:103640000029CBD043F00403C8E700BFC8D5012050
:10365000254BD3F88420D2E90010D36809680068AC
:1036600010B41842946801EA040134D0137C03F0CA
:10367000030309BB43F008039908013B11740D2BA8
:103680000ED8DFE803F0100722070D1C10101C0DE8
:10369000072207105169137E0139013351611376F6
:1036A0005DF8044B7047137E516901330131137685
:1036B0005DF8044B5161704743F00403DAE7536946
:1036C0005DF8044BC83B5361704753695DF8044B88
:1036D000C83353617047137C03F003030029CBD038
:1036E00043F00403C8E700BFC8D50120254BD3F839
:1036F0008820D2E90010D3680968006810B4184225
:10370000946801EA040134D0137C03F0030309BB7D
:1037100043F008039908013B11740D2B0ED8DFE824
:1037200003F0100722070D1C10101C0D07220710B4
:103730005169137E01390133516113765DF8044BF1
:103740007047137E51690133013113765DF8044BE4
:103750005161704743F00403DAE753695DF8044BA5
:10376000C83B5361704753695DF8044BC8335361DC
:103770007047137C03F003030029CBD043F004030C
:10378000C8E700BFC8D50120254BD3F88C20D2E96B
:103790000010D3680968006810B41842946801EA00
:1037A000040134D0137C03F0030309BB43F0080386
:1037B0009908013B11740D2B0ED8DFE803F01007B8
:1037C00022070D1C10101C0D072207105169137ED3
:1037D00001390133516113765DF8044B7047137E54
:1037E00051690133013113765DF8044B5161704723
:1037F00043F00403DAE753695DF8044BC83B5361B7
:10380000704753695DF8044BC83353617047137CAC
:1038100003F003030029CBD043F00403C8E700BF43
:10382000C8D50120254BD3F89020D2E90010D368E9
:103830000968006810B41842946801EA040134D0A1
:10384000137C03F0030309BB43F008039908013B11
:1038500011740D2B0ED8DFE803F0100722070D1CA2
:1038600010101C0D072207105169137E0139013316
:10387000516113765DF8044B7047137E5169013333
:10388000013113765DF8044B5161704743F0040336
:10389000DAE753695DF8044BC83B536170475369DD
:1038A0005DF8044BC83353617047137C03F0030386
:1038B0000029CBD043F00403C8E700BFC8D50120DE
:1038C000254BD3F89420D2E90010D368096800682A
:1038D00010B41842946801EA040134D0137C03F058
:1038E000030309BB43F008039908013B11740D2B36
:1038F0000ED8DFE803F0100722070D1C10101C0D76
:10390000072207105169137E013901335161137683
:103910005DF8044B7047137E516901330131137612
:103920005DF8044B5161704743F00403DAE75369D3
:103930005DF8044BC83B5361704753695DF8044B15
:10394000C83353617047137C03F003030029CBD0C5
:1039500043F00403C8E700BFC8D50120254BD3F8C6
:103960009820D2E90010D3680968006810B41842A2
:10397000946801EA040134D0137C03F0030309BB0B
:1039800043F008039908013B11740D2B0ED8DFE8B2
:1039900003F0100722070D1C10101C0D0722071042
:1039A0005169137E01390133516113765DF8044B7F
:1039B0007047137E51690133013113765DF8044B72
:1039C0005161704743F00403DAE753695DF8044B33
:1039D000C83B5361704753695DF8044BC83353616A
:1039E0007047137C03F003030029CBD043F004039A
:1039F000C8E700BFC8D50120254BD3F89C20D2E9E9
:103A00000010D3680968006810B41842946801EA8D
:103A1000040134D0137C03F0030309BB43F0080313
:103A20009908013B11740D2B0ED8DFE803F0100745
:103A300022070D1C10101C0D072207105169137E60
:103A400001390133516113765DF8044B7047137EE1
:103A500051690133013113765DF8044B51617047B0
:103A600043F00403DAE753695DF8044BC83B536144
:103A7000704753695DF8044BC83353617047137C3A
:103A800003F003030029CBD043F00403C8E700BFD1
:103A9000C8D50120254BD3F8BC20D2E90010D3684B
:103AA0000968006810B41842946801EA040134D02F
:103AB000137C03F0030309BB43F008039908013B9F
:103AC00011740D2B0ED8DFE803F0100722070D1C30
:103AD00010101C0D072207105169137E01390133A4
:103AE000516113765DF8044B7047137E51690133C1
:103AF000013113765DF8044B5161704743F00403C4
:103B0000DAE753695DF8044BC83B5361704753696A
:103B10005DF8044BC83353617047137C03F0030313
:103B20000029CBD043F00403C8E700BFC8D501206B
:103B3000244B9A6FD2E90010D3680968006810B46A
:103B40001842946801EA040134D0137C03F00303A3
:103B500009BB43F008039908013B11740D2B0ED8E3
:103B6000DFE803F0100722070D1C10101C0D0722C0
:103B700007105169137E01390133516113765DF8E5
:103B8000044B7047137E51690133013113765DF8A0
:103B9000044B5161704743F00403DAE753695DF861
:103BA000044BC83B5361704753695DF8044BC833FD
:103BB00053617047137C03F003030029CBD043F01B
:103BC0000403C8E7C8D50120244B1A6FD2E90010BE
:103BD000D3680968006810B41842946801EA0401C7
:103BE00034D0137C03F0030309BB43F008039908A6
:103BF000013B11740D2B0ED8DFE803F010072207EC
:103C00000D1C10101C0D072207105169137E01397D
:103C10000133516113765DF8044B7047137E51698F
:103C20000133013113765DF8044B5161704743F065
:103C30000403DAE753695DF8044BC83B53617047EE
:103C400053695DF8044BC83353617047137C03F02C
:103C500003030029CBD043F00403C8E7C8D50120F3
:103C6000244B5A6FD2E90010D3680968006810B479
:103C70001842946801EA040134D0137C03F0030372
:103C800009BB43F008039908013B11740D2B0ED8B2
:103C9000DFE803F0100722070D1C10101C0D07228F
:103CA00007105169137E01390133516113765DF8B4
:103CB000044B7047137E51690133013113765DF86F
:103CC000044B5161704743F00403DAE753695DF830
:103CD000044BC83B5361704753695DF8044BC833CC
:103CE00053617047137C03F003030029CBD043F0EA
:103CF0000403C8E7C8D50120244B1A6ED2E900108E
:103D0000D3680968006810B41842946801EA040195
:103D100034D0137C03F0030309BB43F00803990874
:103D2000013B11740D2B0ED8DFE803F010072207BA
:103D30000D1C10101C0D072207105169137E01394C
:103D40000133516113765DF8044B7047137E51695E
:103D50000133013113765DF8044B5161704743F034
:103D60000403DAE753695DF8044BC83B53617047BD
:103D700053695DF8044BC83353617047137C03F0FB
:103D800003030029CBD043F00403C8E7C8D50120C2
:103D9000244B5A6ED2E90010D3680968006810B449
:103DA0001842946801EA040134D0137C03F0030341
:103DB00009BB43F008039908013B11740D2B0ED881
:103DC000DFE803F0100722070D1C10101C0D07225E
:103DD00007105169137E01390133516113765DF883
:103DE000044B7047137E51690133013113765DF83E
:103DF000044B5161704743F00403DAE753695DF8FF
:103E0000044BC83B5361704753695DF8044BC8339A
:103E100053617047137C03F003030029CBD043F0B8
:103E20000403C8E7C8D50120244B9A6ED2E90010DC
:103E3000D3680968006810B41842946801EA040164
:103E400034D0137C03F0030309BB43F00803990843
:103E5000013B11740D2B0ED8DFE803F01007220789
:103E60000D1C10101C0D072207105169137E01391B
:103E70000133516113765DF8044B7047137E51692D
:103E80000133013113765DF8044B5161704743F003
:103E90000403DAE753695DF8044BC83B536170478C
:103EA00053695DF8044BC83353617047137C03F0CA
:103EB00003030029CBD043F00403C8E7C8D5012091
:103EC000244BDA6ED2E90010D3680968006810B498
:103ED0001842946801EA040134D0137C03F0030310
:103EE00009BB43F008039908013B11740D2B0ED850
:103EF000DFE803F0100722070D1C10101C0D07222D
:103F000007105169137E01390133516113765DF851
:103F1000044B7047137E51690133013113765DF80C
:103F2000044B5161704743F00403DAE753695DF8CD
:103F3000044BC83B5361704753695DF8044BC83369
:103F400053617047137C03F003030029CBD043F087
:103F50000403C8E7C8D50120244B1A6CD2E900102D
:103F6000D3680968006810B41842946801EA040133
:103F700034D0137C03F0030309BB43F00803990812
:103F8000013B11740D2B0ED8DFE803F01007220758
:103F90000D1C10101C0D072207105169137E0139EA
:103FA0000133516113765DF8044B7047137E5169FC
:103FB0000133013113765DF8044B5161704743F0D2
:103FC0000403DAE753695DF8044BC83B536170475B
:103FD00053695DF8044BC83353617047137C03F099
:103FE00003030029CBD043F00403C8E7C8D5012060
:103FF000244B5A6CD2E90010D3680968006810B4E9
:104000001842946801EA040134D0137C03F00303DE
:1040100009BB43F008039908013B11740D2B0ED81E
:10402000DFE803F0100722070D1C10101C0D0722FB
:1040300007105169137E01390133516113765DF820
:10404000044B7047137E51690133013113765DF8DB
:10405000044B5161704743F00403DAE753695DF89C
:10406000044BC83B5361704753695DF8044BC83338
:1040700053617047137C03F003030029CBD043F056
:104080000403C8E7C8D50120244B9A6CD2E900107C
:10409000D3680968006810B41842946801EA040102
:1040A00034D0137C03F0030309BB43F008039908E1
:1040B000013B11740D2B0ED8DFE803F01007220727
:1040C0000D1C10101C0D072207105169137E0139B9
:1040D0000133516113765DF8044B7047137E5169CB
:1040E0000133013113765DF8044B5161704743F0A1
:1040F0000403DAE753695DF8044BC83B536170472A
:1041000053695DF8044BC83353617047137C03F067
:1041100003030029CBD043F00403C8E7C8D501202E
:10412000244BDA6CD2E90010D3680968006810B437
:104130001842946801EA040134D0137C03F00303AD
:1041400009BB43F008039908013B11740D2B0ED8ED
:10415000DFE803F0100722070D1C10101C0D0722CA
:1041600007105169137E01390133516113765DF8EF
:10417000044B7047137E51690133013113765DF8AA
:10418000044B5161704743F00403DAE753695DF86B
:10419000044BC83B5361704753695DF8044BC83307
:1041A00053617047137C03F003030029CBD043F025
:1041B0000403C8E7C8D50120244B1A6DD2E90010CA
:1041C000D3680968006810B41842946801EA0401D1
:1041D00034D0137C03F0030309BB43F008039908B0
:1041E000013B11740D2B0ED8DFE803F010072207F6
:1041F0000D1C10101C0D072207105169137E013988
:104200000133516113765DF8044B7047137E516999
:104210000133013113765DF8044B5161704743F06F
:104220000403DAE753695DF8044BC83B53617047F8
:1042300053695DF8044BC83353617047137C03F036
:1042400003030029CBD043F00403C8E7C8D50120FD
:10425000244B5A6DD2E90010D3680968006810B485
:104260001842946801EA040134D0137C03F003037C
:1042700009BB43F008039908013B11740D2B0ED8BC
:10428000DFE803F0100722070D1C10101C0D072299
:1042900007105169137E01390133516113765DF8BE
:1042A000044B7047137E51690133013113765DF879
:1042B000044B5161704743F00403DAE753695DF83A
:1042C000044BC83B5361704753695DF8044BC833D6
:1042D00053617047137C03F003030029CBD043F0F4
:1042E0000403C8E7C8D50120244B9A6DD2E9001019
:1042F000D3680968006810B41842946801EA0401A0
:1043000034D0137C03F0030309BB43F0080399087E
:10431000013B11740D2B0ED8DFE803F010072207C4
:104320000D1C10101C0D072207105169137E013956
:104330000133516113765DF8044B7047137E516968
:104340000133013113765DF8044B5161704743F03E
:104350000403DAE753695DF8044BC83B53617047C7
:1043600053695DF8044BC83353617047137C03F005
:1043700003030029CBD043F00403C8E7C8D50120CC
:10438000244BDA6DD2E90010D3680968006810B4D4
:104390001842946801EA040134D0137C03F003034B
:1043A00009BB43F008039908013B11740D2B0ED88B
:1043B000DFE803F0100722070D1C10101C0D072268
:1043C00007105169137E01390133516113765DF88D
:1043D000044B7047137E51690133013113765DF848
:1043E000044B5161704743F00403DAE753695DF809
:1043F000044BC83B5361704753695DF8044BC833A5
:1044000053617047137C03F003030029CBD043F0C2
:104410000403C8E7C8D50120244B1A68D2E900106C
:10442000D3680968006810B41842946801EA04016E
:1044300034D0137C03F0030309BB43F0080399084D
:10444000013B11740D2B0ED8DFE803F01007220793
:104450000D1C10101C0D072207105169137E013925
:104460000133516113765DF8044B7047137E516937
:104470000133013113765DF8044B5161704743F00D
:104480000403DAE753695DF8044BC83B5361704796
:1044900053695DF8044BC83353617047137C03F0D4
:1044A00003030029CBD043F00403C8E7C8D501209B
:1044B000244B5A68D2E90010D3680968006810B428
:1044C0001842946801EA040134D0137C03F003031A
:1044D00009BB43F008039908013B11740D2B0ED85A
:1044E000DFE803F0100722070D1C10101C0D072237
:1044F00007105169137E01390133516113765DF85C
:10450000044B7047137E51690133013113765DF816
:10451000044B5161704743F00403DAE753695DF8D7
:10452000044BC83B5361704753695DF8044BC83373
:1045300053617047137C03F003030029CBD043F091
:104540000403C8E7C8D50120244B9A68D2E90010BB
:10455000D3680968006810B41842946801EA04013D
:1045600034D0137C03F0030309BB43F0080399081C
:10457000013B11740D2B0ED8DFE803F01007220762
:104580000D1C10101C0D072207105169137E0139F4
:104590000133516113765DF8044B7047137E516906
:1045A0000133013113765DF8044B5161704743F0DC
:1045B0000403DAE753695DF8044BC83B5361704765
:1045C00053695DF8044BC83353617047137C03F0A3
:1045D00003030029CBD043F00403C8E7C8D501206A
:1045E000244BDA68D2E90010D3680968006810B477
:1045F0001842946801EA040134D0137C03F00303E9
:1046000009BB43F008039908013B11740D2B0ED828
:10461000DFE803F0100722070D1C10101C0D072205
:1046200007105169137E01390133516113765DF82A
:10463000044B7047137E51690133013113765DF8E5
:10464000044B5161704743F00403DAE753695DF8A6
:10465000044BC83B5361704753695DF8044BC83342
:1046600053617047137C03F003030029CBD043F060
:104670000403C8E7C8D50120244B1A69D2E9001009
:10468000D3680968006810B41842946801EA04010C
:1046900034D0137C03F0030309BB43F008039908EB
:1046A000013B11740D2B0ED8DFE803F01007220731
:1046B0000D1C10101C0D072207105169137E0139C3
:1046C0000133516113765DF8044B7047137E5169D5
:1046D0000133013113765DF8044B5161704743F0AB
:1046E0000403DAE753695DF8044BC83B5361704734
:1046F00053695DF8044BC83353617047137C03F072
:1047000003030029CBD043F00403C8E7C8D5012038
:10471000244B5A69D2E90010D3680968006810B4C4
:104720001842946801EA040134D0137C03F00303B7
:1047300009BB43F008039908013B11740D2B0ED8F7
:10474000DFE803F0100722070D1C10101C0D0722D4
:1047500007105169137E01390133516113765DF8F9
:10476000044B7047137E51690133013113765DF8B4
:10477000044B5161704743F00403DAE753695DF875
:10478000044BC83B5361704753695DF8044BC83311
:1047900053617047137C03F003030029CBD043F02F
:1047A0000403C8E7C8D50120244B9A69D2E9001058
:1047B000D3680968006810B41842946801EA0401DB
:1047C00034D0137C03F0030309BB43F008039908BA
:1047D000013B11740D2B0ED8DFE803F01007220700
:1047E0000D1C10101C0D072207105169137E013992
:1047F0000133516113765DF8044B7047137E5169A4
:104800000133013113765DF8044B5161704743F079
:104810000403DAE753695DF8044BC83B5361704702
:1048200053695DF8044BC83353617047137C03F040
:1048300003030029CBD043F00403C8E7C8D5012007
:10484000244BDA69D2E90010D3680968006810B413
:104850001842946801EA040134D0137C03F0030386
:1048600009BB43F008039908013B11740D2B0ED8C6
:10487000DFE803F0100722070D1C10101C0D0722A3
:1048800007105169137E01390133516113765DF8C8
:10489000044B7047137E51690133013113765DF883
:1048A000044B5161704743F00403DAE753695DF844
:1048B000044BC83B5361704753695DF8044BC833E0
:1048C00053617047137C03F003030029CBD043F0FE
:1048D0000403C8E7C8D50120244B1A6AD2E90010A6
:1048E000D3680968006810B41842946801EA0401AA
:1048F00034D0137C03F0030309BB43F00803990889
:10490000013B11740D2B0ED8DFE803F010072207CE
:104910000D1C10101C0D072207105169137E013960
:104920000133516113765DF8044B7047137E516972
:104930000133013113765DF8044B5161704743F048
:104940000403DAE753695DF8044BC83B53617047D1
:1049500053695DF8044BC83353617047137C03F00F
:1049600003030029CBD043F00403C8E7C8D50120D6
:10497000244B5A6AD2E90010D3680968006810B461
:104980001842946801EA040134D0137C03F0030355
:1049900009BB43F008039908013B11740D2B0ED895
:1049A000DFE803F0100722070D1C10101C0D072272
:1049B00007105169137E01390133516113765DF897
:1049C000044B7047137E51690133013113765DF852
:1049D000044B5161704743F00403DAE753695DF813
:1049E000044BC83B5361704753695DF8044BC833AF
:1049F00053617047137C03F003030029CBD043F0CD
:104A00000403C8E7C8D50120244B9A6AD2E90010F4
:104A1000D3680968006810B41842946801EA040178
:104A200034D0137C03F0030309BB43F00803990857
:104A3000013B11740D2B0ED8DFE803F0100722079D
:104A40000D1C10101C0D072207105169137E01392F
:104A50000133516113765DF8044B7047137E516941
:104A60000133013113765DF8044B5161704743F017
:104A70000403DAE753695DF8044BC83B53617047A0
:104A800053695DF8044BC83353617047137C03F0DE
:104A900003030029CBD043F00403C8E7C8D50120A5
:104AA000244BDA6AD2E90010D3680968006810B4B0
:104AB0001842946801EA040134D0137C03F0030324
:104AC00009BB43F008039908013B11740D2B0ED864
:104AD000DFE803F0100722070D1C10101C0D072241
:104AE00007105169137E01390133516113765DF866
:104AF000044B7047137E51690133013113765DF821
:104B0000044B5161704743F00403DAE753695DF8E1
:104B1000044BC83B5361704753695DF8044BC8337D
:104B200053617047137C03F003030029CBD043F09B
:104B30000403C8E7C8D50120244B1A6BD2E9001042
:104B4000D3680968006810B41842946801EA040147
:104B500034D0137C03F0030309BB43F00803990826
:104B6000013B11740D2B0ED8DFE803F0100722076C
:104B70000D1C10101C0D072207105169137E0139FE
:104B80000133516113765DF8044B7047137E516910
:104B90000133013113765DF8044B5161704743F0E6
:104BA0000403DAE753695DF8044BC83B536170476F
:104BB00053695DF8044BC83353617047137C03F0AD
:104BC00003030029CBD043F00403C8E7C8D5012074
:104BD000244B5A6BD2E90010D3680968006810B4FE
:104BE0001842946801EA040134D0137C03F00303F3
:104BF00009BB43F008039908013B11740D2B0ED833
:104C0000DFE803F0100722070D1C10101C0D07220F
:104C100007105169137E01390133516113765DF834
:104C2000044B7047137E51690133013113765DF8EF
:104C3000044B5161704743F00403DAE753695DF8B0
:104C4000044BC83B5361704753695DF8044BC8334C
:104C500053617047137C03F003030029CBD043F06A
:104C60000403C8E7C8D50120244B9A6BD2E9001091
:104C7000D3680968006810B41842946801EA040116
:104C800034D0137C03F0030309BB43F008039908F5
:104C9000013B11740D2B0ED8DFE803F0100722073B
:104CA0000D1C10101C0D072207105169137E0139CD
:104CB0000133516113765DF8044B7047137E5169DF
:104CC0000133013113765DF8044B5161704743F0B5
:104CD0000403DAE753695DF8044BC83B536170473E
:104CE00053695DF8044BC83353617047137C03F07C
:104CF00003030029CBD043F00403C8E7C8D5012043
:104D0000244BDA6BD2E90010D3680968006810B44C
:104D10001842946801EA040134D0137C03F00303C1
:104D200009BB43F008039908013B11740D2B0ED801
:104D3000DFE803F0100722070D1C10101C0D0722DE
:104D400007105169137E01390133516113765DF803
:104D5000044B7047137E51690133013113765DF8BE
:104D6000044B5161704743F00403DAE753695DF87F
:104D7000044BC83B5361704753695DF8044BC8331B
:104D800053617047137C03F003030029CBD043F039
:104D90000403C8E7C8D50120244BDA6FD2E900101C
:104DA000D3680968006810B41842946801EA0401E5
:104DB00034D0137C03F0030309BB43F008039908C4
:104DC000013B11740D2B0ED8DFE803F0100722070A
:104DD0000D1C10101C0D072207105169137E01399C
:104DE0000133516113765DF8044B7047137E5169AE
:104DF0000133013113765DF8044B5161704743F084
:104E00000403DAE753695DF8044BC83B536170470C
:104E100053695DF8044BC83353617047137C03F04A
:104E200003030029CBD043F00403C8E7C8D5012011
:104E300043782DE9F04104462DED028B82B0002B22
:104E400000F0A1800378002B00F0848003690F46F6
:104E500082690221DFF8D48193424269D8F8005078
:104E6000C8BF8361C368D8F800609342B8BF43618C
:104E7000D0E9012313448360C369ED1A036A6048D3
:104E8000F61A1FF0D1F837B1384622F099FC0146E6
:104E900038461FF0C9F8A36922695A495A481CF0DC
:104EA000D7FA6369E268594957481CF0D1FA07EE0E
:104EB000905A5749B8EE675AD4ED027A5248B8EE84
:104EC000E76AD4ED017AB7EEC55A524FB8EEE77AE9
:104ED00007EE906AB7EEC66AB8EE678AB7EEC77A91
:104EE0009FED414BB7EEC88A85EE043B88EE042B5C
:104EF00087EE037B86EE025B53EC172B8DED005B98
:104F00001CF0A6FA032144481FF08EF8A7FB0531D8
:104F10000A22002389093C481CF0A8FA03213F48D3
:104F20001FF082F83E4B9E424FD84EF660239E42C1
:104F30003ED8A7FB067100230A22334889091CF0DA
:104F400095FA012137481FF06FF8012136481FF00C
:104F50006BF809E0DFF8D48042F20F72836183605E
:104F6000D8F80030426103620023D8F8002042F2F2
:104F70000F7163602370E261C4E9031302B0BDECFA
:104F8000028BBDE8F081294942F20F728361836090
:104F90000D68086801212562E26063602370E061AA
:104FA0006170C4E9043202B0BDEC028BBDE8F0814F
:104FB0009FED0F0B0121144888EE000B1CF06CFADA
:104FC00001211B481FF030F8BFE79FED0B0B0121BB
:104FD0000D4888EE000B1CF05FFA012115481FF008
:104FE00023F8B2E7AFF300800000000000408F40DC
:104FF00000000000004CED400000000040774B41F5
:10500000B03F00201425002030330120202500204F
:105010002C250020D34D621040250020442500207F
:1050200080EE360050430020A44C002038DF0120E1
:10503000901700207022002038B5037B04460D46EF
:1050400093B900680F4AA36812680F49D31AA26087
:10505000A1FB03139B09B0FBF3F00023A8422360DC
:105060002CBF401B002038BD1CF0BAFE237B1BB9AF
:10507000206800232373E5E7D4E900329B1A184423
:10508000F7E700BF38DF0120D34D621000000000B9
:105090005B4B1B6830B5044683B08362092938D85E
:1050A000DFE801F04716163705272737055790F830
:1050B0005130042B0AD00020A17C84F8520084F8DF
:1050C0005310002A78D1042384F8513003B030BD46
:1050D00090F85130022BF9D0407C002184F8520026
:1050E00084F85310002A5FD1022384F8513003B0B2
:1050F00030BD90F85130032BE8D00020A17C84F81B
:10510000520084F85310002A5ED1032384F85130F2
:10511000DCE790F85130002BD8D00025026C3949DB
:10512000A0F85250384800951CF092F984F851507C
:10513000CCE790F85130012BC8D0407C002184F896
:10514000520084F85310002A4ED1012384F85130C4
:10515000BCE790F85130052B21D0417CB6EE084BCE
:1051600006EE101A817C07EE101AB8EEC66BB8EE88
:10517000C77B26EE046B9FED205BFCEEC66B27EE33
:10518000057B16EE900A84F85200FCEEC77B17EE02
:10519000901A84F85310FAB9052384F8513000238B
:1051A00084F8303003B030BD0220226C15490090E5
:1051B00015481CF04DF997E70420226C1149009026
:1051C00011481CF045F97EE70320226C0D49009040
:1051D0000D481CF03DF998E70520226C0949009024
:1051E00009481CF035F9D7E70120226C05490090E9
:1051F00005481CF02DF9A8E79A9999999999E93FE2
:1052000038DF01204825002030330120F0B587B079
:105210001EF0E4FEC4B2632C00F0A580612C00F007
:10522000CD80672C00F0CE806C2C00F0AC806D2C13
:1052300073D06E2C00F0D680A4F10A03692B00F223
:10524000A780DFE813F08E00A500A5008E00A50062
:10525000A500A500A500A500A500A500A500A50026
:10526000A500A500A500A500A500A500A500A50016
:10527000A500A500A500A500A500A500A500A50006
:10528000A500A500A500A500A500A500A500A500F6
:10529000A5008E00EE001001230151012C014201F6
:1052A000560165019601A500A500A500A500A50071
:1052B000A500A500A500A500A500A500A500A500C6
:1052C000A500A500A500A500A500A500A500A500B6
:1052D000A500A500A500C301A500A500A500A50087
:1052E000A500A500A500A500A500A500A500A50096
:1052F000A500A500A500A500A500A500A500A50086
:10530000A500A500A500A500A500A500A500A50075
:10531000A500C901A5000D0252021EF01BFE0028C7
:1053200036DD1EF05BFE3038AD4CC3B2AD49684689
:10533000052B9CBF226813701CF0D2F9694603A8A4
:105340001CF0ECF9236803A819781CF059FA0146FF
:10535000A5481CF02FF803A81CF0FCF968461CF0C7
:10536000F9F907B0F0BDA14C1B21A148237883F0C7
:10537000010323701EF058FE21789B4807B0BDE85A
:10538000F0401CF03DB81EF0E5FD002800F3B081B0
:1053900098499548FDF700FB214600230A229248D0
:1053A0001CF064F894499048FDF7F6FA01E01EF00D
:1053B00015FE1EF0CFFD0028F9D1D2E78F4C1F213A
:1053C0008F48D3E71EF0C6FD00287FF735AF1EF0EB
:1053D00005FE3038C1B20529C3D801228948FFF73C
:1053E00057FEBEE71EF0B6FD80B11EF091FDC0B2C3
:1053F00032280BD11EF0F2FD834C844923787A4881
:1054000083F001032370FDF7C7FAB5E7804C16213E
:10541000804A2378804883F00103237082F8833424
:10542000A8E77E4E1CF0DCFC04463578002D00F029
:105430008081012D00F09781022D00F0AE811CF0DB
:10544000CFFC774905466848FDF7A6FA291B0023DB
:105450000A2265481CF00AF87249634807B0BDE8A3
:10546000F040FDF799BA704E1CF0BAFC044635784E
:10547000002D00F06B81012D00F08281022D00F0E3
:1054800099811CF0ADFC69490546DCE70023012148
:1054900067481A4607B0BDE8F04009F041B9654CCD
:1054A0000023634E0F21251D1A46304609F038F9B6
:1054B000A5423FF456AF002314F8011F30461A46A8
:1054C00009F02EF9A542F6D14BE75A4C0F21584E60
:1054D000251D01230022304609F022F9AC423FF499
:1054E00040AF14F8011FF4E7012300225048194689
:1054F000D0E7504C0F214E4E251D0123BB223046D4
:1055000009F00EF9AC423FF42CAF14F8011FF4E798
:10551000484D0023464F0F212E1D2C4638461A4673
:1055200009F0FEF8A64208D0002314F8011F3846FF
:105530001A4609F0F5F8A642F6D13F493F4A404BDA
:1055400048681268A3FB02329623920C03FB02F216
:105550004B681B1A9A42FBD80F21354E0123BB2200
:10556000304609F0DDF8AC423FF4FBAE15F8011F00
:10557000F4E7344C8823012533491B4884F8A530CF
:1055800084F8305184F82F51FDF706FA2946204659
:1055900008F08EFD002840F0C7802C491248FDF726
:1055A000FBF9E02301251048294984F8A53084F847
:1055B000305184F82F51FDF7EFF92946214808F0C2
:1055C00077FD002840F0AE80204946E74FF0E02309
:1055D000204AC3F80C2DC4E61F4C20490EE700BF3B
:1055E000ACDB0120CC1A002030330120ABDF0120DE
:1055F000741A0020101D0020381D002095DF0120A6
:10560000901A002074CF0120A7DF0120E41A0020A7
:10561000A6DF0120F8810120FC1A00208EDF012086
:10562000181C0020201C00208FDF0120C41C00203B
:10563000B4DD0120C4230020001000E02C33012041
:1056400083DE1B4384350120CC1C0020E41C002099
:10565000FC1C00200400FA05ADDF0120141B002013
:105660005B495C48FDF798F95B495C4800230C688E
:1056700042F20F724360C4610C680370836004627D
:105680000C68C0E90323C0E905235548C4610C68D0
:1056900043600370836004620C68C0E90323C0E9BF
:1056A00005235048C4610C68436003708360C0E9FF
:1056B0000323C0E9052304624B480C684360C461BE
:1056C0000C680370046283600C680968C0E90523F4
:1056D000C0E903234548C0E90323436003704261E6
:1056E00083600162C0E906343BE6414C414985E6EE
:1056F0001EF074FCC0B2A0F13004E3B2052B3FF6FB
:1057000030AE00EB80033C4A3C4903EB8303314855
:105710005B00603B1374FDF73FF932212D4804FB19
:1057200001F12BE6364998E635492A48FDF734F968
:1057300037E734492748FDF72FF901232A460F217F
:10574000314808F0EDFF0123337078E62F492148F6
:10575000FDF722F901232A460E212B4808F0E0FF2D
:10576000012333708DE62A491A48FDF715F92B46B7
:10577000ED220F21244808F0D3FF022333705EE6A8
:1057800024491448FDF708F92B46ED220E211E4846
:1057900008F0C6FF0223337073E61F490D48FDF77A
:1057A000FBF800230F2118481A4608F0B9FF002320
:1057B000337044E619490748FDF7EEF800230E213F
:1057C00011481A4608F0ACFF0023337059E600BFB9
:1057D0003C1B00203033012038DF012044DB012056
:1057E00068DB0120C8DD0120ECDD012084DA012026
:1057F000ACDF01205C1B002074CF0120B01A002018
:10580000EC1C0020741B0020B4DD0120241C0020AF
:10581000A41B0020501C0020E81B0020941C00202A
:105820001A4A30B592F8983083B0C3F19603092B29
:105830001BDC01AB18461FF081F9C1B2022912D05E
:10584000032908BF042101221148FFF721FC0D2084
:105850001CF01AFB01460D20B1FA81F149091CF038
:10586000E9FA03B030BD0521EDE792F88C4001ABB9
:1058700092F88D1000201444013165781144607055
:10588000184621F0DBFE65700346D3E7B4DC012047
:1058900074CF01202DE9F047DFF8A89241F2883259
:1058A000416A82B0D9F8003004465B1A934200F294
:1058B000AC80D9F8003040F6B832A16A5B1A934246
:1058C00000F28F80D9F80030216AA28D5B1A9A42CB
:1058D00075D2D9F80030274604F1130604F11F0AE7
:1058E000DFF86482236297F84C30023B012B03D827
:1058F00094F82E30002B69D197F84D302046217C4A
:10590000C3EB033297F84E50A8FB02320123D209B1
:1059100001FB02F2A8FB02127178C2F3CF1208F069
:10592000FFFE217CC5EB053235460123A8FB0202B0
:105930002046D20901FB02F2A8FB0212B178C2F3A1
:10594000CF1208F0EDFE0123002215F8031F2046B8
:1059500008F0E6FE554507F105072E46C3D194F839
:105960002E3083F0010384F82E3043BBD9F8002099
:105970000121A08D84F82F3002EB5003628E84F851
:105980003010A3EB52036363D9F800209A421AD96E
:105990000123274604F10C082646DFF8ACA184F861
:1059A0002F3097F850300537002B40F09C8003369D
:1059B000B045F6D194F82F302BB1636B3FE094F8EB
:1059C0003030002B36D102B0BDE8F087F51C16F858
:1059D000011F01230022204608F0A2FEAE42F6D1AC
:1059E000B8E7D9F8002094F85130A262002B3FF4B8
:1059F00069AF0025226C5149A4F8525050480095D7
:105A00001BF026FD84F851505CE790F84C30032BD6
:105A10003FF44FAF817C0325002280F84E1080F8C0
:105A20004D2046490095C26B45481BF011FD84F896
:105A30004C503EE794F82F20636B002AA4D0628E6E
:105A4000D9F8001013448B42BDD24FF0000A26460D
:105A500004F1130504F11F0984F830A096F85030C2
:105A6000DFF8E4804BB9EF1C4F453D4606F10506D3
:105A7000A9D096F85030002BF5D096F84C30023B68
:105A8000012B4FD996F84D30204696F84E70C3EB57
:105A900003326978A8FB0232237CD20903FB02F2AD
:105AA000A8FB02320123C2F3CF1208F039FEA97815
:105AB000C7EB07322F462046A8FB0232237CD209CF
:105AC00003FB02F2A8FB02320123C2F3CF1208F05B
:105AD00027FE0123002217F8031F204608F020FEAE
:105AE00086F850A0C0E7E57C2046317D01230022E6
:105AF00008F016FE717D01232046002208F010FEFA
:105B0000B17DC5EB05322046AAFB0232237CD209C7
:105B100003FB02F2AAFB02320123C2F3CF1208F008
:105B2000FFFD44E7EF1C15F8011F0123002220466A
:105B300008F0F6FDBD42F6D1D2E700BF48250020AF
:105B40003033012038DF0120818080800000000098
:105B500006EE902A00F588622DE9F043B8EEE61BC8
:105B600006EE903A044600F58467B8EEE64B00F581
:105B7000826004F586662DED028B83B0C4F848146C
:105B8000DDED0C6ADDED0F5AB8EEE62BDDED0D6AAA
:105B9000B8EEE55B119BB8EEE63BDDED0E6A9FEDDE
:105BA000AA8BB8EEE66B9FEDAA7B9FEDAB0BA6EE42
:105BB000087BDDED106AB8EEE66B25EE005B26EEA5
:105BC000006B21EE001B24EE004B32EE052B33EE72
:105BD000063B9FEDA30B80ED001B07ED024BB4EEDF
:105BE000C07B02ED025BF1EE10FA87ED002BA8BF3F
:105BF00037EE407B82ED006BB5EEC07B06ED023BDD
:105C0000F1EE10FA03D59FED966B37EE067B94F814
:105C100083249FED956B27EE067B86ED007BC4F811
:105C20006834002A40F08480954D2A68D4F8001426
:105C3000521AC4F888242A68C4F800242A68C4F8D0
:105C4000902494F8812412B9012284F8842401223A
:105C500013F0010503F0020803F0040984F882241C
:105C600084F88124C3F3C102C4F8782431D0B8F198
:105C7000000F3DD0B9F1000F49D02DB3D4F87834DE
:105C8000012B40F39A8016ED027BB5EE407BF1EEDE
:105C900010FA00F08B8004F58E6597ED000B80EE16
:105CA000070B1EF01DFC9FED727B20EE070B012100
:105CB00094F8833485ED000B84F88014002B40F0B9
:105CC0009280704C84ED000B03B0BDEC028BBDE8FC
:105CD000F08311216C481EF0A7F929466B481BF090
:105CE0008FFB04216A481EF09FF9B8F1000FC1D163
:105CF000102168481EF098F9414664481BF080FB6B
:105D0000042163481EF090F9B9F1000FDCD1132192
:105D100061481EF089F900215C481BF071FB0421E9
:105D20005B4803B0BDEC028BBDE8F0431EF07CB9CC
:105D3000534D022159481EF077F9002329680A22A1
:105D400052481BF093FBB4F8982455494F481BF078
:105D50007FFBD4F8003429680A224C48C91A002372
:105D60001BF084FB01214F481EF05EF9D4F8481463
:105D70004D4B4648A3FB01234FF47A729B0902FB6B
:105D800013114A4B0A22A3FB01310023C9081BF05F
:105D90006DFB012143481EF047F902213B4896ED77
:105DA000000B1BF079FBD4F868343EE79FED2A6BBB
:105DB00037EE067B06ED027B6DE794F88334002B0B
:105DC0003BD00E213A4804F58E651EF02DF9D4F82B
:105DD00078142E481BF014FB95ED000B9FED267BED
:105DE00020EE070B63E72F48264C1EF01DF9022119
:105DF000264895ED000B1BF04FFBB6EE007B94EDB3
:105E0000006B95ED000B36EE475BB4EEC50BF1EE83
:105E100010FA07D936EE077BB4EEC70BF1EE10FA95
:105E2000FFF650AF234919488DED000B53EC162BAC
:105E30001BF00EFB95ED000B44E7022117481EF006
:105E4000F3F8BEE7AFF300802D431CEBE2361A3FB8
:105E50000000000000208C407B14AE47E17A843FB4
:105E6000000000000020AC409A9999999999B93F97
:105E7000F8C1631ADCA54CC0CDCCCCCCCCCCEC3F6B
:105E800038DF0120E08001202C2400203033012065
:105E9000C42500204024002054240020B03F0020CE
:105EA0001824002008500020D34D6210CDCCCCCC5B
:105EB000682400207824002070B5044686B01BF0CA
:105EC0008FFFD4F80834A568C01A072DC4F88C04D5
:105ED0006FD03C2D40F0D180E07FA27F617F42EA0D
:105EE000002294F8235094F8330094F8223041EAC9
:105EF000022194F8322043EA052394F8315042EA13
:105F0000002294F8570094F855E045EA022594F8E9
:105F1000562094F82AC042EA002294F82F004EEA54
:105F2000022E94F82B204CEA022C94F82E2042EA00
:105F3000002294F8540040EA0E20059094F83000B6
:105F400040EA0520029094F8270094F8265045EA8C
:105F5000002594F8290040EA0C2094F82DC04CEA62
:105F6000022C94F83B20049294F83A20039294F87F
:105F7000212042EA032294F8253043EA052394F8CD
:105F8000245045EA032394F8205045EA0222257F55
:105F900045EA012194F82C5045EA0C25019594F826
:105FA000285045EA002520460095FFF7D1FD06B0B0
:105FB00070BD94F8333094F8320094F8312040EA00
:105FC000032094F8303094F8375042EA002294F8D5
:105FD000361094F8830443EA022394F83B2041EA04
:105FE0000521E57E06EE103A94F83A3043EA0223A2
:105FF00094F83520B8EEC66B42EA012294F83910C5
:1060000041EA032194F8343043EA022304F58C6218
:1060100005EE103A94F838309FED377BB8EEC55B4B
:1060200043EA0123A17E26EE076B41EA0521384DA4
:1060300025EE075B07EE103A637EB8EEC77B43EAB6
:106040000123217E9FED2E4B41EA032694F82F3049
:1060500027EE047B84F84C3404F58A6383ED005BFF
:1060600002ED026B82ED007BF0B92A682B68C4F860
:106070000424C4F8943406B070BD112125481DF0E5
:10608000D3FF00231022E9B223481BF0EFF90521CA
:1060900022481DF0C9FF0023102221791E4806B0B6
:1060A000BDE870401BF0E2B902211D481DF0BCFFA5
:1060B000296800230A2218481BF0D8F90C21194836
:1060C0001DF0B2FFD4F8043429680A221248C91A14
:1060D00000231BF0CBF9012113481DF0A5FF07EEAB
:1060E000906A02210C48B8EE677B9FED070B87EEA4
:1060F000000B1BF0D1F9B8E748AFBC9AF2D77A3E53
:10610000FCA9F1D24D62503F0000000000408F40DA
:1061100038DF0120FC230020303301201024002030
:10612000B03F0020EC23002008500020B52970B5B6
:106130000D4604462BD0622918D02378022B07D0B5
:10614000033B052B11D8DFE803F04B5E728BA3B342
:10615000237C0321627C2B4465602170DBB21A44EE
:10616000237494F8833462747BBB70BD0378012B75
:10617000E4D10221002290F8833401700282002BC6
:10618000F3D005216F48BDE870401DF04DBF436955
:10619000002BD2DA012303701BF022FE94F8833423
:1061A000C4F80804002BE0D0022167481DF03CFF32
:1061B000664900230A22096865481BF057F909213E
:1061C0006448BDE870401DF02FBF63481DF02CFFF0
:1061D0002946002310225E48BDE870401BF046B9F6
:1061E000237C0421627C2B44A5602170DBB21A441D
:1061F000237494F883346274002BB6D05649544803
:10620000FCF7CAFBE4E7237C0520627C2B4494F86E
:106210008314E560DBB220701A4423746274002991
:10622000A3D04E494A48BDE87040FCF7B5BB237C7B
:106230000620E1682B44627C01EB05212070DBB273
:106240000020E1601A4494F883146061237462743E
:1062500000298AD042493E48BDE87040FCF79CBB0B
:10626000237CEAB2617C1344DBB219442374636972
:106270006174E11801330A7694F883246361002A7B
:1062800050D1E2689A427FF470AF0723237070BD4B
:10629000237CAB421AD1082294F883342270002B5D
:1062A0003FF463AF2F492A48BDE87040FCF774BB48
:1062B000637CAB4220D194F88334002B3CD1204640
:1062C000FFF7FAFD4FF0FF33636170BD00254FF01B
:1062D000FF3302211C48636125701DF0A5FE1B4998
:1062E0002B460A2209681A481BF0C0F810211E48E4
:1062F000BDE870401DF098BE00254FF0FF3302212D
:106300001148636125701DF08FFE10492B460A224B
:1063100009680F481BF0AAF810211448BDE8704026
:106320001DF082BE012112481DF07EFE294608485C
:106330001BF066F86369A4E70E490548FCF72CFBDF
:10634000BDE700BFD0240020B03F002038DF01208F
:1063500030330120C4240020D8240020DC24002075
:10636000E0240020E4240020E82400200025002070
:1063700008500020FC2400209FED9D7B90ED042B15
:106380009FED9D3B9FED9E1B22EE072B90ED164B44
:1063900090ED0E5B22EE032B24EE014B25EE075B06
:1063A00090ED086B10B532EE067B044680ED0A4B8B
:1063B00037EE447B80ED0E5BB5EEC07B80ED042BA9
:1063C000F1EE10FA03D59FED904B37EE047B9FED75
:1063D000904BB4EEC47BF1EE10FAC0F2F7809FED63
:1063E0008E4BB4EEC47BF1EE10FA00F2EF80B1EE0A
:1063F000477B9FED854BB4EEC47BF1EE10FAC8BF2E
:1064000037EE447B9FED864B84ED067BB4EEC47B78
:10641000F1EE10FA05D59FED7C4B37EE047B84ED51
:10642000067BB0EEC74B9FED803BB4EEC34BF1EE65
:1064300010FA40F1D7809FED6E3BA7EE036B9FED06
:10644000724B9FED777BB4EEC46BF1EE10FAC8BFD0
:1064500036EE446BB4EEC76B84ED086BF1EE10FAC8
:1064600005D59FED697B36EE076B84ED086BB7EEC3
:10647000C55B32EE067B94ED124BB7EEC55A9FED2D
:106480006C1B34EE454B9FED602B24EE016BB4EE9C
:10649000C27B94ED023B9FED680BF1EE10FAA3EE88
:1064A000006BC8BF37EE427B84ED004BB5EEC07B7E
:1064B000F1EE10FA84ED026B03D59FED536B37EECE
:1064C000067B0C2162489FED5E6B27EE067B84ED18
:1064D0000C7B1DF0A9FD5F481AF09EFF09215E4864
:1064E0001DF0A2FD02215B4894ED160B1AF0D4FFBB
:1064F00058481AF091FF0A2158481DF095FD0221D5
:10650000544894ED120B1AF0C7FF52481AF084FF5A
:106510000C2153481DF088FD4E481AF07DFF1321D1
:1065200050481DF081FD02214A4894ED040B1AF0F9
:10653000B3FF48481AF070FF06214B481DF074FD68
:106540000221444894ED0E0B1AF0A6FF41481AF0C0
:1065500063FF0F2145481DF067FD3E481AF05CFFC0
:106560000F2143481DF060FD02213A4894ED080BCD
:106570001AF092FF37481AF04FFF0B213D481DF0EB
:1065800053FD0221334894ED000B1AF085FF31488A
:106590001AF042FF112138481DF046FD02212D4816
:1065A00094ED020B1AF078FF2A481AF035FF0E21FD
:1065B00032481DF039FD0221264894ED0C0B1AF0EB
:1065C0006BFF2448BDE810401AF026BF9FED124B28
:1065D000B4EEC47B9FED0C4BF1EE10FA05DD34EE0A
:1065E000477B06E79FED183B27E737EE047BFEE687
:1065F0009A9999999999B93F399D52A246DF91BFCD
:10660000399D52A246DF913F182D4454FB21194079
:10661000182D4454FB21F9BF182D4454FB21F93F98
:10662000182D4454FB2119C00AD7A3703D0AC73F57
:10663000333333333333D33F666666666666E63F8D
:10664000F8C1631ADCA54C409A9999999999C93F68
:106650004C290020303301205C29002068290020CB
:10666000742900208429002098290020A0290020D6
:10667000B0290020C0290020CC290020E0290020DA
:106680002DE9F047844C84B01BF0AAFB012394F859
:106690009850824EC5F1960570609D42337300F3A9
:1066A000B180002D00F39F807D4B012293F881146F
:1066B00083F8802409B983F884240122794F7A4C25
:1066C00083F881243A68C3F8902494F86030002B52
:1066D00036D176481EF02EFA754D94F8603085ED6F
:1066E000000B002B68D1734B93F83030042B00F073
:1066F000C680714A403595ED000B9FED637B1378A2
:1067000020EE070B85ED000B002B5ED00A22002344
:1067100039686A481AF0AAFE694968481AF098FE72
:1067200001A821F04DF801AB023818441EF006FA1A
:10673000014662481AF064FE60481AF06DFE44E0BB
:1067400060481EF0FBF907EE900A5F4BB8EEE77B5E
:106750005E4D5F4829469FED4E6B27EE067BBDEEF2
:10676000C77B17EE102A9A5CFCF7FEF859481EF01A
:10677000E1F94E4884ED120B1EF0DCF9B5F900305A
:10678000204606EE103AB5F9023007EE103AB8EEA0
:10679000C66BB8EEC77B84ED160B84ED046B84EDFD
:1067A0000E7BFFF7E9FD94F86030002B91D0404B51
:1067B000D4E90C01C3E9000194ED020B464D3E4AB9
:1067C000137885ED000B002BA0D11BF009FB337B68
:1067D00023B1D6E900329B1A03443360002333739C
:1067E00004B0BDE8F08794F89550002394F8961013
:1067F00001A82544013121446C786B7020F01EFF04
:106800006C7051E794F894704FF0000994F895106B
:106810002744DFF89880194497F801A040462144A6
:1068200087F8019020F00AFF022D87F801A0DAD046
:1068300094F8937008F1080094F8941027440131FB
:1068400097F801A0214487F8019020F0F7FE042D6D
:1068500087F801A0C7DD94F8915094F89200254480
:1068600001306F78204485F801901EF067F96F7051
:1068700094F89850C8F81000C5F1960511E715482E
:1068800040351EF057F99AE7CDCCCCCCCCCCEC3FC0
:106890009A9999999999B93FB4DC01203CD101208A
:1068A000F881012038DF0120F0800120A08C012038
:1068B0002886012008890120A6DF0120303301202D
:1068C000741700208CDB0120E023002078DA0120FF
:1068D00008DA0120A88C0120688601200B484FF0BF
:1068E000FF0C01210F22037880F80DC0437190F84E
:1068F00001C08372837801724FF4967180F806C0EC
:1069000080F80BC0C37103731BF004BD7C460120EB
:1069100070B501201BF054FB04460220E4B21BF0CA
:106920004FFB40F6641360F30F24A4B29C421C4C4E
:1069300025D0022201211B4804F10F05C4F59676EB
:106940001BF0E8FC0F224FF4967117481BF0E2FC95
:10695000A0191BF035FB04F8010BAC42F8D12A2139
:1069600012481DF061FB4FF4C87111480D221BF055
:10697000D1FC23210F48BDE870401DF055BB04F148
:106980000F05C4F59676A0191BF01AFB04F8010B4D
:10699000AC42F8D122210848BDE870401DF044BB4C
:1069A0007C460120FC310120B423002084210020FA
:1069B00024410120B0210020D4210020D0E9002171
:1069C000C3681268096810B41942846802EA0402B4
:1069D00034D0037C03F003030ABB43F008039A0896
:1069E000013B02740D2B0ED8DFE803F010072207DD
:1069F0000D1C10101C0D072207104269037E013A7E
:106A00000133426103765DF8044B70474269037EAF
:106A100001325DF8044B013342610376704743F065
:106A20000403DAE743695DF8044BC83B43617047F0
:106A300043695DF8044BC83343617047037C03F03E
:106A40000303002ACBD043F00403C8E70B4610B57C
:106A5000362800F29782DFE810F08C028202790279
:106A6000700267025E0255024C0243023A02310292
:106A700028021F02BF01B601AD01A4019B019201D2
:106A80008901800177016E0165015C0153014A01B2
:106A9000410138012F0126011D0113010901FF00E9
:106AA000F500EB00E100D700CD00C300B900AF0056
:106AB000A5009B00910087007D00730069005F00C6
:106AC00055004B0041003700C84C0422C84936200D
:106AD000C4F8D8301BF030FC012010BDC34C042298
:106AE000C4493520C4F8D4301BF026FC012010BD69
:106AF000BE4C0422C0493420C4F8D0301BF01CFC2A
:106B0000012010BDB94C0422BC493320C4F8CC305C
:106B10001BF012FC012010BDB44C0422B8493220F5
:106B2000C4F8C8301BF008FC012010BDAF4C042293
:106B3000B4493120C4F8C4301BF0FEFB012010BD65
:106B4000AA4C0422B0493020C4F8C0301BF0F4FB3A
:106B5000012010BDA54C0422AC492F20C4F8BC3044
:106B60001BF0EAFB012010BDA04C0422A8492E20F6
:106B7000C4F8B8301BF0E0FB012010BD9B4C042290
:106B8000A4492D20C4F8B4301BF0D6FB012010BD61
:106B9000964C0422A0492C20C4F8B0301BF0CCFB4A
:106BA000012010BD914C04229C492B20C4F8AC302C
:106BB0001BF0C2FB012010BD8C4C042298492A20F6
:106BC000C4F8A8301BF0B8FB012010BD874C04228C
:106BD00094492920C4F8A4301BF0AEFB012010BD5D
:106BE000824C042290492820C4F8A0301BF0A4FB5A
:106BF000012010BD7D4C04228C492720C4F89C3014
:106C00001BF09AFB012010BD784C042288492620F5
:106C1000C4F898301BF090FB012010BD734C042287
:106C200084492520C4F894301BF086FB012010BD58
:106C30006E4C042280492420C4F890301BF07CFB69
:106C4000012010BD694C04227C492320C4F88C30FB
:106C50001BF072FB012010BD644C042278492220F5
:106C6000C4F888301BF068FB012010BD5F4C042283
:106C700074492120C4F884301BF05EFB012010BD54
:106C80005A4C042270492020C4F880301BF054FB79
:106C9000012010BD554C04226C491F20E3671BF0F6
:106CA0004BFB012010BD514C042269491E20A367F3
:106CB0001BF042FB012010BD4C4C042265491D20F5
:106CC00063671BF039FB012010BD484C0422624968
:106CD0001C2023671BF030FB012010BD434C042215
:106CE0005E491B20E3661BF027FB012010BD3F4CD3
:106CF00004225B491A20A3661BF01EFB012010BD75
:106D00003A4C04225749192063661BF015FB0120F9
:106D100010BD364C04225449182023661BF00CFB8E
:106D2000012010BD314C042250491720E3651BF0AF
:106D300003FB012010BD2D4C04224D491620A365F4
:106D40001BF0FAFA012010BD284C042249491520F5
:106D500063651BF0F1FA012010BD244C0422464962
:106D6000142023651BF0E8FA012010BD1F4C0422FB
:106D700042491320E3641BF0DFFA012010BD1B4CD5
:106D800004223F491220A3641BF0D6FA012010BD53
:106D9000164C04223B49112063641BF0CDFA0120FC
:106DA00010BD124C04223849102023641BF0C4FA91
:106DB000012010BD0D4C042234490F20E3631BF069
:106DC000BBFA012010BD094C042231490E20A363F7
:106DD0001BF0B2FA012010BD044C04222D490D20F5
:106DE00063631BF0A9FA012010BD00BFC8D50120C4
:106DF000B513000045110000D50E00009D0D0000E8
:106E0000650C0000C90B00002D0B00009518000058
:106E1000710F0000A91000000D10000019130000F0
:106E20007D120000E1110000390E0000F91700008A
:106E30005D170000C116000025160000891500002E
:106E4000ED14000051140000010D0000992B00000A
:106E500031190000611A0000C9190000C11C0000AE
:106E6000291C0000911B0000F91A0000812100007C
:106E7000E920000051200000B91F0000211F000080
:106E8000891E0000F11D0000591D0000012B0000AB
:106E9000692A0000D12900003B4C04223B490C2008
:106EA00023631BF049FA012010BD374C04223849F6
:106EB0000B20E3621BF040FA012010BD324C04228B
:106EC00034490A20A3621BF037FA012010BD2E4C72
:106ED00004223149092063621BF02EFA012010BD03
:106EE000294C04222D49082023621BF025FA012099
:106EF00010BD254C04222A490720E3611BF01CFA2F
:106F0000012010BD204C042226490620A3611BF05D
:106F100013FA012010BD1C4C042223490520636193
:106F20001BF00AFA012010BD0422174C1F4910461D
:106F300023611BF001FA012010BD134C04221C49EF
:106F40000320E3601BF0F8F9012010BD0E4C042271
:106F500018490220A3601BF0EFF9012010BD044680
:106F6000094804221449436001201BF0E5F920463A
:106F700010BD054C04221149002023601BF0DCF9F0
:106F8000012010BD002010BDC8D501203929000006
:106F9000A12800000928000071270000D926000060
:106FA00041260000A92500001125000079240000D9
:106FB000E123000049230000B12200001922000053
:106FC000F0B56F4E0D4681688DB033680446027B84
:106FD0005B1A9A4201D2437DE3B9206803681B69BA
:106FE000984788B1206803689B699847AA28206859
:106FF00003680CD11B699847122805DD20680368D7
:107000005B699847AA280ED000200DB0F0BD5B69DF
:107010009847F9E700234375002DDED11B2159481D
:107020001DF002F8D9E7206803685B699847AA2831
:10703000EAD1112207A920681AF0E4FA0028E3D067
:107040000DF11B020DF12B00002312F8011F0B4460
:107050009042DBB2F9D19DF82C209A42D4D120681D
:1070600003681B699847074683B22BB3012D23D0D1
:10707000454901A81AF034FB01A904A81AF04EFBF7
:10708000316804A81AF0E4FB40491AF0ABFBB9B22E
:107090001AF0CAFB3E491AF0A5FB01463D481AF01A
:1070A00089F904A81AF056FB01A81AF053FB03E073
:1070B000206803685B699847206803681B699847E4
:1070C0000028F5DC2269132A4ED89DF81E100132E3
:1070D0009DF81D30226103EB0123E08BA1881AB2D9
:1070E00010FA83F307EE902A5B1AA283B8EEE77BCF
:1070F000E383A2809FED206B27EE067BBDEEC77B6E
:1071000017EE103A1BB2002B01DA03F56163E3823C
:107110009DF820309DF81F209DF8220002EB0322ED
:107120009DF82130316803EB002312B2A1601BB23D
:1071300006EE102A012207EE103AB8EEC66B104692
:10714000B8EEC77B62759FED0C5B26EE056B27EEF4
:10715000057BBDEEC66BBDEEC77B16EE103A2383F2
:1071600017EE103A638350E700232361E383A38083
:10717000E382CDE7AFF300809A9999999999B93F45
:1071800038DF012074250020B03F0020902500202A
:10719000B42500203033012070B5044603220025B9
:1071A000022123460126042003F8112BC4F81150B4
:1071B0005D609D60DD601D619D82A56384F8301077
:1071C00084F83B2084F8310004F1540084F83A102C
:1071D00084F83250454984F83350E563256465648A
:1071E000A564E56484F8505084F839601AF078FAA0
:1071F0003F4904F160001AF073FA3E4904F16C0053
:107200001AF06EFA3C4904F178001AF069FA3B4929
:1072100004F184001AF064FA394904F190001AF07C
:107220005FFA384904F19C001AF05AFA364904F121
:10723000A8001AF055FA354904F1B4001AF050FAD2
:10724000334904F1C0001AF04BFA324904F1CC0082
:107250001AF046FA304904F1D8001AF041FA2F49E1
:1072600004F1E4001AF03CFA2D4904F1F0001AF0A0
:1072700037FA2C4904F1FC001AF032FA2A4904F5D5
:1072800084701AF02DFA294904F58A701AF028FA48
:10729000274904F590701AF023FA264904F59670F0
:1072A0001AF01EFA244904F59C701AF019FA2349C1
:1072B00004F5A2701AF014FA214904F5A8701AF026
:1072C0000FFA204B4FF6FF7220461B68C4F86C5132
:1072D000C4F860311C4BC4F87051A4F85C21C4F8A8
:1072E000745184F87961C4F8643170BDB8500020DD
:1072F000E4280020E8280020EC280020F0280020C6
:10730000F4280020F8280020FC2800200029002074
:1073100004290020082900200C2900201029002021
:1073200014290020182900201C29002020290020D1
:10733000242900202C290020342900203C29002069
:107340004429002038DF01208813D0072DE9F043BD
:10735000037887B00546614C43B1D0F860112368CB
:10736000B0F866215B1A9A42C0F09F8023686C4691
:10737000D5F811000026D5F8151005F1110ED5F835
:107380001920C5F86031D5F81D3085F868610FC443
:10739000B5F82530D5F82100A38095F8323020606B
:1073A000EBB14F4C287B2378834274D0431EDBB271
:1073B000012B7FD94B490A78002A72D0013A00206C
:1073C0000A70494A1070012B56D94FF00008C14687
:1073D00082F8008081F8008084F8008001E09846FF
:1073E00099466FF01000724605F12106401BD5E961
:1073F0000A748318C3F1200CA3F1200127FA03F3C8
:1074000004FA0CFC24FA01F143EA0C030B4303F0E9
:10741000010302F8013F9642EBD1AA7B6B7B003A55
:1074200085F8229003F00101C3F3400318BF012245
:1074300085F8238085F8241085F8262095F85E21AC
:1074400085F825302AB91622694670461FF0BCFA25
:1074500030B1D5F8703103B19847002385F85E311B
:1074600007B0BDE8F08395F8300000EB8003DBB295
:107470000B7008B1013B0B7091F8009092F80080FE
:10748000B9F1000918BF4FF00109B8F1000818BFA1
:107490004FF00108A5E71349013B0A78DBB2002A47
:1074A0008CD1114A1078A8B98DE723210F481CF020
:1074B000BBFD5BE70C4A02280A49207016700E706B
:1074C000D1D095F8313003EB8300C0B21070002B9F
:1074D000D2D033460138107075E700BF38DF012085
:1074E00094DF012093DF012092DF01207426002029
:1074F00070B504462D4D0F212D481CF095FD00233D
:107500000A2294F83010284619F0B0FF0F212948BC
:107510001CF08AFD00230A2294F83110284619F045
:10752000A5FF152124481CF07FFD00230A2294F8B2
:107530003310284619F09AFF132120481CF074FDDF
:1075400000230A2294F83210284619F08FFF0B21ED
:107550001B481CF069FD00230A2294F834102846C9
:1075600019F084FF0B2117481CF05EFD00230A224E
:1075700094F83510284619F079FF0B2112481CF0B9
:1075800053FD00230A2294F83610284619F06EFFA6
:107590000B210E481CF048FD94F8371028460023B4
:1075A0000A22BDE8704019F061BF00BF30330120EE
:1075B000CC250020DC250020EC250020042600201E
:1075C0001826002024260020302600203C260020FB
:1075D0002DE9F84301241F4FDFF8888081461E4EB5
:1075E00000F1380508211D481CF01EFD0A2C35BF8E
:1075F00001210021384640461CF016FD0A220023D6
:1076000021463046013419F031FF022114481CF0A4
:107610000BFD6B780A2B35BF01210021384640460F
:107620001CF002FD00230A2215F8011F304619F054
:107630001DFF012138461CF0F7FC29780C23304649
:1076400003FB0191543119F0B5FE192CCAD1BDE8E4
:10765000F88300BF08500020303301204826002066
:107660008C270020B8500020042A24D92DE9F04F9F
:1076700016460A788BB00C46802A03D000200BB047
:10768000BDE8F08F4A78812AF8D18A787F2AF5D12F
:10769000CA780546C82A00F09880CA2A0DD0E52A83
:1076A00023D0EB2A62D1272EE8D10378022B00F2F7
:1076B000A6810120E3E700207047092EDED1027881
:1076C000022A00F24C8190F87821002AD6D095F851
:1076D00079211AB12279032A00F03E822A78022AFF
:1076E000CCD9AE4819F098FEC8E7102EC6D1027862
:1076F000032A00F24181836A0293C36A03936FF005
:10770000040B04F1040905F1280705F1300AABEB7D
:107710000403A24E019302E0574500F0CB8019F814
:10772000013F032A07F8013BF6D9019900230A22F9
:10773000304649444FF0000B19F098FE9849304606
:10774000FBF72AF917F8018C48FA0BF10BF1010B42
:10775000304601F0010119F053FEBBF1080FF3D1DF
:1077600090493046FBF718F92A78D5E7EC2A68D11A
:107770001E2E83D10378022B00F24F81231D05F1C9
:10778000380204F11C0013F8011F834202F8011FA4
:10779000F9D1237F102B00F0D781012385F87931AF
:1077A0002B78022B00F23581B5F95C11002976DBCC
:1077B0002122023105F130001AF0ACFD2B78012BAB
:1077C00069D8012385F85E3173E7092E7FF456AF3F
:1077D0000278032A00F2AD8090F87821002A3FF465
:1077E0004DAF95F87921002A00F0AF806E4A06ACC3
:1077F00095F828C095F82970D5F8746107CA03C4B4
:1078000024F8022B120C22708DF81DC08DF81E700A
:10781000002E00F0A2805A680B21644B06A8059246
:1078200004AA0493B0472A78032A7FF627AF604A58
:107830000B2106A8FBF7C8F92A78032A3FF651AFB7
:107840001CE7EE2A51D10E2E7FF418AF0278022ADF
:1078500000F2E9806379022A85F83030A37985F84F
:107860003130237A03F00101C3F3400385F833106C
:1078700085F83230637A85F83430A37A85F835306C
:10788000E37A85F83630237B85F837308CD9284663
:10789000FFF72EFE88E7242146481CF0C5FB2B7815
:1078A0000122022B85F85E217FF603AF3B4819F0D9
:1078B000B3FDFEE6637B032AAB72A37BEB7200F29F
:1078C00083802846FFF742FDD5E90A23DDE902104F
:1078D000834208BF8A423FF4ECAED5F86C31002BEE
:1078E0003FF4E7AE98470120C9E60E2E7FF4C6AEFE
:1078F000EF2A7FF4C3AE0378032B00F21E81627976
:107900002A72A2796A72E2792A73227A6A73627A97
:10791000003A18BF0122042BAA73E27AEA73227B91
:107920002A7400F2878000F05881032B7FF6C1AEE5
:10793000BCE7214A314620460193FBF745F995F80B
:107940007821019B002A7FF44CAF2B78032B7FF624
:1079500095AE1A491148FBF71FF82A786DE7184AC7
:10796000314620460193FBF72FF995F87821019BCA
:10797000002A7FF4ACAEB1E6124A31462046FBF74E
:1079800023F9AB6A2A780293032AEB6A03937FF602
:10799000B6AE024819F040FD2A78B0E63033012037
:1079A0000C2400200850002088060020982A00207F
:1079B000E02600200C280020D0260020F026002001
:1079C0005027002060270020974819F025FD97498F
:1079D0009548FAF7E1FF00230A22A97A924819F0A4
:1079E00045FD93499048FAF7D7FF00230A22E97A28
:1079F0008D4819F03BFD8C4819F00EFD61E78D4A6A
:107A000027212046FBF7E0F82B78022B3FF64EAFFC
:107A10004FE62846FFF7DCFDC6E6874A1E212046D2
:107A2000FBF7D2F8AAE6854A31462046FBF7CCF8A8
:107A30002A780FE782497C48FAF7AEFF00230A2232
:107A4000297A794819F012FD7E497748FAF7A4FFA0
:107A500000230A22A179744819F008FD7A49724876
:107A6000FAF79AFF00230A22697A6F4819F0FEFCA0
:107A700076496D48FAF790FF00230A22297B6A486D
:107A800019F0F4FC2B7B012B00F0CC807049714A7B
:107A9000022B18BF11466448FAF77EFF6E49624810
:107AA000FAF77AFF00230A22697B5F4819F0DEFCAF
:107AB0006B7B012B00F0B4806849664A022B18BF2B
:107AC000114659480026FAF767FF65495648FAF704
:107AD00063FF00230A22A97B534819F0C7FC614ABF
:107AE000614BA97B504801290CBF114619464E4FE6
:107AF000FAF752FF5D494C48FAF74EFF94F80B80B5
:107B000048FA06F10136384601F0010119F078FC17
:107B1000082EF5D1564900264348FAF73DFF277B4A
:107B2000414C47FA06F10136204601F0010119F0F7
:107B300067FC082EF5D12B78F7E64E4A0E21204639
:107B4000FBF742F82B78DAE600234B49364885F8F4
:107B50007931FBF727F823E66279CA2A7FF4BEADB4
:107B6000A279CA2A7FF4BAAD0722444917208DF8BA
:107B70001C20149A0691127914998DF81D20149ADC
:107B8000497992798DF8240014988DF81E10C479E3
:107B9000597918798DF81F209A79D5F874318DF8B4
:107BA00020408DF821008DF822108DF82320002B25
:107BB0003FF494AD32494FF0FF3206A8CDE90412EC
:107BC00004AA0D2198472A78022A7FF657AD2D4A3C
:107BD0000D2106A8FAF7F8FF80E52B49002412488A
:107BE000FAF7DAFE104EEF7B47FA04F10134304623
:107BF00001F0010119F004FC082CF5D123490024FF
:107C00000948FAF7C9FE084E2F7C47FA04F10134FF
:107C1000304601F0010119F0F3FB082CF5D18AE799
:107C20001B494EE71B4936E73033012070270020FF
:107C30008027002090270020A02700203428002043
:107C4000542800206028002070280020742800207C
:107C5000A8260020982600208C280020B42600208A
:107C6000A4280020BC260020C8260020C028002010
:107C7000CC28002044280020B427002080817BCB22
:107C8000982A0020E0260020D8280020E0280020A4
:107C9000AC260020A026002070B5262138481CF014
:107CA000C3F95721374801251CF0BEF90021364899
:107CB00006F0CEFC354C88232021354884F8A530C9
:107CC00084F8305184F82F511CF0AEF92946204633
:107CD00006F0EEF900284DD105212E481CF0A4F93C
:107CE0002D492A4806F07CFB9FED2C0A264806F019
:107CF0000FFC0121244806F0EDFC294C3D212948C8
:107D00001CF092F9204D0023261D0F2128461A460B
:107D100006F006FDB44208D0002314F8011F2846DF
:107D20001A4606F0FDFCB442F6D11F4996241F4ABC
:107D30001F4B48681268A3FB0232920C04FB02F24C
:107D40004B681B1A9A42FBD83E211A481CF06CF96A
:107D50000123BB220F210C4806F0E2FC1721164834
:107D60001CF062F90123BB220E210748BDE87040D8
:107D700006F0D6BC0C2111481CF056F9B0E700BF44
:107D8000A8170020D0170020B4DD01208435012081
:107D900028180020E41C002040420F0000C0BE4410
:107DA000C42300204C180020001000E02C330120D8
:107DB00083DE1B438C180020CC180020EC1C002014
:107DC0002DE9F041134C0021134F144E651D01E0C5
:107DD00014F8011F3B680022304693F833309B1A99
:107DE00018BF012306F09CFCA542F1D10123BB2260
:107DF0000D210A4806F094FC0123BB220321074809
:107E000006F08EFC0123BB2207210448BDE8F041A7
:107E100006F086BCCC230020ACDB0120B4DD0120C1
:107E200007EE100A0C490D48B8EE477A9FED086B33
:107E3000B7EEC77A08B587EE067B53EC172B19F01F
:107E400007FB01210648BDE808401CF0EDB800BF63
:107E5000000000000088C34048200020303301208B
:107E6000502000200C4B1B782DE9F04703BB0B4B37
:107E70005B78002B00F04E82094B1B78002B37D12A
:107E8000084C094FDFF824A0002223683A60CAF8A2
:107E90000030BDE8F08700BFACDF012044DB0120EB
:107EA000ABDF012038DF012040DF0120A8DA01200C
:107EB000D14B5B78002B00F02D82D049CE48FCF7E7
:107EC000B7FFCF49CF48FCF7B3FFCF49CF48FCF706
:107ED000AFFFCF49CF48FCF7ABFFCF48CF49FCF706
:107EE000A7FFCF4819F098FACE4B1B78002BC7D0CC
:107EF000CD4E0021CD48FDF79FF8337B0546002B82
:107F000040F00F823168CA4C0027B3682268C94824
:107F1000B260D31AC84A3760A2FB0323DFF874A308
:107F2000DFF874939B09B1FBF3F80F211CF07CF888
:107F30002846FFF775FF0121C0481CF075F83B4645
:107F4000DAF800202168BE4F891AB5483E680A2237
:107F5000B6FBF1F119F08AFA0321BA481CF064F873
:107F60000E21B9481CF060F82946B848FDF764F8BE
:107F7000FFF756FF0E21B6481CF056F899F80C3062
:107F8000002B40F04382D9F800002268D9F808306D
:107F9000A949D31AC9F80820A1FB03139B09B0FB18
:107FA000F3F085424FF0000394BF401B0020C9F856
:107FB0000030FFF735FF0E21A6481CF035F82946A2
:107FC000A548FDF739F8DFF8D492FFF729FF0E2115
:107FD000A2481CF029F82946A148FDF72DF8FFF723
:107FE0001FFF0E219F481CF01FF899F80C30002B42
:107FF00040F0DE81D9F800002268D9F80830C9F8CD
:108000000820D31A8C4AA2FB03239B09B0FBF3F090
:108010000023C9F80030FFF703FFDFF884920E2138
:1080200091481CF001F899F80C30002B40F0D881F1
:10803000D9F800002268D9F808307F49D31AC9F866
:108040000820A1FB03139B09B0FBF3F040454FF060
:1080500000032CBFA0EB08000020DFF84882C9F81D
:108060000030FFF7DDFE0E2180481BF0DDFF98F8A1
:108070000C30002B40F08481D8F800002268D8F83A
:108080000830C8F80820D31A6B4AA2FB03239B09C7
:10809000B0FBF3F00023C8F80030FFF7C1FEDFF8B3
:1080A00008820E2172481BF0BFFF98F80C30002B9D
:1080B00040F0A181D8F800002268D8F80830C8F84C
:1080C0000820D31A5C4AA2FB03239B09B0FBF3F000
:1080D0000023C8F80030FFF7A3FEDFF8D0810E219F
:1080E00064481BF0A1FF98F80C30002B40F054813D
:1080F000D8F800002268D8F80830C8F80820D31A49
:108100004D4AA2FB03239B09B0FBF3F00023C8F800
:108110000030FFF785FEDFF898810E2156481BF0EE
:1081200083FF98F80C30002B40F04E81D8F8000007
:108130002268D8F80830C8F80820D31A3E4AA2FBB3
:1081400003239B09B0FBF3F00023C8F80030FFF7CE
:1081500067FE0E2149481BF067FF29464848FCF797
:108160006BFFDFF85081FFF75BFE0E2145481BF0E7
:108170005BFF29464448FCF75FFFFFF751FE0E21E5
:1081800042481BF051FF98F80C30002B40F0EC8077
:10819000D8F800002268D8F808302749D31AC8F860
:1081A0000820A1FB03139B09B0FBF3F000238542D9
:1081B000C8F8003094BF401B0020DFF8FC80FFF7B8
:1081C0002FFE0E2132481BF02FFF98F80C30002BA9
:1081D00040F0BE80D8F800002268D8F80830164970
:1081E000D31AC8F80820A1FB03139B09B0FBF3F0D6
:1081F0000023854262E000BF44DB012024160020FA
:108200002C16002068DB012034160020C8DD012078
:108210003C160020ECDD012084DA01204416002009
:1082200030330120ABDF0120E0860120D4CF0120D4
:1082300038DF012048160020D34D6210085000207E
:1082400040DF0120581600205C1600208C8C012095
:108250006C1600207C160020E08A01208C1600207D
:10826000788C01209C160020AC160020BC16002043
:10827000CC160020DC160020EC160020FC16002096
:108280005CCF01200C17002028D101201C170020F2
:108290002C170020A8DA0120CC86012064D101200F
:1082A0009886012050D101203CD10120E0D201204C
:1082B000F4D20120F4880120E08C0120C8F80030BD
:1082C00094BF401B0020DFF8D481FFF7A9FD0E21E9
:1082D0006D481BF0A9FE98F80C306BBBD8F8000075
:1082E0002268D8F808306949D31AC8F80820A1FBD9
:1082F00003139B09B0FBF3F085424FF0000394BFDA
:10830000401B0020C8F80030FFF78AFD604819F0D4
:1083100083F8B9E500235F495F4A0B80A2F89834DF
:10832000CBE519F05DFD337B316813B17368C91A71
:10833000014400233373E6E519F052FD98F80C3040
:10834000002B6ED1D8F80000002388F80C30C7E766
:1083500019F046FD98F80C30002B6CD1D8F80000CD
:10836000002388F80C3037E719F03AFD98F80C3004
:10837000002B74D1D8F80000002388F80C3009E7EE
:1083800019F02EFD98F80C30002B5ED1D8F80000C3
:10839000002388F80C3071E619F022FD98F80C30B3
:1083A000002B66D1D8F80000002388F80C30A1E635
:1083B00019F016FD99F80C30002B41D1D9F80000C6
:1083C000002389F80C3017E619F00AFD98F80C30F4
:1083D000002B49D1D8F80000002388F80C30A7E61C
:1083E00019F0FEFC99F80C30A3BBD9F8000000236B
:1083F00089F80C301EE619F0F3FC98F80C30EBBB52
:10840000D8F80000002388F80C3055E619F0E8FC95
:1084100099F80C3053B9D9F80000002389F80C30D2
:10842000B3E5D8E900329B1A18448DE7D9E9003248
:108430009B1A1844F1E7D8E900329B1A18448FE7D9
:10844000D9E900329B1A1844BAE7D8E900329B1ADE
:1084500018449DE7D9E900329B1A1844C7E7D8E9C8
:1084600000329B1A184487E7D8E900329B1A184457
:10847000B2E7D8E900329B1A184495E7D8E90032F0
:108480009B1A1844BEE700BF3C170020D34D621072
:108490003033012078DF0120F881012078D20120DB
:1084A00010B50D4CA3796279134302D10B4B012215
:1084B0001A70237A53B105211A2019F0F7FC237B97
:1084C000074AB3FA83F35B09137510BD02211A2022
:1084D00019F0ECFCF3E700BF4C480120AADF0120B3
:1084E000AC860120F8B512214B481BF09DFD9FED95
:1084F0004B0A05201AF0A4FB9FED480A06201AF04B
:108500009FFB0121042019F0D1FC0021042019F067
:1085100091FC0221084619F0C9FC0221032019F040
:10852000C5FC0521292019F0C1FC05211B2019F0EB
:10853000BDFC012019F044FD04460220E4B219F00C
:108540003FFD40F6641360F30F24A4B29C4244D074
:10855000334F02220121334819F0DCFE102264213E
:10856000384619F0D7FEC8212F480E2219F0D2FE46
:1085700023212E481BF058FD7978F0EE086A7B79AC
:108580002B4A5B1A07EE903AF8EEE77A87EEA67A66
:1085900082ED007AFFF784FF0E2126481BF044FD90
:1085A0000C2019F0DDF9102019F00AFA0521272016
:1085B00019F07CFC204B0122252120481A701BF069
:1085C00033FD1F4B93F85620032A05D0997C0322D4
:1085D00083F85810A3F85620F8BD114F3C4607F118
:1085E0001006C7F16405601919F0EAFC04F8010BE4
:1085F000B442F8D10C4C04F10E06C4F1C805601960
:1086000019F0DEFC04F8010BB442F8D126210D4824
:108610001BF00AFDB0E700BFEC190020000C8F46EC
:1086200020DF0120FC3101204C480120001A0020ED
:10863000A0DB0120F821002097DF01204C1A002048
:1086400074CF0120241A002038B50D46044619F0D5
:10865000C7FB084A084B0121D26B586092F884206E
:108660001973042A00D038BD29462046BDE8384099
:10867000FAF752BAF8DA0120F4D2012038B50546EB
:1086800019F0AEFB0D4B01220D4CDB6B606093F8D3
:1086900084302273042B00D038BD0A4B2946186859
:1086A0000EF09AFB19F09CFB237B23B1D4E9003236
:1086B0009B1A034423600023237338BDF8DA01209A
:1086C000F4D20120FCDE01202DE9F04105460C46E4
:1086D000294804211BF0A8FCA96B00231022C978AB
:1086E000264818F0C3FE012125481BF09DFCA96B0C
:1086F00000230A22C978214818F0B8FE0221214837
:108700001BF092FC34B120461FF05AF80146204677
:108710001BF08AFC20461FF053F8C4B2132C08D873
:10872000194E013401213046E4B21BF07DFC142CBB
:10873000F7D12A6C1549114818F08AFE2B6C013BC1
:10874000042B16D90424DFF848800C4F0E4E224625
:10875000AB6B4146384601349A5C18F079FE012132
:108760003046E4B21BF060FC2B6C2246013B9C427D
:10877000EED3BDE8F08100BF542600203033012045
:108780005C2600206026002008500020642600207F
:1087900070260020F0B5154E83B0002430680346E3
:1087A00000F1C70103E0994284EA020403D013F800
:1087B000012F2A2AF7D10E4F2311002569463A6866
:1087C00004F00F048DF80150D35C8DF800301EF0DA
:1087D000F9F93B6801A930681B5D8DF805508DF8EB
:1087E00004301EF0EFF903B0F0BD00BF8C4601204D
:1087F000204101208C4B01222DE9F041064684B036
:108800008A4C1A70002800F0B380894B226803CB91
:1088100010605160874920681EF0D4F92768DFF89E
:108820007C8238461EF0CCFFB8F8005082493D5299
:1088300020681EF0C7F9276838461EF0C1FF7F493F
:108840003D5220681EF0BEF9276838461EF0B8FF7A
:108850007B493D5220681EF0B5F9276838461EF066
:10886000AFFF78493D5220681EF0ACF927683846C2
:108870001EF0A6FF74493D5220681EF0A3F9276838
:1088800038461EF09DFF71493D5220681EF09AF94E
:10889000276838461EF094FF6D493D5220681EF04F
:1088A00091F9276838461EF08BFF6A493D522068CF
:1088B0001EF088F9276838461EF082FF66493D524F
:1088C00020681EF07FF9276838461EF079FF634B59
:1088D0003D521B7823B1624B1A7B302A00F0968000
:1088E000604920681EF06EF9276838461EF068FF60
:1088F000B8F800503D52002E40D05B4920681EF071
:1089000061F9266830461EF05BFF584935522068F1
:108910001EF058F9266830461EF052FF5449355271
:1089200020681EF04FF9266830461EF049FF514975
:10893000355220681EF046F9256828461EF040FF93
:108940004D4B1B882B52FFF725FF256828461EF04C
:1089500037FF4A4B1A889B782A5228448370206834
:10896000FFF78CFE464B1B789BBB04B0BDE8F08143
:10897000444B226803CB106051604BE7424E6A467D
:108980000221042096ED000BB7EEC00B19F03EFE5D
:10899000694620681EF016F9276838461EF010FF59
:1089A0003D5202AA0221042096ED100BB7EEC00B37
:1089B00019F02CFE02A920681EF004F92668304642
:1089C0001EF0FEFE3552266830461EF0F9FE355286
:1089D000B2E72E4900230A222D48096818F046FD07
:1089E00001212C481BF020FB246834B120461EF0E6
:1089F000E7FE014620461BF017FB254818F00CFD4A
:108A0000254B00221A7004B0BDE8F081597B2E2955
:108A10007FF466AF997B30293FF662AF1A7443F258
:108A20003002DA815CE700BF9EDF01208C46012026
:108A30007C2000200889012014890120238901203D
:108A40002689012035890120388901203A890120B1
:108A50003E890120438901204F8901209648012049
:108A600008D3012014D30120B48C0120BA8C01203A
:108A7000C08C0120C68C012060190020B03F00206E
:108A8000A6DF0120842000202886012038DF012075
:108A900030330120085000209ADF01208C20002074
:108AA000F8B50D20012419F0EFF901460D20864D8F
:108AB000B1FA81F1490919F0BDF9844B84495A682A
:108AC000844822441C700C705A602C701CF036F8DC
:108AD00001462246804C8148C9B2FCF7D9FA19F008
:108AE0007FF97F4A94F881341060ABB97D4E747D74
:108AF000002C66D17C4E0A224FF6FF7031461CF0E6
:108B000069F87A4BB4711B7B3473B474002B00F09A
:108B1000AA8000232B70F8BD94F88034002B38D144
:108B2000734ED4F89024336833689B1A962BF2D98D
:108B300094F88134002BEED06E4B1B78002BEAD0DA
:108B4000B4F8983464320133C4F89024A4F898340B
:108B5000694B1B78002B40F0A980022167481BF06D
:108B600063FA00230A223168654818F07FFC01216E
:108B700064481BF059FAB4F898246349604818F027
:108B800067FC00234FF0FF322B7084F88034626161
:108B9000F8BD2B78002B76D1554ED4F8902431684F
:108BA000891A322908D95349097829B194F884746B
:108BB00084F88034002F70D033689B1A962BBBD872
:108BC000F8BD4A481BF0BAFF07EE900A4F4BB8EECB
:108BD000E77B4F4C4F4821469FED396B27EE067BD4
:108BE000BDEEC77B17EE102A9A5CF9F7BDFE0A228C
:108BF0003D49B4F900001BF0EDFF337D0A22002B44
:108C000035D14549B4F902001BF0E4FF0A2243497B
:108C1000B4F904001BF0DEFF3369B3B1B4F90820E6
:108C200007EE903AB2EE044B002305EE102AB8EEA0
:108C3000677B3361B8EEC55B85EE076B26EE047B80
:108C4000BDEEC77B17EE103A1BB20A22B6F91E0022
:108C5000334923811BF0BEFF00232381234B1B7B61
:108C6000002B7FF456AF0120FFF7C4FD51E72B49DD
:108C7000B4F902001BF0AEFF0A222749B4F9040040
:108C80001BF0A8FFC8E7194B187B98B1002384F8A4
:108C9000803484F882342B7042E71C2121481BF079
:108CA000C3F9D4F8902484F884743DE7144818F08C
:108CB000B3FB52E7FFF79EFDE8E700BFAFF300808C
:108CC0009A9999999999B93FA8DF012044DB01202D
:108CD0009ADF012038890120F881012074CF01201A
:108CE00000DA0120AC860120B48C01208CDB01204D
:108CF00038DF0120B2DF0120A6DF0120B03F0020D5
:108D00003033012008500020B0200020E023002054
:108D100078DA012008DA0120C08C0120BA8C012009
:108D2000C68C0120902000202DE9F0439E4C83B09A
:108D300019F056F89D4D94F8986001236860C6F1CB
:108D400096062B73002E00F3A1809DF80430413B62
:108D5000122B00F20B81DFE813F00F01090109016A
:108D600015011B012101090109010901090109017D
:108D70000901090109010901090109011300130091
:108D80000A228B4904201BF025FF94F89860C6F155
:108D90009606062E33DC874B1B787BB9FFF780FEE7
:108DA00019F01EF82B7B23B1D5E900329B1A03443E
:108DB0002B6000232B7303B0BDE8F0837E490023B2
:108DC0000A227E48096818F051FB7D4B7D4C1A88B9
:108DD0007D497A4818F03CFB01217C481BF024F9BE
:108DE00020461EF0EDFC023820441BF0A7FE014691
:108DF000724818F005FB714818F00EFBCEE794F8A6
:108E00008F704FF0000894F890102744704801319B
:108E100097F80190214487F801801EF00FFC072E7F
:108E200087F80190B7D094F88F1094F88E700131C4
:108E300068482744214497F8019087F801801EF084
:108E4000FDFB082E87F80190A5D094F88E1094F8B9
:108E50008D70013160482744214497F8019087F8CC
:108E600001801EF0EBFB0A2E87F8019093DD94F849
:108E70008B6094F88C102644584801312144747852
:108E800086F801801EF0DAFB747084E794F8958010
:108E9000002794F89610A0444A48194498F8019085
:108EA000214488F801701EF0C9FB012E88F801905A
:108EB0003FF44BAF94F8951094F8948001314848F2
:108EC000A044214498F8019088F801701EF0B6FB88
:108ED000022E88F801903FF438AF94F8941094F87B
:108EE000938001313F48A044214498F8019088F8CC
:108EF00001701EF0A3FB032E88F801903FF425AF0C
:108F000094F8931094F8928001313748A04421449A
:108F100098F8019088F801701EF090FB042E88F8F4
:108F200001903FF412AF94F8921094F891800131BF
:108F30002E48A044214498F8019088F801701EF052
:108F40007DFB052E88F801903FF4FFAE94F8906009
:108F500001A894F891102644013196F8018021442B
:108F600077701EF06BFB86F80180EEE60A2210494E
:108F700000201BF02FFE08E70A220D4901201BF0FC
:108F800029FE02E70A220A4902201BF023FEFCE622
:108F90000A22074906201BF01DFEF6E60A220449B4
:108FA00005201BF017FEF0E6B4DC01203CD10120C7
:108FB00038890120A6DF012038DF0120303301206D
:108FC00078DF012008890120601700200850002068
:108FD0003A8901203E890120438901204F890120DF
:108FE0001489012023890120268901203589012047
:108FF0002DE9F8437D4C18F0F3FE7D4E012394F8E3
:1090000098507060C5F196053373002D13DC794BD1
:109010001B78002B40F0C880FFF742FD18F0E0FEFF
:10902000337B23B1D6E900329B1A0344336000231B
:109030003373BDE8F88394F89580002794F8961070
:10904000A0446D48194498F80190214488F80170B3
:109050001EF0F4FA012D88F80190D8D094F89510FC
:1090600094F8948001316548A044214498F8019017
:1090700088F801701EF0E2FA022D88F80190C6D03F
:1090800094F8941094F8938001315D48A0442144F1
:1090900098F8019088F801701EF0D0FA032D88F836
:1090A0000190B4D094F8931094F89280013155480F
:1090B000A044214498F8019088F801701EF0BEFA8F
:1090C000042D88F80190A2D094F8921094F8918021
:1090D00001314D48A044214498F8019088F801706E
:1090E0001EF0ACFA052D88F8019090D094F89110FC
:1090F00094F8908001314548A044214498F80190AB
:1091000088F801701EF09AFA062D88F801903FF455
:109110007EAF94F8901094F88F8001313C48A044C1
:10912000214498F8019088F801701EF087FA072D05
:1091300088F801903FF46BAF94F88F1094F88E800C
:1091400001313448A044214498F8019088F8017016
:109150001EF074FA082D88F801903FF458AF94F887
:109160008E1094F88D8001312B48A044214498F84A
:10917000019088F801701EF061FA0C2D88F80190BA
:109180007FF745AF94F8895094F88A102544234816
:10919000013121446C786F701EF050FA154B6C70E1
:1091A0001B78002B3FF438AF1D4900230A221D48CD
:1091B000096818F05BF91C4B0F4C1A881B491948B9
:1091C00018F046F901211A481AF02EFF20461EF029
:1091D000F7FA023820441BF0B1FC0146114818F0A0
:1091E0000FF9104818F018F916E700BFB4DC012099
:1091F0003CD10120A6DF012008890120148901202B
:109200002389012026890120358901203889012000
:109210003A8901203E890120438901204F8901209C
:1092200038DF01203033012078DF01204C17002087
:1092300008500020F0B5A04CA04B94F8E050C4F8C2
:109240009C30042D72D8002D00F0338104F1A80C5D
:109250004FF0000E9A4EACF105039948472201E009
:1092600010F8012F13F8011F2D2A18BF914201D0C9
:109270002D295CD19C45F3D1924F4FF0000E924EB8
:109280007B1F9148472201E010F8012F13F8011FBE
:10929000914218BF2D2A02D02D2940F0F8809F421C
:1092A000F2D194F8E050874F4FF0000E874E7B1FAD
:1092B0008648472201E010F8012F13F8011F2D2ADC
:1092C00018BF914202D02D2940F0EA809F42F2D18E
:1092D00094F8E0507B4F4FF0000E7D4E7B1F7C4892
:1092E000472201E010F8012F13F8011F914218BF27
:1092F0002D2A02D02D2940F0B8809F42F2D194F857
:10930000E050704F4FF0000E724E7B1F71484B22A1
:1093100001E010F8012F13F8011F2D2A18BF914208
:1093200002D02D2940F0AA809F42F2D1F0BD0EF16B
:10933000010E0CF10C0C5FFA8EF39D428BD8A42227
:109340000C2313FB052396E80300E2180026E050E7
:10935000117194F8E030604803EB43020133DDB251
:1093600004EB8202042D84F8E05082F8A960C2F870
:10937000AC00DBD8002D7FF47FAF534EA4220C232A
:1093800013FB052396E80300E2180026E050117154
:1093900094F8E030514803EB43020133DDB204EBB3
:1093A0008202042D84F8E05082F8A960C2F8AC0073
:1093B000BCD8002D7FF477AF444EA4220C2313FBBE
:1093C000052396E80300E2180026E050117194F896
:1093D000E030434803EB43020133DDB204EB820289
:1093E000042D84F8E05082F8A960C2F8AC009DD842
:1093F000002D7FF46FAF364EA4220C2313FB052300
:1094000096E80300E2180026E050117194F8E0306D
:10941000344803EB43020133DDB204EB8202042D36
:1094200084F8E05082F8A960C2F8AC003FF67EAF45
:10943000002D7FF466AF274EA4220C2313FB0523D7
:10944000002596E80300E218E050117194F8E0302E
:10945000254803EB4302013304EB820284F8E03039
:1094600082F8A950C2F8AC00F0BD0EF1010E0C3725
:109470005FFA8EF39D423FF631AFBDE70EF1010E6C
:109480000C375FFA8EF39D423FF63FAFD4E70EF103
:10949000010E0C375FFA8EF39D423FF6F1AE6DE799
:1094A0000EF1010E0C375FFA8EF39D423FF6FFAED0
:1094B00083E7034E43E700BFB4DC0120E908000066
:1094C000E41800205CDD0120EC180020F4180020D6
:1094D000FC18002004190020F16D0000296B000029
:1094E00085080000814400002136000010B50E4CB4
:1094F000637D63B90D4817F05FFD0D4817F05CFD03
:109500000C4817F059FD0C4B01221A7010BD0121B7
:109510002046FDF755FD0028ECD101212046FDF73E
:109520004FFD0028F3D0E5E7AC8601206034012030
:109530002035012040330120B2DF0120014B002102
:109540001868704738DF01201D4B1A7830B472B9A3
:109550001C4C01221A70D4F880201B4B42F440525C
:10956000C4F880200222194C1C601A60DB6F19B30A
:109570000144174D0138144A2B6801F1FF3C154C8A
:1095800007E004EB83010133096800F8011F8445FB
:1095900011D00F2BF5D91368590505D41368DB04D6
:1095A00002D413685905F9D521460123096800F84A
:1095B000011F8445EDD12B60012030BC704700BFF6
:1095C00091DF012000C00F4000C00C4040000100AE
:1095D000843B012040C00C40F0B50C4697B00546D6
:1095E0002F21204616461F461DF0EAFB50B31B4BA9
:1095F000D3F800C00023441C194A3C2107A8CDE938
:109600000254CDE900C3CDE904670CF04FFE3A28BF
:1096100007AB4FF02D0128BF3A200DF11B040DF1CF
:109620005605C0F13C0218441DF07AFA3E238DF82D
:10963000563014F8010F002107F0E2FCA542F8D1E2
:1096400017B0F0BD5C2120461DF0BAFB034BD3F8E8
:1096500000C000230028CFD0CDE700BF38DF0120B5
:10966000784100200FB410B582B000210A4804AC44
:1096700001AB54F8042B01940DF098F800210D2053
:1096800007F0BEFC00210A2007F0BAFC02B0BDE8DA
:10969000104004B0704700BF01EE0000F0B5844DEB
:1096A0000026844CCBB0EF6B20463E77F9F7CEF81E
:1096B000B860EF6B601DF9F7C9F838616FF0FF0013
:1096C000EF6B15F0F5FBA3783221F8600AA801933F
:1096D0006378794A009323780CF0E8FDA378774A01
:1096E0009621019324A86378009323780CF0DEFD83
:1096F000A378734A3221019317A8637800932378E3
:109700000CF0D4FD28466F4D33460AA96E4A14F07A
:1097100045FF2B68002800F0A180022B79DC002394
:1097200024A96A4A624814F039FF2B68002800F027
:10973000B180022B62DC0023654A17A95C4814F053
:109740002DFF2B68002800F09780022B4BDC614B2B
:109750000A2293E803000DF11203ADF81010090C72
:1097600003908DF81210194620781BF033FA03A8E5
:109770001EF026F8584B0A221E8803AB1E520130F9
:10978000191860781BF026FA03A81EF019F803AB2D
:1097900001460A22A0785E520131504C03AE1944B2
:1097A0001BF018FA03A81EF00BF803AB844603EB7A
:1097B000000E002303CC1A4646F80C00CEF8041025
:1097C00021883B48AEF80810314615F01FF890F894
:1097D000AE30434A13F0040F2B68106030D0022BD8
:1097E00022DC4BB0F0BD3F4B40F219223E49032032
:1097F000FFF7F2FE3D48FFF735FFA8E7394B4FF47E
:10980000047239490320FFF7E7FE3948FFF72AFFC2
:1098100091E7344B40F2062233490320FFF7DCFE88
:109820003448FFF71FFF7AE72E4B40F22F222E49D4
:109830000320FFF7D1FE3048FFF714FF4BB0F0BD17
:10984000022BCEDD274B40F2332227490320FFF7BE
:10985000C3FE2A48FFF706FF4BB0F0BD022B7FF78F
:109860005EAF204B032040F20A221F49FFF7B4FEEF
:109870002348FFF7F7FE52E7022B7FF768AF194B3B
:1098800040F21D2218490320FFF7A6FE1D48FFF7EE
:10989000E9FE5CE7022B7FF74EAF124B4FF40572E7
:1098A00003201149FFF798FE1748FFF7DBFE42E758
:1098B000F8DA01207C460120082200202022002026
:1098C000382200202C46012069A6000031A60000A5
:1098D000150B000030230020243E002038230020F8
:1098E000FCDE0120502200205C220020F422002017
:1098F000B42200207422002044230020582300209A
:109900009422002014230020D42200202DE9F04FBF
:10991000C3690746374C00F1200B90F8188085B0DA
:1099200090F810A0054690F81490334E84F8028009
:1099300084F800A0304684F80190E37017F8013BEA
:10994000394633731DF07AFE59462C481DF076FED9
:1099500001230F224FF496712372FF23204684F8CF
:10996000078084F80C80DFF8A880637384F805A072
:1099700084F80AA084F8069084F80B9018F0CAFCCA
:109980000D224FF4C871304618F0C4FCD8F80030EE
:10999000022B02DC05B0BDE8F08F194B12221949E9
:1099A0000320FFF719FE02972B78594616480393B8
:1099B000EB690193AB690093D5E90423FFF752FEED
:1099C000D8F80030022BE5DD0D4B13220D490320A2
:1099D000FFF702FE337BE078A1782278CDE9001012
:1099E000CDE90263054963780848FFF73BFE05B0FF
:1099F000BDE8F08F7C4601208CDB0120584301201C
:109A0000D81F0020E81F0020002000202420002074
:109A10002C4601202DE9F043DFF8FC8085B0074695
:109A2000444608F10F06C8F59675601918F0C8FA93
:109A300004F8010BB442F8D1DFF8C4904C4609F1A8
:109A40000D06C9F5C875601918F0BAFA04F8010BCB
:109A5000B442F8D1294D2B68022B20DC98F8002065
:109A60003C4699F80C3007F120063A6198F801203D
:109A700098F802107A6198F80320B961FA612049D8
:109A800004F8013B20461DF0D9FD1E4930461DF06B
:109A9000D5FD2B68022B1BDC05B0BDE8F0831A4B0B
:109AA0001B221A490320FFF797FD99F80C3098F80C
:109AB000002014491648CDE9029398F80330019329
:109AC00098F80230009398F80130FFF7CBFDC5E716
:109AD0000D4B23220D490320FFF77EFD3B78FD69E6
:109AE0003146CDE90243D7E905303A69CDE90005B1
:109AF0000848FFF7B7FD05B0BDE8F0832C4601200C
:109B00008CDB012058430120A41F0020E81F002007
:109B100024200020B41F00207C4601204349444AF1
:109B20004448F8B5CB6E444C43F44063CB66C2F86E
:109B3000E840C2F8E400D2F8E030002BFBDA3F48FE
:109B40004FF480343E494FF48047C2F8E8404FF468
:109B50000044426800263B4B11403B4D052241F436
:109B60000031416043F2E901C3F87421C3F8782160
:109B70004BF2E902686840F440406860C5F88440F0
:109B80000124C5F88870C3F87C132046C3F88413F9
:109B9000C3F88023C3F898133121C3F88823C3F88E
:109BA0008C23C3F890230322C3F894131621C3F81F
:109BB0009021C3F88C21C3F8A411C3F8A821C3F8DD
:109BC0009421C3F8A021C3F89821C3F89C21022254
:109BD000C3F8B861C3F8B461C3F83024C3F834449F
:109BE000C3F83844C3F83C44C3F84044C3F82C4499
:109BF00018F0A2F82046C5F8847018F09DF84FF0D0
:109C0000E023C3F8846DBFF34F8FD3F8142D22F4F3
:109C10008032C3F8142DBFF34F8F0C4A0C49C2F8A1
:109C200008124FF48022C3F80C21F8BD00C00F4089
:109C300000800D40012021000F10010000C00A40EB
:109C4000FFDF7DFF00801F4000400042004C0120EC
:109C500009D201002DE9F0410D46002301461022F2
:109C600012486C1E17F002FC0735DFF85080042103
:109C70000E4F0F4E0F481AF0D7F914F8011F0F2995
:109C80000DD900231022384617F0F0FBAC424FF0FC
:109C900001013046EFD1084B1970BDE8F081012178
:109CA00040461AF0C1F92178EBE700BF30330120BC
:109CB0000C24002054200020A5DF0120B4550020F2
:109CC0002C4A2D4B107893ED007A07EE900A2B4921
:109CD000F0EEC76AF8EEE77A67EE877AFDEEE77A8C
:109CE00017EE903A1BB2002B18460B803CDB2FD1AD
:109CF000F0EE087AF4EEE76AF1EE10FA26D5527823
:109D000007EE902A1E4AF8EEE77A92ED007AE7EE27
:109D1000267AFDEEE77A17EE902A12B29A4201DA1D
:109D200013460A8052429342164BB8BF0A809A7873
:109D300012B10A8852420A80DB7A33B1B1F900309D
:109D400013F1FA0F09DA41230B8070475279E5E7E6
:109D5000137903441BB20B80CAE7FA2BA8BFFA237E
:109D60009B1080331BB2EFE710791B1A1BB20B80DC
:109D7000BEE700BF20DF012018DF01207EDF0120C9
:109D8000A0DB01204C4801202DE9F0439B4B83B020
:109D90009B49002201930B6AC3F3012308336B44F0
:109DA00013F8043CC0E90122C0E90322002B00F0B3
:109DB0000C8100F5804692499A20924B0324924AE6
:109DC0000025C6F85C021920C3F8A822D1F8842027
:109DD0008E4B42F47072C1F8842041F2B00186F8D3
:109DE00065428B4A8B4CC3F8A400C3F89412C4F8A4
:109DF0008C53C3F8A800C3F89812136823F00043EB
:109E00001360136843F0A04313601368DB01FCD5B3
:109E100053687F4943F008035360136843F080435D
:109E200013600B68DF02FCD40A68794B42F00072C1
:109E30000A601A6812F00072FBD1754B1968CD01E7
:109E4000FCD5196841F400311960196841F480317A
:109E50001960196841F480511960196841F4005182
:109E60001960196841F480011960196841F40021F2
:109E70001960196821F408411960596B41F4E02117
:109E80005963196841F400111960196841F0806143
:109E900019601D68196805F0807541F0A0411960CE
:109EA0005B490B68DC01FCD50B68DFF874E123F03B
:109EB0000053DFF870C1564F0B6000234B62184609
:109EC0008B62096803EB0E0103EB0C0401330901FB
:109ED000A400C860DBB28860486008602060396810
:109EE00001F07F0101318B42ECD3B864002438616A
:109EF000F96A3B6BF9623B633B68DFF82491444F9E
:109F0000DFF8208119E03B6803F07F030133B2EBF7
:109F1000930F34BF4FF080634FF08C630B607B6B0B
:109F2000C3F300439B0703603B68013403F07F03E6
:109F3000E4B2013322469C421FD23B6804EB090184
:109F400004EB080003F07F03090180000133B2EB4A
:109F5000530FD8D34FF000630B603B68980003D5D4
:109F6000F8F7ACFCA042DFD801231F2C03FA04F35E
:109F700023D8BA6A1343BB62D6E73DB93B68244A8B
:109F800023F080533B601368D901FCD4204A136846
:109F900023F0805313601368DB01FCD4D6F85C22F5
:109FA00001211D4B03EB521302F01F029B0001FA2B
:109FB00002F21A6003B0BDE8F083A4F1200101238E
:109FC0007A6A8B4013437B62AEE70B6A134A23F431
:109FD0007F7343F480730B621368002B3FF4E9AE88
:109FE0000B4A00F580461C6818465268D6F8601285
:109FF000C2F3C002636852009847DCE63C18500088
:10A0000000C00F40004C01209D04000000801F4054
:10A0100000801D4000841F404038003894D5012046
:10A0200008D801042062071038B5154D1C21154CC5
:10A03000154819F0F9FF284617F0EEF92046FFF70A
:10A04000A3FE002211492046F8F73CFB04F58044AA
:10A05000642017F071FE1A210D4819F0E5FF002366
:10A06000D4F860120A22284617F000FA03210948A2
:10A0700019F0DAFF2846BDE8384017F0CDB900BF27
:10A0800030330120F48C01207423002090D0030091
:10A0900094230020B02300202429F8B504461ED0C4
:10A0A00090F8E1300D46062B00F24581DFE803F021
:10A0B000072E475E6C2804000A2D00F0C3800122A1
:10A0C000D4F89C30227003B198470023962284F87C
:10A0D000E13084F8973084F898202370F8BD90F828
:10A0E000E1302BB10022962380F8972080F8983039
:10A0F00000230122237084F8E33084F8E120F8BDC6
:10A100000D2DDCD1062384F8E130F8BD28461CF083
:10A1100095FA00287DD094F8973094F898209A42C8
:10A120006FD9042B00F2FF805A1C234484F8972037
:10A130005D7094F8E3306B4084F8E330F8BD94F838
:10A14000972094F898309A425BD22A2D00F098809C
:10A150002C2D00F0888094F8E330511C22446B4091
:10A1600084F8971084F8E3305570F8BDA5F13003FA
:10A17000092B37D928461CF077FA40B3462D26D84C
:10A18000A5F137035BB22EE0A5F13003092B12D9FC
:10A1900028461CF069FA28B1462D03D8A5F13703EB
:10A1A0005BB209E028461CF051FA662D87D80028DA
:10A1B00085D0A5F157035BB25A1C80D094F8E420F7
:10A1C0000521134384F8E11084F8E430F8BD2846F3
:10A1D0001CF03CFA00283FF472AF662D3FF66FAFDB
:10A1E000A5F157035BB2591C3FF469AF94F8E42022
:10A1F000DBB2042142EA031384F8E11084F8E4306E
:10A20000F8BD0222D4F89C302270002B7FF45CAFA2
:10A210005BE72A2D41D02C2D7FF451AF94F8983074
:10A2200094F8E320013B94F8970082F02C02DBB213
:10A2300084F8E3200222E11884F89830487084F80A
:10A24000E120F8BD94F8E230BBB394F8E42094F830
:10A25000E3309A4231D00422D4F89C302270002B93
:10A260007FF432AF31E7013B94F8E310DBB281F0C9
:10A270002C01E01884F8E31084F898304270F8BD9F
:10A28000013B00200321DBB284F8E400E01884F8ED
:10A290009830427084F8E110F8BD94F898300322A9
:10A2A00094F89750013B84F8E400DBB2E11884F89D
:10A2B00098304D7084F8E120F8BD94F896604FF026
:10A2C000000C2644777886F801C094F8E0E0BEF1EF
:10A2D000000F21D004F1A8056B1F204613F8012FB1
:10A2E00010F8011F2D2A18BF8A4201D02D290CD148
:10A2F0009D42F3D14FFA8CFC77700CEB4C0C04EBC5
:10A300008C03D3F8AC309847DFE60CF1010C0C3528
:10A310005FFA8CF37345DFD37770D4F8A030002B4D
:10A320007FF4D2AED1E60322D4F89C302270002B09
:10A330007FF4CAAEC9E60522D4F89C302270002B07
:10A340007FF4C2AEC1E600BF1F291C4810B423D859
:10A350000123046B8B4023430363194B4FF00064CC
:10A36000D0790B441B011C60F8B1117A1068090503
:10A3700020F0604041F4C0015860D0685DF8044BA3
:10A3800000BA9860106900BAD860D27A41EA0242F5
:10A3900042F040621A607047A1F1200C0123C46AA8
:10A3A00003FA0CF32343C362D7E714680548117A14
:10A3B00000EA844009055860DFE700BF00801D40C7
:10A3C00008D801040000FC1F00F54053D3F85037B3
:10A3D000DB006BD53A4B00225B6B2DE9F04FC3F3EA
:10A3E000036843F2507443F2547943F2587A4FEAC7
:10A3F000C80808F1080807E01D596D0F052D31D078
:10A400000132D3B2984558D902EB420700EBC7039B
:10A410001D591E196D0F012D0ED01D596D0F022DE6
:10A42000EAD153F809508D42EAD853F80A308B42EA
:10A43000E6D30120BDE8F08F1B5913F4607FDFD015
:10A440007F00002304E03568C5F3C215AB42D7D2C4
:10A450000133FD18DBB205F6D45550F825508D4276
:10A46000F1D1E6E71D5915F4607FC9D003F55D53BE
:10A470007F004FF0010C9346243305E03568C5F3A7
:10A48000C2150135AC4513D207EB0C051A680CF167
:10A49000010C05F6D45502EA010E5FFA8CFC50F867
:10A4A00025501A681540AE45E8D1C2E70120704733
:10A4B0005A460132D3B29845A6D80020BDE8F08FA5
:10A4C00000801D4001EB410143F6502C70B500EBBC
:10A4D000C10454F80C30DB002AD554F80C305B0F63
:10A4E000012B0BD054F80C305B0F022B45D054F8E5
:10A4F0000C305B0F052B1DD0002070BD54F80C50A4
:10A5000015F4607FF8D004EB0C0E4D00002305E03D
:10A51000DEF80010C1F3C21C6345EDD2013305EB38
:10A52000030CDBB20CF6946C50F82C409442EFD143
:10A53000012070BD54F80C5015F4607FDCD043F658
:10A5400064254900A4440123254407E0DCF80040C9
:10A55000C4F3C21E0EF1010E7345CDD22C6804EA7D
:10A56000020ECC18013304F69464DBB250F8244098
:10A570002E683440A645E9D1DAE743F65423E35880
:10A580009342B9D843F65823E058904234BF002094
:10A59000012070BD43884FF01A0CDBB210B50CFBE4
:10A5A00003030446002083F806016388DBB20CFB3A
:10A5B000034383F807216088C0B20CFB004000F51C
:10A5C00084701CF031FA6288238892B29BB283F4C3
:10A5D00080739A4204D123880133C3F30803238094
:10A5E00063880133C3F308036380A3889BB2FF2B06
:10A5F00003D8A38801339BB2A38010BD8B7DF0B537
:10A600000D468DB004464B4E002B4CD1336813F0F1
:10A61000005C25D0F8F752F93368844603F07F03D5
:10A62000013398421ED24449424807E003685FFA6A
:10A6300082FC03F07F0301339C4513D20CEB010332
:10A640000CF101021B011B68C3F30363082BEDD15E
:10A6500020462A466146FFF777FE01200DB0F0BD87
:10A660003368E0E70FCDEC46FF276E460DF1180E7C
:10A67000ACE80F0095E803008CE803008DF8147037
:10A680000FCEAEE80F009CE803008EE8030018220E
:10A6900041F61A300DEB02012044FFF77BFF4FF02B
:10A6A000FF300DB0F0BD306810F0005040D0F8F72A
:10A6B00005F9336803F07F030133834227D91E492C
:10A6C0001C4E05E0336803F07F03013398421ED22D
:10A6D0004318421C84461B01D0B21A681201F1D5FE
:10A6E0001B68C3F30363082B19D06E466F460DF148
:10A6F000180E0FCD0FC695E8030086E803008DF80D
:10A7000014C00FCFAEE80F0096E80300BDE70B4B77
:10A710004FF0FF3C1B68C3F30363082BE5D12046D1
:10A720002A465FFA8CF1FFF70FFE01200DB0F0BD55
:10A730003368C4E700801D4008D8010470801D40C4
:10A7400070B50C4B86B00C4C4FF0010E0568EC4612
:10A750001E680FCCACE80F0094E8030000968DF85B
:10A7600007E003958CE8030069460448FFF746FFBD
:10A7700006B070BD0032012094060020F48C012048
:10A78000304B314A1B6812689B1A632B2DE9F0414C
:10A79000044686B02D4D07D92B7813B906B0BDE815
:10A7A000F0812B48FFF7CCFF2B78002C3AD0002B00
:10A7B000F4D040F2C67204F1FF032649EC4602FBD6
:10A7C00003F3254D0127FF3381FB0321002B4FEAC3
:10A7D000E3721944214BC2EB2122D3F80080204BB5
:10A7E000ACBFA2F2E33EA2F5797E1E68002C0FCD2D
:10A7F000ACE80F0095E803009EFA9EF2CDF80080C9
:10A800008DF8077003968CE8030013DBADF8102079
:10A8100069461448FFF7F2FE1348FFF791FF06B0B0
:10A82000BDE8F081002BB9D0104806B0BDE8F0417A
:10A83000FFF786BF4FF6FF73ADF81020ADF812306A
:10A84000E6E700BF38DF0120A4DB0120A2DF012002
:10A85000A8450120818080809406002000320120DC
:10A86000C4450120F48C0120B8450120B0450120E9
:10A8700010B5144CB4F90000FFF782FFB4F90030B2
:10A88000002B0EDDFF21062018F074F9B4F900103A
:10A890000520C1F1FF0118F06DF90B4B22881A80D9
:10A8A00010BD5B42FF210520238018F063F9B4F945
:10A8B00000100620C1F1FF0118F05CF9024B22885C
:10A8C0001A8010BD7EDF01207CDF01200000000027
:10A8D0002DE9F04F83B0AA4C17F082FAA94D01235D
:10A8E000A94960600A6823732B689B1A092B0DD84D
:10A8F00017F076FA237B23B1D4E900329B1A034484
:10A9000023600023237303B0BDE8F08F0A320220D6
:10A910009E4E0A6017F0B8FAB0FA80F39C4A5B09C1
:10A9200013707279012A00F0BD81B379012B00F018
:10A93000D380984B1B78002B40F04F82DFF8B48215
:10A94000954FF379002B40F0C281337A002B40F011
:10A95000EE81737ACBB1914B1B78002B00F07082A3
:10A960008F4B93ED007AB37A07EE903AF8EEE77AE0
:10A97000F4EEC77AF1EE10FA07D80023894A88F876
:10A98000003013600122884B1A702920DFF868B26A
:10A9900016F08EFF6E289BF800308146CCBF4FF03A
:10A9A000000A4FF0010A53450BD0804A804B814981
:10A9B0006E28C8BF134652467F4816F049FD8BF8F3
:10A9C00000A098F800207D4BB2FA82F21B78520961
:10A9D0009B0043EA42037A4AB9F16E0FC8BF43F0C5
:10A9E0000103DFF81892137099F80030002B40F043
:10A9F0009881744B1B78002B40F08980724B1B7838
:10AA0000002B40F08480714D99F80010B5F90020BA
:10AA100033786F48002B00F09C804388D0ED026AA9
:10AA2000C3F565436B3313441BB207EE903A2B809A
:10AA3000B8EEE77AB1EE477AC7EE267ADFF8C0A122
:10AA4000CAED007AF5EEC07AF1EE10FA05D590ED78
:10AA5000037A67EE877ACAED007A5E4BDFF8A4913D
:10AA600093ED007A77EEC77AC9ED007A002940F0BD
:10AA70009B81594A11784B1CFA29DBB2137040F2C2
:10AA8000C380662313700023464A88F800301360A1
:10AA90000025524A524B15801D8072B6514B5D61A4
:10AAA0001D7662B60420294617F0C4F9FFF7E0FED0
:10AAB00097F85630032B3FF41BAFBA7C03264A4964
:10AAC00087F8582000967A6C3B4887F8575016F064
:10AAD000BFFC87F856600BE7002800F04382324B3A
:10AAE0001A78012A00F07682DFF808812A4F294B74
:10AAF0001B78002B3FF425AF3C4B1B7888F80030C7
:10AB0000002B00F064822A68264B1A6019E7272080
:10AB10002E4D16F0CDFE07EE900A99F80010B8EE13
:10AB2000E77A9FED156BB7EEC77A27EE067BBDEE91
:10AB3000C77B17EE103A1AB22A8000293FF468AF9B
:10AB40002B491D4816F084FC99F80010B5F9002037
:10AB50005EE7438890ED027AA3F5D453153B134486
:10AB60001BB207EE903A2B80F8EEE76AC6EE877AC2
:10AB700064E700BFAFF30080D7A3703D0AD7094058
:10AB80009886012038DF012004DA01204C4801209A
:10AB9000B4DF0120A0DF012074CF0120A2DF01205B
:10ABA00000DF012030DF0120AADF01200C1F002080
:10ABB000081F0020101F002030330120A4DF0120D7
:10ABC000B5DF012099480120B6DF012082DF012096
:10ABD00020DF01201CDF01209A4801207EDF0120B8
:10ABE0007ADF0120B4DA0120482500209FDF012010
:10ABF000301F002098480120BEDF012095DF012092
:10AC000014DF012018DF0120632B3FF641AF012143
:10AC1000042017F00FF9FFF753F8B94B1B78002BFE
:10AC200040F0EC80B74B1B782BB3B74BF1EE0C7AAE
:10AC300093ED007AB4EEE77AF1EE10FA1BD599EDB8
:10AC4000006AB0EEC66A9FEDA05BB7EEC66AB4EECE
:10AC5000C56BF1EE10FA02D5AC4B00221A80B7EEAC
:10AC6000C77A9FED996BB4EEC67BF1EE10FA02D570
:10AC7000A64B00221A80FFF7FBFD97F85630042BF5
:10AC80003FF436AEB97C04250022A14887F858105D
:10AC900087F8572000957A6C9E4916F0D9FB87F803
:10ACA000565025E69C49002832D0DFF8B0820020BB
:10ACB0000F7888F80000002F30D0984F0B70386064
:10ACC000974F87F85A20F379002B3FF43EAEDFF818
:10ACD000909299F81C30012B40F2748172B699F869
:10ACE000182062B68F4913B28F480380B1F9000073
:10ACF000984218BF0B80B37A93423FF626AE864A3D
:10AD0000012100231170854A88F8003013601CE689
:10AD10000878DFF84882002800F0CC80804F0B7064
:10AD2000D1E72A6881497A4816F092FB61E61A2039
:10AD300016F0BEFD07EE900ADFED7D6AB8EEE77A09
:10AD40009FED635BB7EEC77A27EE057BB7EEC77B57
:10AD5000B4EEE67AF1EE10FA4DD5B7EEC77A9FED74
:10AD60005E6B27EE067B734B93ED006A9FED5C5B99
:10AD7000B7EEC66AA6EE057BB7EEC77B83ED007A19
:10AD8000B37A07EE903AF8EEE77AB4EEE77AF1EEAE
:10AD900010FAFFF6DEAD604A0121002311705F4A10
:10ADA00088F800301360D4E51021634819F03CF9AD
:10ADB000B5F90010564816F023FB12215F4819F030
:10ADC00033F99AED000A02215148B7EEC00A16F095
:10ADD00063FB4F4816F020FB4BE6594BDFF87C81B4
:10ADE0001B78012B00F0DA8098F80020012A00F08F
:10ADF000FC804B4FA5E59FED3C7BB4E70B21514810
:10AE000019F012F9414B4248B3F9001016F0F8FA64
:10AE100014214D4819F008F94C4B3D48B3F9001086
:10AE200016F0EEFA0E214A4819F0FEF80023B17A26
:10AE30000A22374816F01AFB354816F0EDFAF1E60B
:10AE40001B2016F035FD314B07EE900A9FED417A3D
:10AE5000B3F90030B6EE082BB8EEE76ADFED3E7AC4
:10AE6000002BB8BF5B4236EE676A9BB2B7EEC66A8C
:10AE700007EE903A2F4BF8EEE77A9FED1D3B87EEF9
:10AE8000875A9FED1D4BB7EEC55A35EE025B86EE35
:10AE9000057B93ED006AB7EEC66AB7EEC77BB7EEE7
:10AEA000C77A27EE037BA6EE047BB7EEC77B83ED64
:10AEB000007A58E52F68194888F800200760184F75
:10AEC0000B7087F85A20FEE69A9999999999B93F9B
:10AED000333333333333C33F9A9999999999C93F9F
:10AEE0009A9999999999E93F00000000008049409A
:10AEF000333333333333D33F666666666666E63F85
:10AF0000ADDF0120964801209CDB01207EDF01207F
:10AF10003033012048250020AADF012030DF012046
:10AF200074CF0120944801207ADF0120281F0020DF
:10AF300000007F4300DF0120481F00205C1F00202D
:10AF40009FDF0120701F00207C1F00207CDF01207C
:10AF5000941F00200000C8430000B442984801201C
:10AF6000B4DA01203349087800287FF4BDAD324FB0
:10AF70003A78002A4BD1DFF8CC803B702F4F87F80E
:10AF80005A3098F80030002B0CBF0123002388F8BA
:10AF9000003045D12A682A4B1A60A8E598F800309D
:10AFA000002B7FF426AF23490A78012A7FF421AFD2
:10AFB0000B70224F2968224B88F80020196087F80F
:10AFC0005A20BEE472B64846FBF7F8FC87E61C4AF6
:10AFD0001360B6E418490A780132D2B2142A12D8A2
:10AFE000DFF86080154F0A7081E5124801780B4345
:10AFF0007FF4FFAE1249114F027088F800300B60E9
:10B0000087F85A209DE400220A701A706CE501321C
:10B01000D2B2052A07D83A70DFF82880074F66E5D4
:10B02000074B1A6063E53870DFF81880034F0B7028
:10B030005DE500BFAADF0120B3DF012074CF01204E
:10B0400030DF0120984801200978632910B50446B3
:10B0500082B0104614D041F214030B4404EB830376
:10B060005B6813B101929847019804F58044D4F8C5
:10B0700054311BB102B0BDE81040184702B010BDFA
:10B0800004F58044636D002BF1D00192984701983C
:10B09000EDE700BF2DE9F04F8C468DB00E46074618
:10B0A0006C46054600F110084FF00109DFF8A0A03A
:10B0B000BCE80F000FC49CE8030084E8030055F8C7
:10B0C000044F5CB19DF91420A36809FA02F11942FA
:10B0D00023D02368D3F800B0D34519D14545EED12C
:10B0E00007F5804393F850303BB3306806AC716885
:10B0F000B268F3680FC430691822716903C40DEB9C
:10B10000020107F11400FFF745FA0DB0BDE8F08F1A
:10B110009DF8153069462046D847237C002BDDD0AA
:10B120002368D3F800B09DF81530D345D6D020461B
:10B130004FF0FF326946D847D0E7337D324606A943
:10B1400038468DF81830FFF77FFF0DB0BDE8F08F5F
:10B150009904000000F5804393F85130002B00F073
:10B16000E080DFF888C22DE9F04F0F4689B0044631
:10B170000D4602AE0FCF0FC697E8030086E8030026
:10B18000DCF800309B0059D5DCF83430002743F25E
:10B190005078C3F30363DB0008339B463B460FE064
:10B1A00056F80820520F022A00F09E8056F8082018
:10B1B000520F052A00F0E1800137FBB29B453DD9D3
:10B1C00095F91420632A39D007EB470904EBC90627
:10B1D00056F8082006EB080A12F0604FECD056F83B
:10B1E0000820520F012ADBD156F80830EA79C3F360
:10B1F00000439A42E0D156F8083013F4607FDBD068
:10B2000000224FEA4909164606E0DAF80030F6B2A5
:10B21000C3F3C2139E42CFD20136029B09EB060252
:10B2200002F6D45254F822209342EED1632302A9AD
:10B2300020468DF81C30FFF72DFFE6E700236B4F0B
:10B240008DF80E303E6816F000563AD0F7F736FB10
:10B250003B68064603F07F03013383422ED943F651
:10B26000502743F65428DFF8849195F91430B342FF
:10B270001BD006EB460104EBC103DA5903EB070BC5
:10B2800012F0604F11D0DA59E879C2F3C0629042EF
:10B290000BD1DA59520F012A44D0DA59520F022A3F
:10B2A00011D0DB595B0F052B5FD0D9F80030013688
:10B2B00003F07F03F6B201339E42D6D309B0BDE856
:10B2C000F08F3B68CBE753F80810029A8A42ECD320
:10B2D00043F658215B589A42E7D802A920468DF8D8
:10B2E0001C60FFF7D7FEE0E756F80830EA79C3F3B1
:10B2F00000439A427FF460AF43F25473F258029BCA
:10B300009342FFF459AF43F25872B25893423FF65A
:10B3100053AF632302A920468DF81C30FFF7BAFE15
:10B320004AE77047DB5913F4607FBED04A00002320
:10B3300007E0DBF800105FFA8AF3C1F3C2118B4219
:10B34000B3D203F1010A029902EB0A0303F69463F4
:10B3500054F823309942ECD102A9204600928DF88E
:10B360001C60FFF797FE009AE3E7029A31462046F9
:10B37000FFF7A8F8002898D0AFE756F8082012F495
:10B38000607F3FF419AF43F264724FF0010AB218C4
:10B39000CDE9007525464F463446994616460AE0E3
:10B3A00054F808300AF1010AC3F3C2135FFA8AFAAB
:10B3B00001339A4516D20AEB4703316803F6D4539A
:10B3C00055F82320029B1940336813409942E7D176
:10B3D000632302A928468DF80E908DF81C30FFF7E4
:10B3E00059FEDDE72C46009F019DE5E600801D40EB
:10B3F000264A38B5136813F0005345D01368054644
:10B400000C4613F4004302D1926A92063CD41F4AC0
:10B41000136B13F0200337D0D2F88030C3F303410D
:10B42000C3F30050A380E172D2F8841003F4001239
:10B430002072DB0D002A21F0604112BF01220022A0
:10B44000890CE271114A216005F58041D2F888002B
:10B4500000BAE060D2F88C0000BA206191F8651261
:10B46000A37163236175237513681B0403D4136BE5
:10B4700043F02003136321462846FFF76BFE216843
:10B480002846FEF7A1FF38BD184638BD00801D4094
:10B490007C4B2DE9F0471F6881468A4617F000571C
:10B4A00002D0F7F70BFA0746764C09F5804622687A
:10B4B00096F8643202F07F020132934200F2DD809E
:10B4C0000325DFF8C48157E000295DD0B1FA81F28D
:10B4D000C2F14002934254DB206810F0005001D0CA
:10B4E000F7F7ECF9013D86F8640215F0FF0500F06E
:10B4F000C48023689A0005D5874203D9781EC0B25C
:10B5000086F86402236803F07F03013398420CD36A
:10B51000206810F0005001D0F7F7D0F9013D86F80F
:10B52000640215F0FF0500F0A880D4F824C0C0F133
:10B530002001A36AA0F120020CFA01F1C3402CFA09
:10B5400002F20B431343DB070BD400EB08031B0190
:10B550001A68110105D4110E01F00B0CBCF1020F99
:10B5600016D00130C3B286F86432226802F07F023E
:10B570000132934200F28180E16A226B52EA0100BB
:10B58000A2D196F86402B4E7B2FA82F220329FE7C1
:10B5900002F4001001F00F010028C2F300508AF8F5
:10B5A000080014BF012000208AF80700586820F026
:10B5B000604008BF800C0629CAF8000002D10121B2
:10B5C0008AF80910C2F303418AF80B1096F8641246
:10B5D000481C86F864028AF81410AAF8042096F829
:10B5E00065229AF807108AF815209A6800298AF8C7
:10B5F0000F2018BF4FF08C619A6808BF4FF0806130
:10B60000120A8AF80E209A68120C8AF80D209A689D
:10B61000120E8AF80C20DA688AF81320DA68120A07
:10B620008AF81220DA68120C8AF81120DA68120EF1
:10B630008AF8102019609AF81430A2681F2B14D8C9
:10B64000012202FA03F3226B134323635146484657
:10B65000FFF780FDDAF800209AF814104846FEF74C
:10B6600031FF68B996F864027BE70122203B02FAB9
:10B6700003F3E26A1343E362E8E70020BDE8F087E2
:10B680000120FBE700801D4008D80104F0B59A4A6C
:10B6900087B09A4E11683368994201D907B0F0BD5E
:10B6A0000133974D974C136016F09AFB0123EC463B
:10B6B00068602B730FCCACE80F0094E803008CE8B3
:10B6C00003000221002015F0D7FF50B98E4B1A68F5
:10B6D000910006D59A6A920603D41B6B9B0600F173
:10B6E000858069468948FFF7D3FE50B10098884BA2
:10B6F00098423DD0874B984210D0874C2378002B3E
:10B700006ED116F06DFB2B7B23B1D5E900329B1A6D
:10B7100003442B6000232B7307B0F0BD7F4A039BCB
:10B7200012689A42E9D07E4A12689342E5D07D4A77
:10B7300012689342E1D07C4A1268934240F09780AD
:10B740009DF81030B0EE046B784A07EE103A34687A
:10B750001368B8EEC77B764864337649046027EEF9
:10B76000067B1360FDEEC77B17EE903A0B70C4E7C3
:10B77000714C2378002B3ED09DF813309BB1DF072E
:10B7800046D56E4F7C7974B96D4B1B785BB16D49B2
:10B790006D48F7F701F96D496B48F7F7FDF801239C
:10B7A0007B716B4B1C709DF81230BBB1D90747D42D
:10B7B0009A074BD45F0754D41C0700F1EC80D806DD
:10B7C00000F1F480990600F1FC805A0600F11E8118
:10B7D0001B0603D55F495C48F7F7E4F9009889E751
:10B7E000594815F019FE002323708AE76946474837
:10B7F000FFF7FEFD79E75C21574818F015FC524829
:10B8000015F00AFE012355482370FEF799FFB3E7B0
:10B810009C0721D4580700F1B980190700F1C180B5
:10B82000DA0600F1C9809F0600F1EB805C0600F1AA
:10B8300002811806B7D54A494348F7F7B3F9B2E78A
:10B8400041484849F7F7A8F8009853E73E48464969
:10B85000F7F7A8F900984DE744493B48F7F7A2F9F4
:10B86000A1E739484249F7F79DF9009842E7414A74
:10B870001268934200F0AB803F4A1268934200F096
:10B88000CB803E4A1268934200F0E1803C4A03A913
:10B890001268934240F0D480FEF7DCF939492A4817
:10B8A000F7F77AF800230A229DF81010264815F0C1
:10B8B000DDFD35492448F7F76FF800230A229DF88B
:10B8C0001110214815F0D2FD2F491F48F7F764F8F1
:10B8D00000230A229DF812101B4815F0C7FD2A49C3
:10B8E0001948F7F759F800230A229DF81310164853
:10B8F00015F0BCFD01E700BFD8D6012038DF0120DC
:10B90000E08C01209406002000801D40F48C012072
:10B910000100000701008005A5DF0120B4450120DA
:10B92000BC450120C8450120AC450120A4DB012015
:10B93000A8DB012088DF0120A2DF01204C48012084
:10B94000A3DF01209C1D002030330120B01D00200A
:10B95000AADF0120A41E00203C1D0020D0450120AC
:10B960001C1E00202C1E00203C1E0020C01D00209C
:10B970004C1E0020C0450120D8450120CC450120A7
:10B98000D4450120E81E00200C2400203249334811
:10B99000F7F708F907E731483149F7F703F9009855
:10B9A000A8E630492D48F7F7FDF8FCE62B482E496C
:10B9B000F7F7F8F800989DE62C492848F7F7F2F8D1
:10B9C000F1E626482A49F7F7EDF8009892E603A930
:10B9D000FEF740F927492148F6F7DEFF00230A2247
:10B9E0009DF810101D4815F041FD23491B48F6F73E
:10B9F000D3FF00230A229DF81110184815F036FDD8
:10BA00007BE61E491548F7F7CDF8CCE613481C49EC
:10BA1000F7F7C8F800986DE603A9FEF71BF9194976
:10BA20000E48F6F7B9FF00230A229DF810100B48C4
:10BA300015F01CFD61E614490848F7F7B3F8B2E6C3
:10BA4000FEF708F911490548F6F7A6FF55E603A9E0
:10BA5000FEF700F90E49E3E7D01D00203033012046
:10BA6000581E0020E81D0020681E0020F41D002044
:10BA70007C1E0020B41E00200C240020041E002088
:10BA8000901E0020C41E00200C1E0020F81E002066
:10BA9000D41E00202DE9F04F944D9BB0944F08AC7C
:10BAA00004900FCD0FC495E8030084E803007E6A7C
:10BAB000B96AD7F82CB0386B3B68029113F4004395
:10BAC000039003D13A68940000F11A81039B43F07C
:10BAD0000103BBF1000F00F00581BBFA8BF3844D2D
:10BAE000C3F140032C68DFB214F00054019700F05A
:10BAF0008582F6F7E3FE2B68044603F07F030133EB
:10BB0000984280F0C280874240F2BF80049B671C4D
:10BB1000DFF8DC9103F58043FDB2059318E0042AB9
:10BB200000F06281082A00F00382D9F80030FCB2EC
:10BB3000019A03F07F030133A24288BFAB4205F1B3
:10BB4000010594BF01230023002B40F09E80671C59
:10BB5000C4F12002029BA4F1200A06FA02F1E3409C
:10BB60000B4326FA0AF10B43D807DED5039B0BFAE9
:10BB700002F2E34013432BFA0AF21343D907D4D558
:10BB8000DFF87881A0444FEA0818D8F80030190E81
:10BB9000C3F3036201F00B010229C0D1D8F80410ED
:10BBA00003F4001021F06041002812BF4FF0010C97
:10BBB0004FF0000C890C062A8DF827C0089102D19D
:10BBC00001228DF82920ADF82430C3F303438DF80A
:10BBD000344000288DF82B30059B93F865328DF8A2
:10BBE0003530D8F808308DF82F30D8F808304FEAC3
:10BBF00013238DF82E30D8F808304FEA13438DF810
:10BC00002D30D8F808304FEA13638DF82C30D8F86F
:10BC10000C308DF83330D8F80C304FEA13238DF800
:10BC20003230D8F80C304FEA13438DF83130D8F861
:10BC30000C304FEA13638DF8303014BF4FF08C6333
:10BC40004FF080631F2CC8F80030D9F808304FF04F
:10BC5000010334D8D9F83020A34021460498134377
:10BC6000C9F83030089AFEF72DFC002835D108A914
:10BC70000498FFF76FFA08A8AFF3008008A8AFF3A5
:10BC8000008008A8AFF300804FE7194A1948116AED
:10BC90000268194B4A40134043B1049B03F54053DB
:10BCA000B3F8242692B20F2A40F2AC81104A136AEC
:10BCB0000B431362BFF34F8F1BB0BDE8F08FD9F871
:10BCC0002C2003FA0AF3214604981343C9F82C30B8
:10BCD000089AFEF7F7FB0028C9D008A90498FFF7D7
:10BCE000D9F9C4E7B3FA83F32033F8E694060020C9
:10BCF00000801D40DCD60120BFFF070008D80104EA
:10BD000089067FF5E3AE82067FF5E0AED7F88020A6
:10BD1000BB4C02F40011C2F30050ADF824200029FE
:10BD2000C2F303414FEAD2528DF82B10D7F884109A
:10BD30008DF8280018BF012021F0604108BF0020C5
:10BD40008DF826204FF0000208BF890C8DF82700DF
:10BD50000CA80891D4F88810D1400832202A00F8A5
:10BD6000011DF7D10DA8A649D1F88C20DA4008337F
:10BD7000202B00F8012DF7D1049B03F5804393F8A5
:10BD800065328DF8353063238DF834308B680B6B5A
:10BD900043F020030B63039B5D0603D50B6B43F05D
:10BDA00040030B63039B1C0604D5954A136B43F0B9
:10BDB00080031363049C08A92046FFF7CBF908A869
:10BDC000AFF3008008A8AFF3008008A8AFF30080AD
:10BDD00008992046FEF7F8FA00283FF477AE08A944
:10BDE0000498FFF757F971E603F40012002AD8F817
:10BDF0000420ADF82430C3F303438DF8344022F01F
:10BE000060428DF82B3018BF0121059B04BF920CB6
:10BE1000002193F8653208928DF83530D8F8083053
:10BE2000049A8DF82F30D8F808308DF827101B0AA7
:10BE30008DF82E30D8F808301B0C8DF82D30D8F83E
:10BE400008301B0E8DF82C30D8F80C308DF83330BC
:10BE5000D8F80C301B0A8DF83230D8F80C301B0C97
:10BE60008DF8313041F25603234452F82330D8F88C
:10BE70000C20120E8DF830200BB108A89847059BB6
:10BE8000D3F858320BB108A89847049901F58052AD
:10BE9000B2F81E3B07929BB2002B00F00E81B2F865
:10BEA0001A3B1A220DF1500CDBB2E04602FB0313E1
:10BEB00041F622420EA903EB020A06918E469858DB
:10BEC000DAF80410DAF80820DAF80C30ACE80F00E1
:10BED000DAF81000DAF81410ACE80300B8E80F0044
:10BEE000AEE80F0098E803008EE803009DF94C309F
:10BEF0005A1C00F0F1809C427FF417AE069AE1B222
:10BF00000498FEF721FA079AB2F81A3B0133C3F3FB
:10BF10000803A2F81A3BB2F81E3B9BB2002B3FF479
:10BF200004AEB2F81E3B013B9BB2A2F81E3BFCE5FF
:10BF300003F40012002AD8F80420ADF82430C3F32B
:10BF400003438DF8344022F060428DF82B3018BF47
:10BF50000121059B04BF920C002193F865320892E1
:10BF60008DF83530D8F80830049A8DF82F30D8F88D
:10BF700008308DF827101B0A8DF82E30D8F80830BD
:10BF80001B0C8DF82D30D8F808301B0E8DF82C3096
:10BF9000D8F80C308DF83330D8F80C301B0A8DF8F7
:10BFA0003230D8F80C301B0C8DF83130D8F80C300A
:10BFB0001B0E8DF8303041F25603234452F82330E3
:10BFC0000BB108A89847059BD3F858320BB108A8C5
:10BFD0009847049901F58052B2F81E3B07929BB234
:10BFE000002B7FF45CAF1F2C4FF001037FD8D9F8F2
:10BFF0003020A3401343C9F8303096E52B6885E51F
:10C0000000801D40B3F8242692B20F2A05D8B3F859
:10C010002426013292B2A3F82426B3F82226B3F8DC
:10C02000224602F00F02A4B203EB8202C2F82816E5
:10C03000B3F8202692B282F01002944206D1B3F8EF
:10C040002026013202F01F02A3F82026B3F8222690
:10C050002B4C013202F01F02A3F82226E469B3F848
:10C06000EC26A4B292B20F2A05D8B3F8EC2601321E
:10C0700092B2A3F8EC26B3F8EA2602F00F0203EB23
:10C080004202A2F8EE46B3F8EA46B3F8E826A4B2B4
:10C0900092B282F01002944206D1B3F8E82601323F
:10C0A00002F01F02A3F8E826B3F8EA260160013285
:10C0B00002F01F02A3F8EA26F8E51F2C4FF0010357
:10C0C0000DD8D9F83020A3401343C9F830304FF0D1
:10C0D0000063C8F8003028E5069A214610E7D9F831
:10C0E0002C2003FA0AF31343C9F82C30EFE7D9F8F0
:10C0F0002C2003FA0AF31343C9F82C3015E500BFCE
:10C1000000801D402DE9F04300F580478FB00446C4
:10C1100097F8503013B9012387F85030238B9BB226
:10C12000002B56D1D7F85C2204F58056714B02F0F3
:10C130001F0103EB521301229B008A401A60B6F8DC
:10C140001E3B9BB27BB3B6F81A3B1A2208AD0DF129
:10C15000080CDBB2AE4602FB034341F6224203EB7E
:10C1600002089858D8F80410D8F80820D8F80C30ED
:10C170000FC5D8F81000D8F8141003C5BEE80F009A
:10C18000ACE80F009EE803008CE803009DF91C104A
:10C190004B1C54D0584B0B441B011B68C3F3036367
:10C1A000082B00F08B80D7F85C22544B02F01F0163
:10C1B00003EB521301229B008A4000211A60238B5B
:10C1C000B6F81E0B9BB280B240EA03300FB0BDE858
:10C1D000F083A68A1A23B4F814C008ADF6B20CF1A5
:10C1E000010C03FB0646CCF3080CD6F81C01D6F86C
:10C1F0002011D6F82831D6F824210FC5D6F82C0105
:10C20000D6F83011A4F814C0238B9BB203C51BB120
:10C21000238B013B9BB2238308AD02AE0FCD0FC62B
:10C2200095E8030002AA86E803009DF81C300DF192
:10C23000070120468DF80730FEF706FF72E7DFF8AA
:10C24000C080D8F8005015F0005550D0F6F736FBF6
:10C25000D8F80030054603F07F0301338342A2D9AA
:10C26000DFF89490DFF8988008E0D8F800300135C6
:10C2700003F07F03EDB201339D4294D205EB090335
:10C280001B011B68C3F30363082BEED102AA2946E6
:10C290002046FEF759F8B6F81A3B0133C3F30803FA
:10C2A000A6F81A3BB6F81E3B9BB2002BDDD0B6F8C1
:10C2B0001E3B013B9BB2A6F81E3BD6E702AAC9B2C1
:10C2C0002046FEF741F8B6F81A3B0133C3F30803E2
:10C2D000A6F81A3BB6F81E3B9BB2002B3FF463AFA7
:10C2E000B6F81E3B013B9BB2A6F81E3B5BE7D8F8B5
:10C2F0000030B5E76038003808D80104403800380D
:10C3000000801D402DE9F041A34C15F035FEA34DF2
:10C3100042F2215122682120236829800121C5E9A8
:10C32000012315F0C3FD95F90100002803DB01216D
:10C33000C0B215F0BBFD9A4E42F20F77994A4FF00A
:10C3400000089949954818F007F8984A7021304636
:10C3500002F082F82168FF23954A316206F1140E3B
:10C36000216806F13C0C337471622168737447F6DE
:10C370004073B1626421738202F10C0371864FF441
:10C380007A718C4DB18507CA8EE807000FCB8CE817
:10C390000F003046834A884917F0DEFF874B8848F4
:10C3A000804A8849036117F0D7FF874B87487D4A49
:10C3B0008449036117F0D0FF854B8648794A81494B
:10C3C000036117F0C9FF844B8448764A7D490361B5
:10C3D00017F0C2FF824B8348724A7A49036117F013
:10C3E000BBFF814B81486F4A7649036117F0B4FF68
:10C3F0007F4B80486B4A7349036117F0ADFF7E4B5A
:10C400007E48684A6F49036117F0A6FF7C4B7D4860
:10C41000644A6C49036117F09FFF7B4B7B48614A7C
:10C420006849036117F098FF794B7A485D4A65497E
:10C43000036117F091FF784B78485A4A61490361CC
:10C4400017F08AFF764B7748564A5E49036117F02A
:10C4500083FF754B7548534A5A49036117F07CFFB7
:10C46000734B74484F4A5749036117F075FF724B7D
:10C4700072484C4A5349036117F06EFF704B714884
:10C48000484A5049036117F067FF6F4B6F48454AB0
:10C490004C49036117F060FF6D4B6E48414A0361E0
:10C4A000484917F059FF6C483E4A6C49C7604761DC
:10C4B00017F052FF6A483B4A6849C760476117F066
:10C4C0004BFF6848374A6549C760476117F044FF2A
:10C4D0006548344A6149C760476117F03DFF6348CA
:10C4E000304A5E49C760476117F036FF2268604BEB
:10C4F0004FF0FF315F4E1A605F4B604AD96019827E
:10C50000596183F80080C2F80080C2F8948082F8F4
:10C51000E4805B485B4FDFF880C1DFF880E1C3E96E
:10C5200001112168C3F890142168C3F8941496236C
:10C53000C2F898304FF48033C2E92788C2F8E0305F
:10C5400000220023C6E90E23C6E91023C6E9122300
:10C55000C6E91423C6E916230FC887E80F0086F83A
:10C5600060800221236803208EF80C80CCF8003014
:10C5700015F09CFC02211A20434E15F097FC434B0A
:10C58000C5F814804FF4FA6EDF6B4149414AD3F885
:10C5900030C0AF60486883E038DF012004DF01204D
:10C5A00074CF0120903B01209504000084350120C8
:10C5B000AC060020B4DA0120B9070000F412002014
:10C5C0008C8C012091040000FC120020CC860120FC
:10C5D00004130020E08A01200C130020788C012035
:10C5E0001413002064D101201C1300209886012020
:10C5F0002413002050D101202C13002078D20120D8
:10C6000034130020D4CF01203C130020CC8C012017
:10C61000441300203CD101204C130020CCD2012037
:10C6200054130020E0D201205C130020F4D201203A
:10C6300064130020E08601206C13002028D1012023
:10C64000741300205CCF01207C130020F4880120AB
:10C6500084130020E08C012068DB01208D040000A1
:10C6600044DB0120C8DD0120ECDD012084DA01205B
:10C67000A8DA0120F0800120F8810120B4DC01203B
:10C680003441012020DF012083DE1B43A033002042
:10C69000001000E02C33012070CF01208CDB012042
:10C6A0001268C5F800C0A6FB0262D3F8AC61920C18
:10C6B0000EFB02F2D3F8A0E1EE60C5F804E04B688F
:10C6C0001B1A9A42FBD8DCF800300320DEF8002069
:10C6D0001F422C4914BF0123002316422A4E18BFC3
:10C6E00043F002032B74FAF7B1F9034625491A20E7
:10C6F0002B77FAF7ABF92A7F216800231044234AED
:10C70000F366287791600F212148137500F5805555
:10C71000117300F5405200F580418382C1F85C320C
:10C72000C382C1F86032038381F86432A5F81A3BF2
:10C73000A5F81C3BA5F81E3BA2F82036154DA2F823
:10C740002236A2F82436A2F8E836A2F8EA36A2F891
:10C75000EC3681F8503081F8513044210E4B0F4AAD
:10C76000036028600E4801F077FE22680D4B1A60C6
:10C7700015F036FB0C4922680C4B08601A60BDE8C6
:10C78000F08100BFB4DA012008DA0120AC86012074
:10C79000F48C012094D50120F82900208435012053
:10C7A000B4DD012004DA012000DA0120A4DB01203D
:10C7B000072910B50446ADF5806D14D0226C002118
:10C7C00004F1380008F054FC15F00AFB154B1A7BF5
:10C7D00022B1D3E90021521A02441A6000221A73CE
:10C7E0000DF5806D10BD808D12F05EFB42F20F736F
:10C7F000226C9842E3D1042AE1D9A16B501E4B1E52
:10C8000001EB000C694613F8010F634501F8010BB9
:10C81000F9D1054B0120694683F85500034814F00F
:10C82000A1FDCBE750D1012074CF0120603401205D
:10C8300038B50D46044615F0D3FA084A084B0121D5
:10C84000D26B586092F884201973042A05D12946C6
:10C850002046BDE83840FFF7ABBF38BDF8DA01200D
:10C8600050D10120000000006D4BDB6B93F8843049
:10C87000042B22D12DE9F04F05468FB0F1B10729E5
:10C8800022D1808D12F010FB42F20F732A6C984275
:10C890001CD0002105F13800624E08F0E9FB15F0CC
:10C8A0009FFA337B23B1D6E900329B1A03443360ED
:10C8B000002333730FB0BDE8F08F70475A495B48CF
:10C8C00014F0C6FD2A6CE4E7026CE2E7042AE0D922
:10C8D000AB6B1A78802AEDD15A78812AEAD19B78FD
:10C8E0007F2BE7D115F07CFA514C0123A96B6060D6
:10C8F0002373CB78C92B06D02A6C4E4814F032FD36
:10C900004C4814F089FD15F06BFA237B23B1D4E970
:10C9100000329B1A034423600023474EDFF8308126
:10C92000237315F05DFA01232A7F44490AAC33735F
:10C93000434B706006930A93AB7F08688DF81E30F6
:10C94000EB7F8DF81C208DF81F306A7F0094D8F89B
:10C9500000308DF81D200B9306AB95F84020A96B95
:10C96000FAF782FE0028A5D115F03AFA337B23B1FD
:10C97000D6E900329B1A034433600027377315F061
:10C980002FFA284E01233373AB6B7060DA78642A78
:10C9900000F0C082C82A15D12B6C092B00F0C3838C
:10C9A0002A6C002105F1380008F062FB15F018FA36
:10C9B000337B23B1D6E900329B1A03443360002352
:10C9C00033736CE7C92A45D12B6C0B2BE8D11D4979
:10C9D0002846FBF779FEAB6B1A79052A7FF46AAF1C
:10C9E0005A79C92A7FF466AF9A79C92A7FF462AF6F
:10C9F0001A7AD8795B7A88F8012088F802301249CF
:10CA000088F800000948F5F7C7FFF9F767FF0A2023
:10CA100015F092F94FF0E0230C4AC3F80C2D49E7CA
:10CA2000F8DA012064D101208C130020303301207A
:10CA3000F48801204033012028D10120ACDB012003
:10CA4000982A002098130020A81300200400FA055B
:10CA50007C460120CA2A40F0F7802A6C092A9FD11F
:10CA60001A79032A7FF426AF5A79CA2A7FF422AFB3
:10CA70009B79CA2B7FF41EAF64492846FBF724FE3E
:10CA8000634B069307238DF81C3098F800308DF81F
:10CA90001D3098F801308DF81E3098F802308DF86E
:10CAA0001F3098F803308DF820302B7F8DF821301F
:10CAB0006B7F8DF82230AB7F8DF82330022306AADE
:10CAC000D25C013317440C2BBAB23FB2F7D1514EAE
:10CAD00006A80D218DF82420FBF7B6FD737D63B306
:10CAE0004D4B02210A9307238DF82C3098F8003023
:10CAF0008DF82D3098F801308DF82E3098F80230EE
:10CB00008DF82F3098F803308DF830302B7F8DF86A
:10CB100031306B7F8DF83230AB7F8DF833300023AE
:10CB2000625C013113440C299AB21BB2F8D10D2179
:10CB300020468DF83420FBF787FD384B1B7863B314
:10CB4000374B02210A9307238DF82C3098F80030D8
:10CB50008DF82D3098F801308DF82E3098F802308D
:10CB60008DF82F3098F803308DF830302B7F8DF80A
:10CB700031306B7F8DF83230AB7F8DF8333000234E
:10CB8000625C013113440C299AB21BB2F8D12046E1
:10CB90000D218DF83420FBF757FD16F037FA4FF4CE
:10CBA000E122204BB7EEC00A1F491B6803921F4ABF
:10CBB0001F48B3FBF2F38DED000B1E4A029314F0F5
:10CBC00047FCEA7FAB7F1C491948CDE900326B7FF7
:10CBD0002A7F14F03DFC98F8030098F8021098F8AA
:10CBE000013098F80020CDE900101449104814F0E5
:10CBF0002FFC737D002B00F0ED8211490C48F5F7F6
:10CC0000CBFE10490A48F5F7CDFF53E65027002028
:10CC100080817ECBAC860120808179CB9EDF012094
:10CC2000808178CB2C330120D413002040420F00A8
:10CC300030330120584301201C14002038140020F8
:10CC40005414002094140020FB2A40F0CE80D5F824
:10CC50004080B8F10E0F7FF4A3AE2846B449FBF72D
:10CC600033FDAA6BB34C5379B349C3F38015B34872
:10CC7000A571DD09E5719579A572D579657303F024
:10CC80000105127A2570C3F340056570C3F3800572
:10CC9000A570C3F3C005E570C3F30015C3F34013DB
:10CCA0002571637102F00103E372C2F34003237242
:10CCB000C2F380036372C2F3C0032373F5F76CFE03
:10CCC0003B460A2221789D4814F0D0FB9C499B48A2
:10CCD000F5F762FE3B460A226178984814F0C6FBDD
:10CCE00098499648F5F758FE3B460A22A1789348A2
:10CCF00014F0BCFB94499148F5F74EFE3B460A22DE
:10CD0000E1788E4814F0B2FB90498C48F5F744FE68
:10CD10003B460A222179894814F0A8FB8C498748B0
:10CD2000F5F73AFE3B460A226179844814F09EFBEF
:10CD300088498248F5F730FE3B460A22A1797F48B0
:10CD400014F094FB84497D48F5F726FE3B460A2201
:10CD5000E1797A4814F08AFB80497848F5F71CFE9F
:10CD60003B460A22E17A754814F080FB7C497348FF
:10CD7000F5F712FE3B460A22217A704814F076FB42
:10CD800078496E48F5F708FE3B460A22617A6B48FF
:10CD900014F06CFB74496948F5F7FEFD3B460A2226
:10CDA000217B664814F062FB70496448F5F7F4FD96
:10CDB0003B460A22A17A614814F058FB6C495F484F
:10CDC000F5F7EAFD3B46617B0A225C4814F04EFB16
:10CDD0005A4814F021FB4246C821204615F09AFA21
:10CDE0000FB0BDE8F04FFBF75BBBFC2A40F0D680EC
:10CDF0002B6C0E2B7FF4D4AD5E492846FBF764FC08
:10CE0000AB6B5D4C1A7A197B07EE902A227106EE05
:10CE1000101A597AB8EE677B5A79B8EE466B05EE70
:10CE2000901A2270F8EE655A9A7954494348C4ED35
:10CE3000025A5B89627163809FED394B9FED3A3BEB
:10CE400027EE047B26EE036BB7EEC77BFCEEC77ABA
:10CE5000B7EEC66B17EE903A84ED036A6370F5F790
:10CE60009BFD3B460A222178344814F0FFFA4449DE
:10CE70003248F5F791FD3B460A2261792F4814F0BC
:10CE8000F5FA40492D48F5F787FD3B460A226178BF
:10CE90002A4814F0EBFA3C492848F5F77DFD3B465B
:10CEA0000A222179254814F0E1FA38492348F5F798
:10CEB00073FD94ED020A02212048B7EEC00A14F077
:10CEC000EBFA33491D48F5F767FDB4F902101B482A
:10CED00014F096FA2F491948F5F75EFD94ED030A10
:10CEE00002211648B7EEC00A14F0D6FA10226421C7
:10CEF000204615F00FFA63796178F0EE086A264A49
:10CF00005B1A07EE903AF8EEE77A87EEA67A82EDA2
:10CF1000007ACFE42B6C1E2B7FF442ADCAE400BF35
:10CF2000333333333333F33F7B14AE47E17A843FFB
:10CF3000A41400204C480120B414002030330120F8
:10CF4000C4140020DC140020F41400200815002074
:10CF5000181500202815002038150020481500203D
:10CF6000581500206C150020801500209015002019
:10CF7000A4150020B015002020DF0120C0150020DE
:10CF8000C8150020D4150020E0150020EC15002065
:10CF90000416002014160020A0DB0120FE2A7FF4D6
:10CFA000FFAC2A6C0E2A7FF4FBACB3F80520904945
:10CFB00007EE102A8F4A9048B8EEC77B9FED885B3A
:10CFC0009FED896B27EE057BB7EEC77B81ED007A7D
:10CFD0008A4982ED037A096893F9095051601A7AF7
:10CFE000017842EA052207EE102ADA79B8EEC77B0B
:10CFF0000270834827EE067B0170891A814818BFAA
:10D000000121D2070170B7EEC77B7F4981ED007A1D
:10D0100040F187807D4A1278012A0CBF66220022E7
:10D02000997A06AD7A4B4FF00F099FED7A7A4BF65D
:10D0300027081A700DF11906774A0DF1240B774B6A
:10D040004FF0000E1170764AD2ED007A67EE877AC3
:10D05000FDEEE77A17EE902A0FFA82FC714AB2F9D8
:10D0600000204FEA2C2A82EAE271A1EBE2716E4ABB
:10D07000059117780FCB07C5059A2B804FF0220337
:10D080008DF81DC08DF81EA08DF81F90ADF8208082
:10D090008DF822308DF823708DF8242016F8013F8A
:10D0A0009E44B3451FFA8EF30FFA8EFEF6D15F4E03
:10D0B0000E2106A88DF82530FBF7C6FA33785A1CE6
:10D0C000012B32707FF6F6AB594A2546594B177A39
:10D0D00092F809C00FCB57EA0C0707C52B8016D171
:10D0E000554B1A78022100238DF82D20625C013106
:10D0F00013440D299AB21BB2F8D10E2120468DF8A7
:10D100003520FBF7A1FA00233370FFF7D3BB4B4B5D
:10D11000D3ED007AFCEEE77ACDED057A9DF8142088
:10D12000E0E766227CE7354B454D1B686B6295F85E
:10D130004C30042B0DD0AA7C042685F84D7085F860
:10D140004E20404900964048EA6B14F081F985F87A
:10D150004C603E4906AB3E4A0D7807CA03C323F82C
:10D16000022B120C1A7095B93A4B5B7D002B3FF4E1
:10D17000A1AB394A234607CA150C03C30B2123F878
:10D18000022B20461D70FBF75FFAFFF793BB244B81
:10D1900006A89FED207A0B21D3ED007A2F4B67EE86
:10D1A000877A214AB3F900301278FDEEE77A8DF8DC
:10D1B0001F30C3F307238DF821208DF8203017EEA0
:10D1C000903A1BB21A128DF81D308DF81E20FBF715
:10D1D0003BFAC9E722491C48F5F7DEFB11E500BF21
:10D1E0009A9999999999B93F7B14AE47E17A843F0E
:10D1F0009CDB012004DF01209FDF012038DF0120BC
:10D20000A9DF0120A0DF01201CDF012098480120B8
:10D210009A4801200000C842BFDF0120E00600203C
:10D2200014DF01207CDF0120B5DF012096DF012023
:10D230004C480120F00600207ADF012000DF0120A9
:10D2400074CF0120482500203033012097DF0120D2
:10D25000C8060020AC860120D406002082DF012011
:10D260007C14002070B501214FF4E1242C4D2420C2
:10D2700014F01CFE002124202A4E14F0DBFD214670
:10D280002846002213F02AFD274B284680222749F2
:10D290001C6013F09DFE28464FF48072244913F061
:10D2A000B1FE244D304600224FF4E13113F016FD5B
:10D2B00030464022204913F08BFE214628460022AA
:10D2C00013F00CFD1D4B28461D4E80221D491C608D
:10D2D00013F07EFE28464FF480721B4913F092FE35
:10D2E0001A4D304600224FF4164113F0F7FC304639
:10D2F0004FF48072164913F085FE2146284600221D
:10D3000013F0ECFC28464FF48072124913F060FED3
:10D3100028464FF480721049BDE8704013F072BE89
:10D3200060340120A03301205C8901206089012044
:10D33000E0890120203501208CD20120F48A0120CF
:10D34000C0340120F88A0120788B0120403301206D
:10D3500078D10120F4860120F48701202DE9F047DF
:10D360009F4D84B042F210709E4C14F0E5FC9E4F2D
:10D370002E6840F2EE28DFF8F49216F0D3FE237800
:10D38000002B00F019813B78DB0740F115812B68F9
:10D39000D9F800209B1A0E2B40F20E812E219348C3
:10D3A00016F042FE1221924816F03EFE91481AF005
:10D3B00007FA01468F4816F037FE8F4814F044FBF9
:10D3C0008E4A8F4B12688F4CA3FB02328E498F48D6
:10D3D00004F10D07920CC4F5C87614F039F80A2050
:10D3E00014F0AAFCF9F794FAA01914F0E9FD04F876
:10D3F000010BBC42F8D1FCF791FB854C13F0AEF861
:10D400000126FCF74BF901210D2014F04FFD0021FE
:10D41000804801F01DF91E217F4816F005FEE0232B
:10D4200010217E4884F8A53084F8306184F82F619B
:10D4300016F0FAFD3146204600F03AFE002840F092
:10D44000C9800521764816F0EFFD764E7649704882
:10D4500006F10C0800F0C4FFA6F116079FED730A51
:10D46000A6F1160001F054F80021A6F1160001F013
:10D4700031F9F41E14F8011F01230022384601F08F
:10D480004FF9B442F6D1E61C4645F2D16148F8F7AF
:10D4900001FA97F84C30012B08D0797C0022012347
:10D4A00087F84D1087F84E2087F84C30FFF7DAFEEA
:10D4B0005F4CFBF7BFFE5F4B00224FF4E131186871
:10D4C00003682060DB6998472E6804E02B689B1B8B
:10D4D000192B00F2238100212046F9F771FD002865
:10D4E000F4D01721544816F09FFDB4F91A50B4F93E
:10D4F0001830B4F9162051494448009513F0A8FF9C
:10D50000FAF7F0FF4FF4FA74FCF78EFDDFF8609144
:10D51000FAF7C2FB4FF4C07015F032F88046F9F705
:10D520003BFE2046A8F85C41C9F8008014F048FD95
:10D530000B2800F0F8800B23214603A80422039354
:10D5400014F0E8FEB8F95C1108F130002122023134
:10D5500014F0E0FE3B213A4816F066FD98F80030E2
:10D56000012B00F2878098F85030102B00F0CB8010
:10D57000D9F8003001243349334A88F87841C3E9A7
:10D580005C12FAF71DFC314A3149324812F062FF51
:10D59000314A3249324812F05DFF2521314816F0F8
:10D5A00043FD1A4813F038FF204614F0C5FB04B0C1
:10D5B000BDE8F047FBF79ABF2B6822789B1B32B17E
:10D5C000B3F5FA6F3FF6EAAE16F0ACFDD5E643458B
:10D5D000FAD9E3E60C21244816F026FD35E700BF12
:10D5E00038DF0120BBDF0120BADF0120BC59002059
:10D5F000EC590020584301200046C3232C3301205E
:10D6000083DE1B438CDB01205C20002030330120B3
:10D610008435012074CF0120005A0020205A0020B8
:10D62000E41C00208ACF012040420F000000F0429D
:10D63000AC860120803501205C5A0020745A0020FD
:10D64000985A0020E50700007109000095060000C7
:10D65000C1040000685B00200D7700001578000011
:10D66000705B00207C5B0020EC1C00204CDF012064
:10D67000ACDB01204046F9F73BFF98F80030012B66
:10D680007FF671AF08F138050124304FDFF8D8A0DC
:10D690002F4E08212F4816F0C7FC0A2C35BF012158
:10D6A00000213846504616F0BFFC0A2200232146CE
:10D6B0003046013413F0DAFE0221274816F0B4FC9C
:10D6C0006B780A2B35BF012100213846504616F0F1
:10D6D000ABFC00230A2215F8011F304613F0C6FEEA
:10D6E0000121384616F0A0FC29780C23304603FBB4
:10D6F0000181543113F05EFE192CCAD198F85030D4
:10D70000102B7FF435AF00236A21144888F8793153
:10D7100016F08AFC0E4813F07FFE29E726211048F8
:10D7200016F082FCECE608F1300408F15106C8F569
:10D73000E375601914F044FC04F8010BA642F8D11B
:10D740002421084816F070FC08E700BF08500020AC
:10D7500030330120482600208C270020FC5A00206E
:10D76000345A0020D45A0020B85000202DE9F84344
:10D7700014F036FB294C02460123294862602373CA
:10D7800013F0CEF960B914F02BFB237B23B1D4E95D
:10D7900000329B1A0344236000232373BDE8F883FF
:10D7A000204F1F4813F00EFA1F4E3B78F054013300
:10D7B000DBB2991E3B70725C0D2AE4D1334413F83E
:10D7C000013C0A2BDFD13378802B02D17378812B77
:10D7D0001FD05521154816F027FC0721144816F0D4
:10D7E00023FC3B78022B11D90025DFF84890DFF8A5
:10D7F00048802A46B25C49464046013513F028FE6F
:10D800003B78EDB2023B2A469D42F3DB00233B709E
:10D81000B9E73046FAF718FFF8E700BFF4880120AF
:10D82000403301208DDF0120A4D601200C190020F7
:10D83000641900206C190020303301200000000022
:10D840002DE9F04F89B0B44C14F0CAFAB34B01255E
:10D8500060601B782573002B40F0B680B04813F051
:10D860005FF983B2002B00F0AF80762B00F20B81C2
:10D87000AC4B80B21A691D708242DA68B8BF186179
:10D880008242C8BFD860A64813F09CF9A64BC5B227
:10D890001B78002B40F01581A44B1B7B002B6FD015
:10D8A000A34FA44E3B68B36296F85130052B28D0A5
:10D8B000727CB6EE087B4FF005089F4806EE102AF2
:10D8C000B27CCDF80080B8EEC66B9FED915B26EE82
:10D8D000076B07EE102AB8EEC77B27EE057BFCEE40
:10D8E000C66BFCEEC77B16EE902A86F8522017EE28
:10D8F000901A326C86F85310904913F0A9FD86F8FF
:10D90000518000230D2D86F8303000F06B81242DDE
:10D9100000F05C810A2D00F04281DFF8689299F8EE
:10D920000030002B40F03481DFF85C8298F8003042
:10D9300053B3DFF858A29AF800302BB3804E4FF063
:10D94000000B8048FAF79AFEFE2259467D4888F877
:10D9500000B08AF800B089F800B019F0E1F83A6830
:10D960000D20794BC6F800B0C3F8902414F08CFA5F
:10D9700001460D20B1FA81F1490914F05BFA03E088
:10D9800029467248FCF788FB14F02AFA237B23B15E
:10D99000D4E900329B1A0344236000236C4E2373A6
:10D9A00014F01EFA0123294670606A48337313F09D
:10D9B000A5FB14F015FA337B23B1D6E900329B1A8C
:10D9C000034433600023337314F00AFA237B23B13A
:10D9D000D4E900329B1A0344236000235E4D0126E4
:10D9E000237314F0FDF95D4B2E731B786860002BD8
:10D9F0003AD15B4813F094F883B2002B34D0762BE5
:10DA000072D8584B80B21A691E708242DA68B8BF69
:10DA100018618242C8BFD860514813F0D3F8524B06
:10DA2000C6B21B78002B50D114F0DAF92B7B23B14E
:10DA3000D5E900329B1A03442B6000234B4C2B7317
:10DA400014F0CEF90123314660603F482373F8F7A4
:10DA50006DFB14F0C5F9237B23B1D4E900329B1A86
:10DA6000034423600023237314F0BAF92B7B23B9FA
:10DA700000232B7309B0BDE8F08FD5E900329B1A63
:10DA800003442B60F4E7264813F096FA384902A8BD
:10DA900013F026FE02A905A813F040FE244B05A8AA
:10DAA000196813F0D5FE334913F09CFE0146224855
:10DAB00013F080FC05A813F04DFE02A813F04AFEF7
:10DAC000D8E7284616F09AFAE6E601212A4816F029
:10DAD000ABFA314600230A22174813F0C7FC012194
:10DAE000264816F0A1FA9FE71D4813F065FA204971
:10DAF00002A813F0F5FD02A905A813F00FFE0C4BC8
:10DB000005A8196813F0A4FE1D49CDE7AFF3008006
:10DB10009A9999999999E93FE08A012089DF012032
:10DB20006034012044DB0120A6DF01208CDB0120D2
:10DB300038DF012074CF0120303301204825002038
:10DB4000B0DC0120B0DB0120F8810120B4DC012031
:10DB500078D20120C0340120788C01208ADF012096
:10DB60002035012068DB0120A7DF0120E0D2012061
:10DB7000B03F0020202100205C260020A44C002083
:10DB8000502100209CDF01209BDF01209DDF012030
:10DB90001C4E1D4A3368D55401333360C4E6194E18
:10DBA00019493268DFF86480DFF864908D540132DF
:10DBB000DFF860A03260012289F8003098F8003068
:10DBC0008AF80020002B3FF4DFAEB8E60D4E0E4A77
:10DBD0003368DFF83C90D55401333360012389F872
:10DBE0000030A1E6074E0122DFF82080064988F8C0
:10DBF00000203268DFF818908D54013289F8003027
:10DC0000326096E6B0DC0120B0DB01209BDF012012
:10DC10009CDF01209DDF01202DE9F04186B08F4C73
:10DC200014F0DEF801236060237312F0CFFC14F0CF
:10DC3000D7F8237B23B1D4E900329B1A0344236035
:10DC400000232373FFF7FCFDFFF790FDFDF71EFD9A
:10DC5000FCF73EFE824812F063FF002840F0A680E9
:10DC600014F0BEF87F4C024601237F4823736260A4
:10DC7000F7F710FE14F0B4F8237B23B1D4E9003297
:10DC80009B1A034423600023784E794D01272373A8
:10DC900014F0A6F8774A336814682F73D4F860211B
:10DCA000B4F864119B1A68608B426BD92378002BFF
:10DCB00040F0AF8000230022C4F81230C4F81630C0
:10DCC000C4F81A30C4F81E30C4F8223084F8263064
:10DCD0000023C4E90A23D4F8703103B19847D4F87B
:10DCE0006C3103B198473368C4F8603114F078F8A8
:10DCF0002B7B23B1D5E900329B1A03442B6000270C
:10DD00005D4CDFF8AC812F73012514F069F83946BA
:10DD1000606040462573F9F753F9002861D114F08B
:10DD20005FF8237B23B1D4E900329B1A03442360BC
:10DD30000023237316F00EF900284FD14F4941F20A
:10DD40008832336809685B1A934244D814F048F863
:10DD50004B4A01214B4C136860600B4421731360E4
:10DD600014F03EF8237B23B1D4E900329B1A03441C
:10DD7000236000234448237312F0D2FE10BB06B088
:10DD8000BDE8F08133689B1AB4F866219342ADD99F
:10DD90002378002BAAD094F86831002BA6D1272134
:10DDA0003A4816F041F984F868719FE72C4812F060
:10DDB00009FF374B1B78002B4AD02B4B012283F8ED
:10DDC00055204DE7304812F0FDFEC0B206B0BDE868
:10DDD000F04116F013B9FAF745F8B7E7F7F716FA76
:10DDE000ACE7D8F81A20B8F81E30D8F81610294831
:10DDF000F4F788FD284B5A681D702A445A601A6946
:10DE0000BA42DA68D8BF1D61012A88DD0122DA60D2
:10DE100085E72249684613F063FC694603A813F0BE
:10DE20007DFC1F4BB4F8641103A8A3FB01318909E1
:10DE300013F0FAFC1B4913F0D5FC01461A4813F005
:10DE4000B9FA03A813F086FC684613F083FC31E7A7
:10DE5000C1B2164813F052F9AFE700BF8C8C012015
:10DE6000A03301205CCF012074CF012038DF0120D6
:10DE700028D10120ACDB0120CC860120A8DA0120CA
:10DE800040DF0120D4CF0120C0340120B43D002068
:10DE900089DF012008DA012084DA01203C3D0020DE
:10DEA000D34D6210603D00203033012060340120EA
:10DEB000AC8601200020704790F8A32090F8A200C3
:10DEC000101A704790F8A23090F8A3209A4205D912
:10DED0005A1C034480F8A220987E70474FF0FF3010
:10DEE000704700BF90F8A23090F8A3209A4202D960
:10DEF0001844807E70474FF0FF307047704700BF76
:10DF00000346B0F8300178B193F82F21882A03D95D
:10DF1000012200205A60704702F1010C01201A44CE
:10DF200083F82FC182F8A510704700BF38B5B0F84C
:10DF300030410CB9204638BD90F82F310546C3F169
:10DF40008904A2420DD8144605F1A50022461844C2
:10DF500014F07CFA95F82F312046234485F82F31B0
:10DF600038BD01224260EFE72DE9F04FD0F814A050
:10DF70001524017E8146437E83B00AEB0111384AA5
:10DF80000AEB0313374F097A93F8283002EB011597
:10DF90000901E86852F8018002EB0311D5F804B0DA
:10DFA0001B01CE68D558CBF80040C8F88400D8F8DB
:10DFB00004304A6803432C490192C8F804301460C5
:10DFC000C5F884606B6833436B60284B4C683A68D3
:10DFD000A3FB0232920C02EB820252004B681B1B25
:10DFE0009A42FBD84FF0090C1F4ADFF880E0D8F8BE
:10DFF0000830034202D0AB6833422FD1C5F88860A5
:10E0000054683968AEFB0131890C01EB810153681A
:10E010001B1B9942FBD8C5F8846054683968AEFB75
:10E020000131890C01EB810153681B1B9942FBD81C
:10E03000BCF1010CDBD1604699F81830019A0AEB6B
:10E040000313DB68CBF8003099F819300AEB031A98
:10E05000DAF82C30136003B0BDE8F08F0120EBE755
:10E06000A03300202C330120001000E083DE1B438E
:10E070000E4A10B51168046905E0DB0107D4136886
:10E080005B1A102B08D8636913F0007FF5D14FF4A9
:10E09000FE430120636110BDFFF766FF0028FAD040
:10E0A0004FF4FE4301206361F5E700BF38DF012034
:10E0B0002DE9F04790F82FA10569BAF1000F4FD074
:10E0C00081468846FFF7D4FF002849D0374E002408
:10E0D000376818E06B69190551D4DA0455D458052E
:10E0E00059D4990441D43268D21B322A3DD85445C0
:10E0F00007D9EA6D520704D19B0555D4B8F1000F3A
:10E1000052D016F00FF85445E4D8EA6D500702F0EB
:10E110000703DFD413E099F8A5200133022442F469
:10E120008062042B2A661ED08A4503F1010309EBA5
:10E1300001020ED992F8A520042B2A66CAD001212B
:10E14000002CE8D02146013301348A4509EB010255
:10E15000F0D8B8F1000FBDD04FF400732B66B9E7CB
:10E160000420BDE8F0870124B4E72B694FF4007266
:10E17000042043F440732B612A66BDE8F0872B69C5
:10E18000042043F440732B61EBE72B69052043F433
:10E1900040732B61E5E72B694FF40072022043F4D2
:10E1A00040732B612A66DCE70020DAE738DF0120C4
:10E1B0002DE9F84F83460C4615461F46D0F810A0AF
:10E1C000FFF756FF002800F09E806100012DDFF868
:10E1D0003C8140F20146CBB24FF0000138BF01252F
:10E1E000D8F800900C461E43ABF8A21020E09BF834
:10E1F000A330872B3FD9DAF8142010055AD412F433
:10E20000105F70D1D8F80030A3EB0903322B6AD825
:10E210009BF8A330AB4209D3022C07D9DAF85C3063
:10E22000590703D193054BD4002F49D015F07AFF3D
:10E23000022CDCD8DAF85C3003F007025B07D6D496
:10E24000681E224440F480704CB9CAF86060013402
:10E25000131B032BCBD8022CC9D8002CF5D0012CD2
:10E2600037D01FB14FF40073CAF860309BF8A33069
:10E270000324872BBFD8DAF85C2012F4E02FC2F316
:10E28000024CB8D0591C9C441933C9B25FFA8CFCBB
:10E290005BFA83F3DAF870004A1C61458BF8A3102F
:10E2A000D1B203F8010FA6D08929F3D1DAF81420EE
:10E2B0001005A4D5DAF8103043F44073CAF81030D2
:10E2C000DAF85C3013F4E02F06D19BF8A300BDE828
:10E2D000F88FCAF86000BAE7DAF8103043F4007338
:10E2E000CAF81030F1E7DAF810304FF4007243F456
:10E2F0004073CAF81030CAF86020DAF85C3013F4C2
:10E30000E02FE2D0E8E70420BDE8F88F38DF0120F5
:10E31000F8B506690446D6F8145115F4706301D0B7
:10E32000C6F81431A8070BD5D6F8702111043DD5D5
:10E330000023012184F8A230234484F8A3109A76A4
:10E34000EA0710D594F83071F7B194F82E7194F86B
:10E350002F31BB4226D97B1C274484F82E3197F8F5
:10E36000A530C6F86031AB050DD594F8A30018B1FF
:10E37000D4F83C3103B198470023A4F8A230A4F8A4
:10E380002E3184F83031F8BDD4F8383103B19847D4
:10E39000002384F82E31012384F8303194F82F3192
:10E3A000BB42D8D80023C6F86031DCE794F8A3302C
:10E3B000872BC5D8591CC9B2BEE700BF0148FFF77B
:10E3C000A7BF00BF843501200148FFF7A1BF00BFF0
:10E3D000C43601200148FFF79BBF00BF043801206D
:10E3E00010B4144C00220369A1421A6114D8124CD3
:10E3F000012012494FF430329C6458629962DA620B
:10E400009C6C00204FF0011101221C6518625DF820
:10E41000044B99651A6170470948814207D9094C34
:10E4200009480A499C645A629862D962E8E7084C34
:10E430000848F6E77F1A06003B372819B80B050590
:10E440003F420F000A09070460090101007F05002F
:10E450001C1A120C100E020210B400240170C0E944
:10E4600001245DF8044B70472DE9F04184B000258C
:10E470000127064603AB88463A468DF80C501946EC
:10E48000CDE90075806815F0FFFF9DF80C403B4614
:10E4900003A904F06F0402228DF80C5044F010041C
:10E4A000CDE900558DF80D4044F04004B06815F0FA
:10E4B0007FFF3B4603A902228DF80D4004F04F0474
:10E4C0008DF80C5064F05F04CDE90055B06815F08C
:10E4D0006FFFFE2303A902228DF80C303B468DF816
:10E4E0000D80CDE90055B06815F062FF052013F0EE
:10E4F00023FC3B4603A90222B0688DF80C508DF82E
:10E500000D40CDE9005515F053FF04B0BDE8F08192
:10E51000F7EE007A2DE9F041B4EEE70A86B0054641
:10E52000F1EE10FA76D4DFED487AB4EEE70AF1EEB8
:10E5300010FA72DD9FED406BD5ED037AB6EE002B3D
:10E54000B7EE003BB8EE675BF0EE084A85EE067B5F
:10E5500037EE027B37EE437BB7EEC77BB4EEE47A4F
:10E56000F1EE10FA53D4DFED397AB4EEE77AF1EE3A
:10E5700010FA59DD4FF0FF080024012605AB3246A2
:10E58000019419460096A8688DF8144015F07CFF98
:10E590009DF81470334605A98DF8144007F06F02FA
:10E5A00042F01002CDE900448DF815200222A8683F
:10E5B00015F0FEFEFE2305A902228DF81430334625
:10E5C0008DF81580CDE90044A86815F0F1FE3346BA
:10E5D00005A902228DF8157067F05F078DF81440C9
:10E5E000CDE90044A86815F0E3FE052013F0A4FB74
:10E5F000334605A90222A8688DF814408DF81570DD
:10E60000CDE9004415F0D4FE06B0BDE8F0814FF02E
:10E610000308B1E79FED0A6B8EE7B7EEC06A9FED86
:10E62000087B26EE076B87E7FCEEC77ACDED037A11
:10E630009DF80C80A0E700BF0000000000586B416F
:10E64000000000000000B04000C05A4500007F43B9
:10E6500070B50446806884B00E4610B1102113F0E6
:10E6600091FF102013F08CFF05466268217815F0A9
:10E6700079FE2846A560012115F07EFE054610B9F9
:10E68000284604B070BD00234FF4004203A9ADF842
:10E690000C200222CDE900330123A06815F088FE8A
:10E6A0000A2013F049FB094BE36036B1204631469E
:10E6B000FFF7DAFE284604B070BD20469FED040A3D
:10E6C000FFF726FF284604B070BD00BF40787D01EB
:10E6D00000007A4430B5012285B000230D4604467F
:10E6E0008DF80C20CDE9002303AB8068194615F0A6
:10E6F000CBFE9DF80C2085B142F0040200250123D9
:10E700008DF80D2003A90222A0688DF80C30CDE908
:10E71000005515F04DFE05B030BD02F0FB02EDE7EF
:10E7200030B5144640F6FF7285B09442A44628BF27
:10E730009446DBB1002C66D040F6FE739C4230D983
:10E740008900002210240123063180688DF80920F9
:10E750008DF80810CDE90022ADF80A2002A90522A3
:10E760008DF80C4015F024FE05B030BD1D4640F676
:10E77000FE7389009C4252D874BB063110250123D8
:10E7800005228DF8081002A980688DF80940ADF8BF
:10E790000A408DF80C50CDE9004415F009FE05B093
:10E7A00030BDA2EB0C0289000023806894B20631D0
:10E7B0008DF8093005228DF80810250A8DF80A30E9
:10E7C00002A98DF80B408DF80C50CDE900330123E0
:10E7D00015F0EEFD05B030BD06314FEA1C240123D3
:10E7E00005228DF8081002A98068019500958DF822
:10E7F00009508DF80A508DF80BC08DF80C4015F0BB
:10E80000D7FD05B030BD8900806810220123063194
:10E810008DF80940CDE900448DF808109CE71022DE
:10E820000631012380688DF8081002A9ADF80A208E
:10E8300005228DF809508DF80C50CDE9005515F0E2
:10E84000B7FD05B030BD00BFA0F14103192B1AD9A7
:10E850003D2811DC2A2813DDA0F12B03122B0FD841
:10E86000DFE803F0190E0E0E1B15151515151515FD
:10E870001515150E0E0E1700A0F16103192B04D902
:10E880004FF0FF30704718467047473870470430E4
:10E890007047402070473E2070473F20704700BFC0
:10E8A0002DE9F04F002B85B09DF838409DF83C10C5
:10E8B0000092019340DA002C3ED02D23019A037080
:10E8C000009B5B4262EB4202002946D0012102918B
:10E8D00002994FF0000C414D01390391411803F0AA
:10E8E0000F041B090CF1010C2C5D43EA02731209A1
:10E8F00001F8014F53EA0204F1D15FEA5C056AD0E6
:10E90000039A0CEB0203821803445D1B12F8011FEB
:10E910001C78147003F801199D42F7D1DDE900322B
:10E92000134304D1302300F80C300CF1010C029891
:10E93000604405B0BDE8F08FDDE9003231B1DDE9BA
:10E940000014214343D000210291C1E7DDE90045D5
:10E9500002912C4303D18C46E0E7012102910299F8
:10E960004FF0000C1D4D4FF0CC3901391C4C0526E1
:10E97000471803919918984696460CF1010C41F1FD
:10E980000001A4FB01AB2BF0030A0AEB9B0AA1EBED
:10E990000A015B1A62F1000A09FB03F204FB0A2276
:10E9A000A3FB04A31A440AF001034FEA5A0AA3FB8B
:10E9B000063B5918B8F10A0F4AEAC273695C7EF146
:10E9C000000E4FEA520207F8011FD3D295E7002349
:10E9D0009C460293A2E74FF0010C9FE764410020A0
:10E9E000CDCCCCCC002070474368994228BF194653
:10E9F00081600846704700BF0020704700207047C4
:10EA000000207047704700BF002070474FF0FF3074
:10EA1000704700BF0378A3F121025C2A14D903F0E8
:10EA2000E002091AC02A01D101290FDC03F0F0022B
:10EA3000E02A01D1022927DC03F0F803F02B01D1F1
:10EA400003290DDC0020704701207047407800F05A
:10EA5000C000A0F18000B0FA80F04009400070478B
:10EA6000437803F0C003802BECD1837803F0C0031C
:10EA7000802BE7D1C07800F0C000A0F18000B0FA90
:10EA800080F0400980007047437803F0C003802B7A
:10EA9000D8D1837803F0C003802B14BF002003205B
:10EAA000704700BF8842106008D31FE00A2B0AD0CD
:10EAB0005368884203F10103536017D0844610F86D
:10EAC000013B0D2BF2D1614510D90D2B06D09CF8DE
:10EAD00000300A2B0AD10CF1010070479CF801307C
:10EAE0000A2B03D10CF1010C6145F0D800207047CE
:10EAF00039B3002370B5154E154D05E05AB1222AE1
:10EB00000BD00133994206DDC25C5C2AF6D103F1D9
:10EB1000010E8E4503DB6FF00103184670BDC2186D
:10EB20000A4C92F801C0082202E014F8012F32B119
:10EB30009445FAD1A41B2A5D0AB10233E2E7734679
:10EB4000E2E76FF001031846704700BFDC43002086
:10EB5000E443002000000000002970B568DD04785F
:10EB60002D2C61D0A4F12B04B7EE003BB4FA84F451
:10EB70006409A14240F39C8004F1FF3EB2EE046BB5
:10EB80009FED530B86440BE007EE903A0134B8EE4C
:10EB9000E77BA142A0EE067BB0EE470B00F08B8036
:10EBA0001EF801CFACF13003DDB2092DECD9BCF178
:10EBB0002E0F23EE000B3FD00CF0DF0CBCF1450F05
:10EBC0002FD1631C99422BDDC55C2D2D67D01C46CF
:10EBD0000026055D2B2D5DD0303DEBB2092B63D8AF
:10EBE0002044002340F2331E01E073450EDC013463
:10EBF00003EB8303A14205EB430307DD10F8015F3C
:10EC0000303D5FFA85FCBCF1090FEED9BEBB33B1D4
:10EC1000B2EE047B013620EE070BB342FAD1234655
:10EC20001C4602B1146070BDBFEE003B0124A0E79A
:10EC30009FED270B0024F4E7631C99423EDD051984
:10EC4000B2EE044B1C469FED246B9FED215B0AE066
:10EC500007EE903A0134B8EEE77BA142A7EE065BDF
:10EC600086EE046B2DD015F801CFACF13003DEB287
:10EC7000092EEDD9A142A3EE050B9DDCD1E7002BB7
:10EC8000CFD0B2EE047B0021013180EE070B8B4226
:10EC9000FAD1C6E70134A14206DD055D9CE70234E6
:10ECA000A142BEDD012694E7002EBAD12346B7E784
:10ECB0009FED070B012423EE000BB2E79FED045BF1
:10ECC0001946A3EE050B0C46ABE700BFAFF300807F
:10ECD00000000000000000009A9999999999B93FA5
:10ECE000F0B585B000236C46039384E8030041B37C
:10ECF0000E46013819460A270BE015F8044C17FB9D
:10ED000004EEBEF1FF0F1CDC05F804EC01339E425B
:10ED10001AD010F801CF01F11004ACF1300E0DEB58
:10ED200004055FFA8EF4092CE7D9BCF12E0F08D147
:10ED3000022901F1010104D81BB110F8014C2E2C5D
:10ED4000E4D1002005B0F0BD0329FAD1BCF12E0FAB
:10ED5000F7D00399002301201160D37405B0F0BDF2
:10ED60002DE9F843894611680B4653F8088B136068
:10ED70004F68B8F1000F12D07C1E474405460A4E7A
:10ED8000013F14F8013F49461B09F05CA84723786E
:10ED9000494603F00F03F05CA847A742F1D14FEAC0
:10EDA0004800BDE8F88300BF644100202DE9F04F22
:10EDB000CDB002460BAD1BAF0590294692F82D3021
:10EDC000043292F828601B0492F82B4092F82A0033
:10EDD00043EA0663234343EA002341F8043F8F429A
:10EDE000ECD13CAC0CAAAC46976B114652F8046FC0
:10EDF0004FEAF743486A0D684FEAB64183EA774322
:10EE00009442284481EAF61183EA972381EAD601E5
:10EE100003440B44D363E7D1059B4BA96546D868EF
:10EE20001A685C685F6994469E690390029118694C
:10EE30009968DB698E46069204932F4B07940193E1
:10EE400008912E4B09900A970B96DDE9039A09E089
:10EE500001993E46A6460746644651F8043F40469F
:10EE6000944601914FEAF02800EA070126EA0002E1
:10EE700004EA0E0B88EAB0184A4055F8041F88EAE5
:10EE8000706890444FEA7C32884484EA0E0182EA3A
:10EE9000BC0201EA0C01D04482EABC52B24681EACB
:10EEA0000B0143440A4403EB0908F1461A44029B50
:10EEB000AB42CDD1069B039D1344079A0999754433
:10EEC000624441449446089A224414460A9A0244F1
:10EED00010460B9A3A441746049A32441646059A4D
:10EEE000C2E9003CC2E90245C2E90410C2E9067663
:10EEF0004DB0BDE8F08F00BF20450020982F8A421A
:10EF00002DE9F04FADF5417D0DF178090F903EAC44
:10EF100048460E79083111F8073C11F8012C11F818
:10EF2000085C1B0442EA066211F803CC43EA05635D
:10EF300011F8067C11F8026C42EA0C4211F8055CEB
:10EF400043EA072342EA06222B4340F8082F844273
:10EF50004360DED1A0AF20AA1646D2E91C10D2E948
:10EF60000254CB0C08324FEAC10E43EA40334EEA5A
:10EF7000507E4FEAD04C83EA0E034FEAC00E4CEAB3
:10EF8000413C4EEA517E89098CEA0E0CD6F84CE0E1
:10EF900041EA80618CEA901C30684B40B16C766825
:10EFA00009184FEA55004EEB06065B184FEA152E7E
:10EFB0004CEB060640EAC4704EEA046C610880EA35
:10EFC0000C004FEAD51C41EAC5714CEA446C80EA5A
:10EFD0000C001B1893674FEA142343EA056383EA86
:10EFE000010383EAD41346EB03069742D667B3D1F5
:10EFF0000F9BBEAA0E929A68DE68596910929A6AAF
:10F000009869119612915E6BD9691592DA6A1F6937
:10F010001C685D68B84613901491186A596A169274
:10F0200017961A6B9E6B1E921F9619941A951B9732
:10F030001C901D91DB6B029218937C4B159A0D93DB
:10F04000189B05920A93139B169A0793149B099693
:10F050000893774B179E06920493109A754BDDF830
:10F0600048B0DDF844A0039601920B9315E0DDF85B
:10F070000480D34601941C460D9BAA46059E154666
:10F0800053F8082F02960D93069E5B680396049230
:10F090000B93CDE9050138467146860B059A830C22
:10F0A00046EA8146024043EA81338F0B5E408B0C77
:10F0B00047EA804743EA80334FEA157E5F40C30545
:10F0C0004FEA857C43EA51234CEA940C5E40029B54
:10F0D0004EEA041E23EA00038EEA0C0E4FEA446C4B
:10F0E0005340CA054CEAD51C42EA5022F318039E4D
:10F0F00082EA0702069F26EA010601EA070786EA76
:10F1000007064FEA147742EB060259F8086F47EA00
:10F1100005179B194FEA847646EA950687EA0607A3
:10F12000019E87EA0C0786EA08068AEA0B0C0C9710
:10F1300006EA0406D9F804700CEA050C42EB070253
:10F14000099FDB190A9F47EB0202049FDB190B9F03
:10F1500047EB0202029F04930997039F0A97019FBE
:10F1600007EA08030C9F5E40049BBE194FEA4567FF
:10F1700047EAD4178EEA07070AEA0B0E8CEA0E0C50
:10F1800047EB0C0C079FCDF81C80DF19089BCDF8CE
:10F1900020B042EB030E049B9B190E9E42EB0C0227
:10F1A0004E457FF464AF199EF3181A9E46EB020297
:10F1B000109E34190F9E3360119B43EB050C019B8D
:10F1C0001B9DED18129BC6E9012443EB0A02139B19
:10F1D000C6E903C513EB08041C9D149BC6E905246E
:10F1E00043EB0B03159CEF191D9A059D42EB0E0294
:10F1F0002018169CF36144EB01011E9C179B6419B7
:10F20000B0620698029D43EB00001F9B72625B197F
:10F210003762F1623463189A039C42EB0402C6E938
:10F220000D03F2630DF5417DBDE8F08F7003002002
:10F2300022AE28D7982F8A42012925D930B54378A4
:10F2400004787F2B14701DD903F07F039D1C8D4221
:10F2500015D8E3B1013B841C00F1010C54FA83F48E
:10F2600000231CF801EF64454EEA0323F9D1EC18A2
:10F270008C4204D805442046C2E9013530BD4FF028
:10F28000FF3030BD0225F2E74FF0FF3070472C46CB
:10F29000F0E700BF012926D9831C30B5047814702B
:10F2A00044787F2CC2E9014315D90023802C536098
:10F2B0000BD0A0F17F0500F1010C25441CF801EFF3
:10F2C0004EEA032365455360F8D1A4F17E0C1C4639
:10F2D00000EB0C039360014423444FF0FF3099424C
:10F2E00028BF002030BD4FF0FF30704700210022C2
:10F2F000002301640A4910B4C0E90E23094C0A4AEC
:10F300000A4BC0E90641C0E90823094C09490A4AE9
:10F310000A4BC0E90A41C0E90C235DF8044B704771
:10F3200085AE67BB67E6096A72F36E3C3AF54FA596
:10F330007F520E518C68059BABD9831F19CDE05BC2
:10F340002DE9F04F9BB04469076819914168C26884
:10F350000A91C16AC5698368099727460C9213947C
:10F36000BE468469826A0F91416B066A0B930D94C5
:10F370002C4603691495A046456A0E921091026BC3
:10F38000816B16951792189112931596C06B0D9C70
:10F390001190109801940A2408901046119A0C9F1D
:10F3A00007920A4606940395DDF824B00297059269
:10F3B000DDE90E1ADDE90AC955460491C246E04668
:10F3C000CC46DDE907149B44029AF044019F8BEA86
:10F3D0000000524488EA0404674406EB3046944631
:10F3E000059AB146039E7A40079706EB34468CEAAD
:10F3F0000101039605EB3145049E85EA0A0A06EBF6
:10F4000032474E460CEB3A5C73408CEA3141029332
:10F41000039B05EB316583EA0E0E019B85EA3A5AA0
:10F4200087EA0309029B08EB3E580BEB335B079B13
:10F4300088EA344403EB39538BEA3040049383EA7F
:10F44000324306EB30660193019A3346039E07EB85
:10F450003267029A039306EB346683EA3253019AC9
:10F4600086EA3E5E02930CEB736C049B87EA395983
:10F470008CEA326203EB7A630BEB7E6B83EA3464D3
:10F480000193039B06EB3246039408EB796803EB88
:10F490003444029B8BEA316186EA7363059488EAFF
:10F4A000306007EB31470CEB335C05EB304587EA06
:10F4B0007E6ECDF808C084EA7A6A019C85EA796993
:10F4C00004EB3A5C029C0BEB3E5B84EA3242039C09
:10F4D00008EB39588BEA314106EB326607EB3167AE
:10F4E00088EA304003968CEA3444049705EB306593
:10F4F000059E4FEA326206EB346687EA3E5E05926D
:10F50000039F85EA3959069A86EA3A5A87EA3353BD
:10F51000013A4FEA79674FEA31614FEA7E6E01970F
:10F520004FEA306006924FEA34644FEA7A6A4FEA53
:10F5300073637FF448AF0894E146099CC446079181
:10F54000D0465C440C99AA46039DA3460A9C0D9F95
:10F550006444059AA4460B9C4C44A146029C214459
:10F56000129C1C44139B73440294019C0393159BAF
:10F570002744149C334444441E46169B01942B4458
:10F580000E9D109C9E46049B1D44179B0344A84659
:10F590000F9D1846089B55441C44189B1344079A1A
:10F5A0000493119B13449A46199BC3E900BCC3E919
:10F5B00002910299049A196103995C63C3E90517E2
:10F5C0000199C3E909E8C3E90716C3E90B50C3E988
:10F5D0000E2A1BB0BDE8F08F103A2DE9F04F22F053
:10F5E0000F0290F84C308DB0044602F1100AB3FAC5
:10F5F00083F30B9001EB0A025B0900681B060A9279
:10F600006268814609932346019202EB8202A46854
:10F61000DD681E69089204EB840206EB860A0796F1
:10F6200005921E4605EB8502029404950392D6E9E5
:10F630000754D3E90523766A0868103151F80DECB8
:10F6400020F07C4051F80ACCCEF3990E024451F8D8
:10F65000070C9E4451F8043C04EB9010099CCCF339
:10F66000191C44EA1323039CAC44089D1E44059BCB
:10F67000A0FB0373E2FB0973EEFB0A73ECFB04735C
:10F68000E6FB0573BD0E45EA831527F07C43019F19
:10F690000693A0FB0434E2FB0734059FEEFB09341C
:10F6A000ECFB0A34E6FB0734EB18029F44F100043C
:10F6B0004FEA936823F07C4348EA8418A0FB0A547D
:10F6C000E2FB0754019FEEFB0754039FECFB095438
:10F6D000E6FB075418EB0505049F44F100044FEACC
:10F6E000956B25F07C454BEA841BA0FB0948E2FBA7
:10F6F0000748029FEEFB0748019FECFB0748E6FB2B
:10F700000A481BEB040448F1000B4FEA946824F00C
:10F710007C4448EA8B18A0FB07B0079FE2FB07B0C8
:10F72000049A029FEEFB02B0ECFB07B0E6FB09B0C7
:10F7300018EB0B0B40F100004FEA9B622BF07C466C
:10F7400042EA8012069802EB820202440A98814241
:10F7500003EB926322F07C427FF46EAF0B99C1E918
:10F760000523C1E907544E620DB0BDE8F08F00BF1C
:10F77000826B2DE9F04F044685B00E46BAB183186E
:10F78000012183F83C1053180F2B07D802F13D00DC
:10F790000021C2F10F02204417F0C2F90123102208
:10F7A00004F13C01204684F84C30FFF715FF276A2E
:10F7B00000256369D4E9061202EB9168626A21F0C0
:10F7C0007C49E16A07EB986728F07C48019102EBDD
:10F7D000976227F07C47910E42F07C4B01EB810150
:10F7E000194422F07C43226B09EB916921F07C41A2
:10F7F000029201F1050C0093636B09EB9C6E03937D
:10F8000008EB9E6007EB90620BEB926B4FEADB73A9
:10F8100003F1FF3A5B420CEA0A0C0EEA0A0E1940A9
:10F8200003EA090902EA0A022CF07C4C2EF07C4E15
:10F830001F404CEA010C22F07C4200994EEA090E6E
:10F8400003EA080800EA0A004CEA8E6C0BEA0A0A8E
:10F850000B4042EA0701A26A20F07C404AEA030317
:10F86000019F1CEB0202A26A40EA080094444FEA9E
:10F87000032242EA914286F800C04FEA813141EA10
:10F8800010314FEA005040EA9E1345EB0500DB19AA
:10F890004FEA1C27777045EB05071B18029847F1C4
:10F8A000000709184FEA1C4033714FEA1C6CB07016
:10F8B00045EB0500C919039F86F803C040F100001D
:10F8C000D21931721218180A7071180C1B0E32738B
:10F8D000B071F3710B0A73720B0C090EB372130A39
:10F8E000F1727373130C120EB373F27365622561B8
:10F8F000C4E90555C4E90755C4E90055C4E90255F2
:10F90000C4E90A55C4E90C5505B0BDE8F08F00BF45
:10F91000F8B51546826B06460C46FAB1C2F11007DF
:10F92000AF4228BF2F4657B14B1E02F13B0C844417
:10F93000D81913F8011F83420CF8011FF9D13A447A
:10F940000F2AB26300D8F8BD102206F13C01304600
:10F95000ED1BFFF741FE3C440023B3630F2D11D88C
:10F96000002DF0D0B06B6A1E631E00F13B01144401
:10F97000314413F8012FA34201F8012FF9D1284493
:10F98000B063F8BD25F00F0221463046AD1A14448D
:10F99000FFF722FE002DD6D0E4E700BF10B582B0FD
:10F9A0001446002308226946CDE90043FFF7B0FF63
:10F9B00002B010BD4B1E5BB2002B29DB03F1010C22
:10F9C0005AB200EB8C0C10B502E05AB2002A0BDBE5
:10F9D0005CF8044D5FFA83FE1146013B002CF4D025
:10F9E0000EF1010E4FFA8EF181B16FF040430B44DE
:10F9F00050F823302BB100225B0802F10102FBD149
:10FA000093B2013903EB411000B210BD084610BD9E
:10FA100081B16FF040430B4450F823302BB10022EA
:10FA20005B0802F10102FBD193B2013903EB4110F3
:10FA300000B27047084670472DE9F04FB3F1000B54
:10FA400085B000907CDD4FF0000CA0F10409E64683
:10FA50006046E046054670464FF0000E7446ACEB3B
:10FA6000040351F824A00134002652F8233067B271
:10FA7000A3FB0A3A5B195AEB000A1D4628BF012670
:10FA8000B8455046B644EADA0CF1010C49F8043F97
:10FA90004FFA8CF8C345DDDC4FF0FF335E4603EBD5
:10FAA0004B039B4598463EDA5FFA8BF3DA464FF0FC
:10FAB0000109013B01930B1DCDE902324FFA89F593
:10FAC000AB4538DD761B039B0446704601364FF08C
:10FAD000000E03EB8606019BA3EB090C029B55FA73
:10FAE0008CFC01EB850503EB8C0C55F8043B0027DF
:10FAF00056F8042DA3FB02321B1942411C4628BFB5
:10FB00000127AC451046BE44EFD10AF10103009A2B
:10FB100009F1010942F82A404FFA83FA5FFA89F99C
:10FB2000C2455646CADB009B03EBCB0343F8040CEB
:10FB300005B0BDE8F08F044670464FF0000EE4E7D4
:10FB40004FF0000E7046A7E770B516460332054623
:10FB50000C4648BFB21D931042F38702002A06DD0F
:10FB60005A1E0021D2B20132920016F0D9FF002EA7
:10FB700017DD04F1FF3C023C0CEB0601A219A2EBDD
:10FB80000C031CF8014F03F0030E23F003038C4514
:10FB90004FEACE0EE85804FA0EF444EA0004EC50A2
:10FBA000EDD170BD70B5D0E90435044605EB4305D1
:10FBB00063B10139681E002311F8012F013382F06F
:10FBC000360200F8012F22699A42F5D8E2689A427B
:10FBD0000AD9013B36202B441A4603F8010FE1688D
:10FBE0000232521B9142F7D8204623689847636837
:10FBF000E26829462046BDE87040184770B5D0E954
:10FC000004350446164605EB430563B10139681E09
:10FC1000002311F8012F013382F05C0200F8012F5C
:10FC200022699A42F5D8E2689A420CD9013B5C21DC
:10FC30002B449C4603F8011FE2680CF1020CACEB6C
:10FC4000050C6245F5D831462046A3689847204602
:10FC500023689847E26829462046636898473146FA
:10FC60002046636822699847A36831462046BDE86C
:10FC700070401847094A8904094B41EAC05110B441
:10FC800054680B4344F400045460136453681B022B
:10FC9000FCD5106C5DF8044B80B2704700802D409D
:10FCA0000000026010B442EAC050084C084B626881
:10FCB00040EA814142F400020B43626023646368BE
:10FCC0001B02FCD55DF8044B704700BF00802D403F
:10FCD0000000025008B114F09BBF70472DE9F04FAF
:10FCE00000258BB00B788046039504950995CDE9E6
:10FCF0000555CDE90755002B5ED00122A946AA463D
:10FD00002E462F46AC46AB462846019515E03A2BC9
:10FD100034D0402B43D146EA0A032B4308D14FF09D
:10FD20000109654682469C461E4610464F46CB4614
:10FD300011F8013F541CA3B12246B2F1010E14BFC9
:10FD4000012400242F2B14BF002404F00104E4B983
:10FD50005D2BDCD111F8013FA4460127541C002B78
:10FD6000EAD1B9F1000F24D1019B9BBB0FB1CDF8B3
:10FD70001CC0BBF1000F20D006901EE05CEA060319
:10FD8000D6D11E4694460127D2E760B911F8013C4E
:10FD90002F2BCDD1844627461046A346C8E72F2BEC
:10FDA000C6D10028C4D0002EC2D1012376460193CB
:10FDB000BEE7CDE904A5D7E71A4603AC099245464C
:10FDC0000FCC0FC594E8070085E8070040460BB04C
:10FDD000BDE8F08F0896C9E72DE9F04F85B00746DA
:10FDE0000E469246DDF8388099460F9DB8F1000F17
:10FDF00049D0109B002B46D1511C00248E4289F81B
:10FE0000004039D90024534611E0A84503D94FF0EA
:10FE10002E0309F80530681C0BEB0005454518D387
:10FE200001345C440AEB0403591CB14221D217F897
:10FE300003B0BBF1000F37D01BF0C00F39D1013335
:10FE40005B44B34222D2002DDFD128465D464545B2
:10FE5000E6D20134394448445A4612F0F7FA5C4479
:10FE60004FF0000309F805300AEB0403591CB142B6
:10FE7000DDD3B8F1000F0AD00023204689F8FF3007
:10FE800005B0BDE8F08F109B062B04D1002420465E
:10FE900005B0BDE8F08F0AF101018E42B2D800240E
:10FEA000B8F1000FF3D0E7E70134B8F1000FEED05E
:10FEB000E2E74FEA0B227B5C02F47C521A43531CAC
:10FEC000B34203D2BB5C13F0C00F04D00234B8F1CC
:10FED000000FDCD0D0E7109B314638460195013346
:10FEE000CDF8008002934B46FFF776FF0028EDD156
:10FEF000CCE700BF38B5044615460846D4E90123CF
:10FF000059199142216888BFD51A19442A4612F01E
:10FF10009DFAA36828462B44A36038BD2DE9F04F15
:10FF2000A5B00C4601F1400714AE069020681034CD
:10FF300054F80C1C354654F8082C103654F8043C80
:10FF4000BC420FC5F2D1069CD44AE36827692068F9
:10FF5000BA1813970F9002EBF062169F12933FBAF4
:10FF6000D4E90115149C85EA030685EAB10C24BA8C
:10FF700011950E400CEA000C4FEAB00010915E4063
:10FF80008CEA050C80EAB1081644159A92FA82FAB6
:10FF9000C24A26447C409A18C04B08EA060894449A
:10FFA000BE4A88EAB108AA18D44480EAB6053A44A1
:10FFB0000CEBF66C03EBB1019044179A05EA0C05C3
:10FFC00012BA08EBFC6845404FEABC0C114400F142
:10FFD000B54082EA0A0A0D44189900F51E3009BAA4
:10FFE00005EBF86500F2991081EA070EAB4F084463
:10FFF00073468CEAB60E0EEA080E8EEAB60E8644FA
:02000004600199
:10000000199800BA0EEBF56E80EA02098CEAB80284
:10001000C7192A404FEAB50507EBB60782EA0C027A
:100020003A441A9F3FBA02EBFE6287EA01061B9927
:10003000019691FA81FB85EAB80698498BEA00009F
:1000400006EA0E067918049085EABE00614486EA45
:10005000B80610400E4491496840594406EBF266D8
:100060004FEAB20201EBB80108441C9991FA81F8F9
:100070008A4900EBF66084EA080C82EABE04414437
:100080003440CDF800C0294488EA070C84EABE0455
:100090001D9FCDF814C00C4497FA87FC82EAB60184
:1000A0007E4D1F9F8AEA0C0A014065443FBA04EB6B
:1000B000F06405EBBE0551404FEAB000CDF808A052
:1000C00029441E9D8CEA0B0A87EA0C0C2DBA01EB21
:1000D000F461CDF82CC089EA070983EA050EDFF840
:1000E000BCC1019B85EA0808CDF81CE080EAB60E89
:1000F000AC440EEA040E944480EAB4028EEAB60ED2
:100100000A40E644DFF894C14240BC440EEBF16E75
:100110004FEAB1010CEBB60C209E36BA624483EA7A
:10012000060C02EBFE62CDF80CC086EA050C219DA0
:10013000019695FA85FB009DCDF834C081EAB40C98
:1001400085EA0B038BEA07070CEA0E0C0093049B6D
:100150008CEAB40C83EA0B06009B89EAF379009BD6
:10016000089688EAF3764D4687EAF9784B4F0A9667
:10017000019ECDF83880F7190C95074481EABE003E
:10018000BC44464F10405F440CEBF26C48404FEAD1
:10019000B20207EBB407C4192298029F00BA04EB1D
:1001A000FC6487EA0003059F464087EA0008039F36
:1001B000099387EAF3790B9F099B88EAF57886EA29
:1001C000F976CDF80C90454687EAF378089F82EAE5
:1001D000BE0988EAF5780595039B09EA0C09CDF874
:1001E000108086EAF878239E89EABE09454696FA89
:1001F00086F8079E88EA0B0B86EA08068AEA080A50
:10020000CDF808B087EAF67B8AEAF37A0D9F5B4661
:10021000CDF804B0CDF81CA087EAF67A0A9F87EAE9
:10022000FB7B029F87EAF377079B02978AEAF37AC0
:100230000E9F534687EAFB7A029F0E93CDF820A0CB
:1002400087EAF37A009BCDF808A0DFF850A0089F5A
:10025000824480EAF370099B8A440599099580EAF3
:10026000F170CA440D4980EAF7790C4F82EABC006C
:10027000414488EAF378CDF82890204001EBBE0194
:100280000AEBF46A50404FEAB4040144079888EA44
:10029000F07884EABC0088EAF57E01E09979825A18
:1002A000009D00EA0A0001EBFA61CDF82CE007EBB3
:1002B000F57E80EABC003D46964484EABA021F46B9
:1002C00070440A4005EBF37E00EBF16062404FEAB8
:1002D000B1010EEBBC0E05EBF67C724481EABA0E5E
:1002E000A4440C9C0EEA000E4FEAF67605EBF4737C
:1002F0008EEABA0E03EBBA0A009B4FEAF474F44498
:1003000086EAF375039B84EAF77786EAF376019B26
:1003100085EAFB7584EAF374049B02EBF06287EADA
:10032000F3770E9B0CEBF26C86EAF376089B87EA78
:10033000F979039F84EAF374029B85EAF37E0B9DAF
:10034000DF4B86EAF57881EAB006CDF8308084EAA2
:10035000FE7816404FEAB20203EBF774CDF8348012
:1003600082EAB0054E400C44564485EA0C0506EB83
:10037000FC66254482EABC0405EBF6654FEAB6014B
:100380007440019E03EBF67606EBB006059803EB8E
:10039000F070344481EABC061044059A6E4004EBC8
:1003A000F5644FEAF272304482EAF776099F82EAF6
:1003B000FB7286EAF7760A9F00EBF46082EAF77236
:1003C00086EAF97782EAF878009781EAB506079F0E
:1003D00066404FEAB40403EBF772CDF8148003EBE8
:1003E000FB7802EBBC024FEAF77C049F3244019E8B
:1003F000884484EAB0018CEAF6768CEAF77C029FA6
:1004000002EBF06286EAF7760B9F51408CEAF77CAC
:100410000C9F86EAF776009F8CEAF77C049FCDF864
:100420001CC084EAB50C8CEA000CC44403EBF778DA
:100430000E9F0CEBF26C08EBB5084FEAB20201EB31
:10044000080503EBF77182EAB00821444FEAF7741C
:1004500088EA0C08099F05EBFC65414484EAFB78B7
:1004600084EAF7740C9F88EAFE7884EAF774079FA1
:1004700088EAF67884EAF77A089F01EBF56103EBE6
:10048000F774CDF838A082EABC0A04EBB00B4FEA4F
:10049000F774049F8AEA050A4FEAB50584EAF77003
:1004A000029FD34484EAF7740D9F80EAF97084EACE
:1004B000F774059F0BEBF16B84EAF87A80EAF7702A
:1004C000099F85EABC04CDF820A003EBF77A0190E0
:1004D0004C400A98924404EB0A02029C85EAB10A55
:1004E00003EBF47402EBFB628AEA0B0A04EBBC0434
:1004F0004FEABB0B03EBF07CA2448BEAB104AC44A3
:100500000AEBF26A5440A4444FEAF074059884EA76
:10051000F775009F84EAFE7485EAF77584EAF07443
:1005200001980CEBFA6C85EAF0750395089D0B9821
:1005300084EAF575029F8BEAB20409954FEABA0581
:1005400084EA0A0403EBF07A0AEBB10A4FEAF0718D
:100550000798544481EAF77A039F81EAF9718AEA9D
:10056000F67A81EAF0710E9804EBFC648AEAF07A7C
:10057000504681EAF77A03EBFE710C9FCDF828A074
:1005800085EAB20A594403EBF97B8AEA0C0A029025
:100590000BEBB20B8A4403EBF77285EABC010AEB62
:1005A000F46A2A4461404FEAF7754FEAB404009FA9
:1005B000594485EAFE7E84EABC0B8EEAF87E8BEA1B
:1005C0000A0B85EAF7750E9F01EBFA615A448EEA31
:1005D000F07B85EAF7750A980D9F02EBF16285EAD8
:1005E000F07E019803EBF775CDF830E084EABA0E9F
:1005F00005EBBC058EEA010E4FEAF77C089F4FEA37
:10060000B10175448CEAF97E8CEAF67C8EEAF07EC4
:100610008CEAF77C099F05EBF2658EEAF77E009F76
:100620008CEAFB79CDF82CE081EABA0C03EBF77E7B
:10063000059F8CEA020CA64403EBF674F44481EAAD
:10064000B20E04EBBA040CEBF56C8EEA050E4FEA21
:10065000B505A64485EAB2040EEBFC6E84EA0C0AEA
:1006600003EBF7740C440799544403EBF1734FEA1E
:10067000F17103EBB20304EBFE624FEAF774009FE3
:1006800081EAF67684EAF77781EAF071039884EAE2
:10069000F87487EAF077029886EAF076099884EA97
:1006A000F0740A9881EAF0710B9887EAF07A0C9F4F
:1006B000504686EAF77A84EAF976024C049003E021
:1006C000A1EBD96EDCBC1B8F079681EAF07685EA38
:1006D000BC010D9602EABE0681EA0E01194442EA07
:1006E000BE0303EABC0301EBF2611E4304EBF873A3
:1006F0002B4401EAB2051E4441EAB20303EABE03F9
:1007000006EBF1661D43019B0E9F04EBF373039808
:1007100003EBBC0306EAB10C1D4446EAB10303EA4D
:10072000B20305EBF66543EA0C0C04EBF77303EB3D
:10073000BE0305EAB60E63444FEAF77C0C9F8CEAD1
:10074000F8788CEAF07C0D9888EAFB788CEAF77CE4
:10075000089F88EAFA788CEAF07C03EBF563CDF821
:1007600038C045EAB60C0CEAB10C4CEA0E0E04EBAC
:10077000F77C0CEBB2024FEAF77C019F72448CEAE3
:10078000F770029F02EBF3628CEAF77C0B9F8CEA16
:10079000F97C80EAF770079F8CEAF87C80EAF77EA4
:1007A000039FCDF814C043EAB50C03EAB5000CEA88
:1007B000B60C4CEA000004EBF77C029F0CEBB10C8A
:1007C00002EAB301604442EAB30C0CEAB50C00EB58
:1007D000F2604CEA010104EBF77C099F0CEBB60CCC
:1007E00040EAB206614400EAB20C06EAB30601EB45
:1007F000F06146EA0C0C04EBF77606EBB5064FEA1F
:10080000F775039F664485EAF77C049F06EBF16663
:1008100085EAFB7500968CEAF77C079E8CEAFE7CE5
:10082000029F85EAF675059ECDF80CC085EAF67C38
:100830000A9E41EAB005CDF820C001EAB00C05EAF5
:10084000B20545EA0C0C04EBF67505EBB3054FEA6F
:10085000F673009E654483EAF77C0B9F05EBF66513
:100860000D9E83EAF7738CEAFA7C83EAF6730E9E98
:100870008CEAF67C039ECDF804C083EAF67C009EE9
:10088000CDF808C046EAB10C06EAB1030CEAB00C98
:100890004CEA030304EBFB7C0CEBB20C05EAB6025A
:1008A000634445EAB60C0CEAB10C03EBF5634CEA81
:1008B000020204EBF77C0CEBB00C43EAB500624497
:1008C00003EAB50C00EAB6000C9E02EBF36240EAC4
:1008D0000C0C04EBF67000EBB1004FEAF671049ECD
:1008E000604481EAFB7B81EAF6710E9E8BEAF87B1D
:1008F00081EAF671019E00EBF2608BEAF67B029EC4
:1009000081EAF67C009E42EAB301CDF828C002EAF3
:10091000B30C01EAB50141EA0C0C04EBF9714FEAA2
:10092000F97901EBB60189EAF776059F89EAFA7948
:10093000614486EAFE7689EAF779089F01EBF06167
:1009400086EAF77C049F00EAB206CDF824C040EAAC
:10095000B20C89EAFB790CEAB30C4CEA060604EB0C
:10096000F77C079F0CEBB50C01EAB005664441EA41
:10097000B00C0CEAB20C06EBF1664CEA050504EB90
:10098000FA7C0CEBB30C46EAB103654406EAB10C01
:1009900003EAB00305EBF66543EA0C0C04EBF773CE
:1009A00003EBB2034FEAF772049F634482EAF777DE
:1009B00003EBF56382EAF8720093039B87EAF3770F
:1009C000089B82EAF372099B82EAF97C45EAB60247
:1009D00087EAF377CDF81CC00D9B02EAB10205EA65
:1009E000B60C049742EA0C0C04EBF37202EBB00273
:1009F0004FEAF370009B624480EAFA7C02EBF362F8
:100A0000019B80EAFE708CEAF37C029B80EAF37023
:100A10000A9B8CEAF37C049B674680EAF37C009B8C
:100A2000CDF82CC043EAB50C03EAB5000CEAB60CCD
:100A30004CEA000004EBF87C0CEBB10C02EAB301C9
:100A4000604442EAB30C0CEAB50C00EBF2604CEAED
:100A5000010104EBFE7C0CEBB60C40EAB2066144EB
:100A600000EAB20C06EAB3060E9B01EBF06146EA1F
:100A70000C0C04EBF37606EBB506059D664404EB1F
:100A8000F574009D04EBB50406EBF165059E009539
:100A90004FEAF67C4FEAF375039E059785EAF873F3
:100AA00085EAF675019E8CEAFE7883EAFB738CEA90
:100AB000F67C099E83EAF773079F88EAF6780A9E18
:100AC0008CEAF97C85EAF67588EAF7780B9F8CEA60
:100AD000F37C85EAF77E009F41EAB005CDF830E06F
:100AE00001EAB00E05EAB2054FEAB10145EA0E058A
:100AF0002544934C04EBF37E0F9B05EBF7652344F1
:100B0000CDF828E004EBF67A019E0E9381EAB0035B
:100B100004EBF9797B40039F04EBF77E0EEBB20EFA
:100B2000009A734481EAB20204EBF67E089E03EB5E
:100B3000F5636A400EEBB00E00984FEAB5057244BB
:100B400085EAB00E04EBF6708EEA030E02EBF36258
:100B500008444FEAF671049E704481EAF77E079FCD
:100B600081EAFB718EEAF67E81EAF77104EBF67694
:100B70008EEAF87E049604EBF878029E81EAFC7116
:100B800004EBFC7CCDF8208004EBFB7B04EBF778D6
:100B9000CDF81CC0009F04EBF17C04EBF671AB4474
:100BA00085EAB305CDF834C001EBB701099F00EB2E
:100BB000F260554004EBF77C4FEAB20229440CEB9B
:100BC000B30C82EAB303924401EBF06143404FEA75
:100BD000F67582EAB002019E5B4409EBB00985EA32
:100BE000F6764A4003EBF163CDF80C904FEAB10181
:100BF000624485EAF775059F81EAB00004EBF77956
:100C000086EAF7760C9F584002EBF36286EAF776A5
:100C100004EBF77C049F504404EBF67B0F4481EA1D
:100C2000B30100EBF260039E51404FEAB20209EBC0
:100C3000B30982EAB303314490440B9E434001EB75
:100C4000F06182EAB0023B4404EBF67A85EAF6757D
:100C50004A4003EBF1630E9E4FEAB1014A440AEBAE
:100C6000B00A85EAFE7581EAB00006EBF5750A9ECA
:100C7000584002EBF362771881EAB3014044089EC2
:100C8000514004EBFE7400EBF2604FEAB2025144B3
:100C900006EBB30E079E82EAB303944401EBF061C6
:100CA000434082EAB00206EBB0083B444A400D9F45
:100CB00003EBF16372444FEAB10102EBF36281EAA4
:100CC000B0000C4481EAB30158400BEBB30651402D
:100CD0006044414400EBF2604FEAB20201EBF06184
:100CE00082EAB303174482EAB002434005EBB00541
:100CF0004A402344069C1644129A03EBF1634FEAE0
:100D0000B10102EBB30206EBF366E26081EAB000E8
:100D1000119A584081EAB30302EBB60273400744CC
:100D2000A260139A07EBF6671D44114405EBF765C3
:100D300021611099CB19C4E9005325B0BDE8F08FAB
:100D4000D6C162CA2DE9F8434268054690F8AD3035
:100D50000C46D2F83C80DA0725D520262E274FF006
:100D60004409D8F81830E2199A4288BFDC1BB8F859
:100D700050304B4506D21A4B1B68002B17DC4B46F4
:100D8000A8F8509026449E420AD9C7F10E0795F85C
:100D9000AD20FC18D30703D5114B1B68002B12DCC8
:100DA0002046BDE8F88354266227B146D9E70120E2
:100DB0000C4B41F251220C49F8F70EFC49460B4806
:100DC000F8F750FCDBE7074B41F2582206490120B7
:100DD000F8F702FC0648F8F745FC2046BDE8F88322
:100DE0002C460120E82D0020D8630020F06300206D
:100DF0001C6400202DE9F041B0F9066004460D4660
:100E00008E4206DBB4F90430AB421DDBA580BDE8A1
:100E1000F0814FEA460801208845B8BF88464FEA6E
:100E2000880113F08FFE074618B1B4F90430002B87
:100E300015DCE668304613F0EBFEB4F90430A4F894
:100E40000680AB42E760E1DAEA1AE068002100EBD5
:100E50008300920015F064FEA580BDE8F081B20029
:100E6000E668314611F0F2FAE4E700BF2DE9F84FE9
:100E70008A46116805460B4653F8086B13604F68A5
:100E80002EB947B3384616F09BFC064618B300242B
:100E900007F1FF3BDFF84C9027461BF8010FC8B164
:100EA000104A082302E012F8013FBBB18342FAD195
:100EB000A2EB09020C4B13F80280B8F1000F0DD021
:100EC00051465C20A847514640460137A8470134A7
:100ED000B442E2D33E193046BDE8F88F5146A847E8
:100EE000F5E700BFDC430020E443002070B5002498
:100EF00082B00E46224601A901940EF009FD054676
:100F000048B1B30709D40C21012013F01BFE10B126
:100F1000019BC0E9005302B070BD204602B070BD15
:100F200070B50C4606461046154616F049FCA04220
:100F300012D922462946304615F0CAFE60B96CB176
:100F40002B5D2F2B0AD0254415F8010CA0F12F00A2
:100F5000B0FA80F0400970BD002070BD012070BD66
:100F600070B5054682B0CDE9002116F029FC064691
:100F70002846DDE900210EF0CBFC10B1012002B0C3
:100F800070BD044602E0FFF7CBFF58B9204601349C
:100F90000EF0B4FC024631462846002AF3D1104632
:100FA00002B070BD042002B070BD00BF61F07F01CF
:100FB0007D2810B5197004D8022458705AB92046FB
:100FC00010BDB0F5803F11D27E2140BA0424597083
:100FD0005880002AF3D05A7818190434042162F09A
:100FE0007F025A70F8F7B0FA204610BD7F24002126
:100FF00000BA5C700A24C3F80210C3F80600DDE7EB
:1010000015F02EBC70B5446805460E46A4B12368A1
:101010004360036B013B0363A368D3B936B2204638
:10102000FFF7E8FEEB6A01210022A6800B44A160D5
:1010300022602046EB6270BD1021012013F082FD7A
:101040000446B100012036B213F07CFDE060E6807A
:10105000E8E711F0D7FF00BF0929844608DC3023F8
:101060000322303104208CF802300CF80210704753
:10107000632910B522DD154ACB17642082FB01429B
:10108000C3EB621300FB131103F1300209298CF842
:10109000022018DD042205204FF0030E0C4BA3FBA9
:1010A0000143DB0803F1300403EB8303A1EB4301AD
:1010B0000CF80E4030310CF8021010BD0322042051
:1010C0004FF0020EEAE703220420F3E71F85EB51FD
:1010D000CDCCCCCC2DE9F041054603E0CCB110EBF2
:1010E000080F16D015F8014B11F801EBA4F14107D8
:1010F0002346AEF14106F446192FA2EB050898BF2E
:1011000004F12003192E98BF0EF1200CB3EB0C0351
:10111000E4D01846BDE8F0814368012930B5DA6BA8
:1011200083B004460D461AD08B1EDBB2022B13D8B7
:10113000154951F82310936DD26D5B1884F8CE5089
:10114000C4F8B83042F10002104BC4F8BC201B6850
:10115000032B06DC03B030BD4AF6C871EBE79621DD
:10116000E9E70B4B41F2A6020A490420F8F734FAEA
:10117000616B2A46084894ED2E7B8DED007BF8F7D5
:1011800071FA03B030BD00BFE40A00202C460120F4
:10119000D42D0020D8630020AC590020B1F5C06FD9
:1011A0002DE9F0410C4616D92C4B1B68002B03DCB3
:1011B0004FF0FF30BDE8F081294B44F6C3520120C7
:1011C0002849F8F709FA21462748F8F74BFA4FF073
:1011D000FF30BDE8F081254FDFF8A0803D6808EBC7
:1011E000C50673881B040BD51C49D2F880300968EA
:1011F00001330029C2F880301FDC0020BDE8F081F7
:101200001B4B014605EB4500224603EB402011F045
:101210001DF94FF08072A3B228F83530013573887C
:10122000032D9BB243F40C437380124B5A6111DDC2
:10123000002320463B60BDE8F081094B44F6C752CD
:1012400008490120F8F7C8F90B48F8F70BFA002015
:10125000BDE8F08120463D60BDE8F0812C460120CC
:10126000302C0020D86300204846002074DE012086
:101270000067012000802D405C460020007F012097
:101280002DE9F04F1746A3B04F4A88464F49BE0993
:101290002C9C0546CDE902124D4A0492A2F16462EB
:1012A000A2F5E332A2F5DF7205921A6806925A6837
:1012B00007929A680892DA6809921A690A925A693A
:1012C0000B929A69DB690C920D934FF001036268EF
:1012D0000E9323680F93A368CDE9102356D0B30172
:1012E000C34600EB86164FF0020A0DF1480921AC07
:1012F000019302A84946FEF723F8DC4611AA2846C6
:10130000CDF838A052F8041F5CF8043BA24283EAEF
:10131000010340F8043BF5D140350BF1400B0AF1D5
:10132000010AB542E5D1019B984417F03F0402D170
:1013300023B0BDE8F08F0DF1480902A84946FDF73A
:10134000FFFFA4080ED008EB840C42464C46304602
:1013500052F8043B54F8045B624583EA050340F805
:10136000043BF5D107F03C0307F00307022F06EB1F
:10137000030208EB03001AD0032F09D0012FD7D1A5
:1013800059F8031003784B401370D1E70646CCE7B9
:1013900059F8035041788378047881EA152183EA6B
:1013A000154384EA0500517093701070C0E759F836
:1013B0000350417818F8034081EA152184EA0500BA
:1013C000F0545170B4E700BF6E64203365787061EB
:1013D000322D62790020704700207047002840D0ED
:1013E00010B507E0CB6A1BB1048B5B889C4225D00B
:1013F000006818B390F8AC30DC0607D58C692CB1C6
:1014000094F80EE090F81CC0E64518D090F8ADC0F6
:101410001CF0010FE6D18C6A002CE9D0B0F818E07E
:10142000B4F802C0E645E3D103F001039342DFD1F3
:1014300022B9B0F82CC023889C45D9D110BD94F8AE
:101440000FE090F81DC0E645E0D194F810E090F868
:101450001EC0E645DAD194F811C0C47FA445D5D1A9
:1014600010BD704700207047002070470020704773
:1014700000207047704700BFD1E9012310B403F189
:10148000020C94450CD80A685C1C4FF0000C8C6070
:10149000D0540A688B6802F803C05DF8044B7047AB
:1014A0009342FAD25C1C0A6800208C60D0545DF82C
:1014B000044B70472DE9F0431546B5B01A68002477
:1014C000DDF8F0C00646059201A85A680F4611A93A
:1014D0000D9406929A680792DA6808921A6909923E
:1014E0005A690A929A69DB690B920C93DCF8003016
:1014F0003B4A0E93DCF804300F93DCF8083010936D
:10150000384BCDE90123384B0393A3F16463A3F572
:10151000E333A3F5DF73DDE93D980493FDF710FF96
:10152000DDF847C0314ADDF84A0002EA9C02119B0F
:10153000DDF84D10129223F07C432D4A119302EAFC
:101540001012149B1F941392C3F31323294A8DF88E
:10155000904002EA91121492159A1593169B1B92D1
:101560001C93179B16941D93189B179418941E9305
:10157000CDE91944B9F1000F02D0B8F1000F18D12C
:101580002A46394611A8FEF7C3F915F00F021FD1FC
:10159000424611A80023FEF701FA2A46002311A8AB
:1015A000FEF7FCF9314611A8FEF7E2F835B0BDE8C8
:1015B000F0834246494611A8FEF7AAF918F00F0237
:1015C000DED0C2F110020C4911A8FEF7A1F9D7E74D
:1015D000C2F11002084911A8FEF79AF9D8E700BF36
:1015E000657870616E642033322D627903FFFF03EA
:1015F000FFC0FF03FF3FF003E0D60120F0B54469D0
:10160000054606984FF0000E0F684FF0450C143059
:1016100046BA204640F80E7B08278988A1802968B1
:10162000C4F80610A9884025C4F80EE0618171460F
:1016300084F80DE02773C0F804E0C0F808E0C4F8AF
:101640001A30059B84F815E08646E2756246C4F8B8
:101650001E300B46268284F80EC02575A57501E064
:101660001EF8012F13F0010F03F101034FEA022CC2
:1016700018BF9446142B6144F2D10B0C03D013FA1B
:1016800081F10B0CFBD1C94349BA2183F0BD00BFE6
:101690002DE9F04FA9B01D460C461746049318AB30
:1016A00029460794CDE905031046FEF783F9C0EB00
:1016B000851006B2002E06F01F05B4BF06F11F0309
:1016C0003346724243F347184FEA631302F01F0296
:1016D00058BF5542B8F1000F07DD013B002108A8B3
:1016E000DAB20132920015F01BFA002D40F3A5800A
:1016F000049B002B00F0AE8008A93A46C5F1200CEF
:1017000007EB830701EB88080020029152F8041BC5
:1017100001FA05F3974243EA000321FA0CF048F876
:10172000043BF3D1002E73DB049B0127029A03F1E3
:10173000FF385C0002EB830E28AA02EB8808AEF1AA
:101740000402AEEB830503920EEB8302043D01928B
:1017500028AA02EB8309002C6DDD28AAC7F101033A
:1017600002EB8303002253F888BC28AB104603EB3E
:10177000870353F888AC134628A90FFA82FC01327C
:1017800001EB83035AF82C1052B253F8803C034407
:10179000CB1A4BF82C3034BF4FF0010C4FF0000C3B
:1017A0009942134618BF6046A242E5DB3F1A029BEE
:1017B000B7FA87F79E454FEA57170AD9039A0023CD
:1017C000116843EA510342F80439AA424FEAC1734F
:1017D000F6D159F8802C58F8803C43EAC27348F897
:1017E000803C019B73450AD9019A002352F8041DDD
:1017F00043EA5103724513604FEAC173F6D8013EC4
:1018000036B2731CA7D128AB03EB870757F8884C77
:10181000049B002B0CDD591E059A231FC9B2043A04
:1018200004EB810453F8041F9C4242F8041FF9D1D1
:1018300029B0BDE8F08F0020B8E7049B4FEA88008C
:10184000002B07DD08AA3946029210449A0010F0D6
:10185000FDFD67E7002EEBDB08AB029364E700BFFA
:1018600070B50E46D11C144648BF911D8910FFF774
:10187000C9FBB0F90420002105469200C06815F0AC
:101880004FF9621EE96821D4B05C4FF0000C0B6880
:10189000324403440B60012396424FEAC30E03F126
:1018A000010313D012F8014D042B51F82C0004FA57
:1018B0000EF4204441F82C00EED1002396420CF1A6
:1018C000010C4FEAC30E03F10103EBD1B5F904306B
:1018D0006FF040441A1951F822207AB9012B0DDD1E
:1018E000013B9BB201E0012A07DD1AB2013B10194E
:1018F0009BB251F820000028F5D0AA80284670BD80
:101900002DE9F04790B00C46174682464022002150
:101910006846984615F004F90023A4F1040904F17F
:101920001C006E4607EB88081C4657F8041BCC4683
:10193000B646002201E0DEF800309B185CF8045F38
:1019400044EB04026045E5FB01324EF8043BF2D162
:10195000B845326202D056F8043FE6E7AAF1040126
:101960000023ADF104070AF11C0608469E464FF01D
:10197000260C57F8042FD2183C6A4EEB0E03E4FBFA
:101980000C2340F8042F8642F3D1DAF81C205B00C8
:10199000002043EAD27322F00042CAF81C2003EB75
:1019A000C30203EB420351F8042F9B180B6040EB7A
:1019B00000038E42F7D110B0BDE8F0872DE9F04169
:1019C00082B01F46134604460B9D089A05F108068F
:1019D000BDF82480009211220196FFF70FFE73BA22
:1019E00000F11401878203830023A0F816801A46B1
:1019F0008376C37691F800C0D70702F1010201F1A6
:101A0000010158BF4FEA0C2C082A6344F2D175B18A
:101A10000A99002291F800C0D70702F1010201F1F2
:101A2000010158BF4FEA0C2C95426344F2D100F1FA
:101A30000C01002291F800C0D70702F1010201F168
:101A4000010158BF4FEA0C2C042A6344F2D100F183
:101A50001002002192F800C0CF0701F1010102F14C
:101A6000010258BF4FEA0C2C04296344F2D1417A99
:101A700031440B441A0C03D012FA83F31A0CFBD135
:101A8000DB432A460A991C305BBA2A3520F8023C0F
:101A900014F0CAFF636A224629465B68606998476A
:101AA000854202D1E36F0133E36702B0BDE8F08104
:101AB0002DE9F043CDB0044617460E4605AD4FF470
:101AC0008D721749984628469DF8509110F0BEFC3B
:101AD000144B20684246C5F8EC303946A3880C9078
:101AE00041A8ADF83430D4F802306B6010F0AEFC91
:101AF000B9F1000F00D0EE604FF48D734FF48647BC
:101B00004FF0FF3132462046CDE90253CDE90017B0
:101B10004FF488430449FFF751FF4DB0BDE8F0830F
:101B20000407002063825363A43200202DE9F04FA4
:101B300085B0894600F14401054690F81FB090F841
:101B400020A002AF08460BEB0A067A60396015F058
:101B500037FEF6B204462F4A4FF0320C06F1180851
:101B60003968023650FA88F8042008F1070323F098
:101B70000703ADEB030D7B68CDF813900DF1080959
:101B8000CDF80D300C23029222468DF80C008DF812
:101B900012008DF811C08DF8184089F80F3009F146
:101BA0001103184610F052FC012302193721015588
:101BB000937003235670D370BBF1000F17D1101D23
:101BC000BAF1000F02D02A2300F8013B0021FF24C4
:101BD00043464A46047028460091FFF769FF0E4BC2
:101BE0001B68022B07DC0C37BD46BDE8F08F0623CF
:101BF000501D1371E4E7094B41F21B120849032001
:101C0000F7F7EAFC0748F7F72DFD0C37BD46BDE8AE
:101C1000F08F00BF350103362C460120102D002027
:101C2000D8630020486400202DE9F04F0E468BB0A9
:101C300080469146019130461146FDF7BBFE3A4B76
:101C40001B68002B3CD0C0EB49104FF0FF314FF028
:101C5000040A09F1FF3502B240460AFB098B19FB61
:101C60000AFA21FA02F2EDB25146ABF1040B0092EE
:101C700003AA08EB850402EB850706EB85054026E1
:101C80009847E8B1DBF80030B9F1000F009A03EA99
:101C90000203CBF800300ADDA8F10400002203465D
:101CA00053F8041FA34242EA0102F9D162B9013E8E
:101CB00006D01D4B514640461B6898470028E1D18D
:101CC00000200BB0BDE8F08F019B0DF1080E4FF026
:101CD000000C1A1F52F8041F50F8043FCB1AA3EB54
:101CE0000C03994204D034BF4FF0010C4FF0000CAC
:101CF000AA424EF8043BEDD102AB002253F8041B7C
:101D00009F4242EA0102F9D14FEA4C0C002A0CBF73
:101D1000CCF1000CCCF1010C5FFA8CF00128C6D19B
:101D20000BB0BDE8F08F00BF40DB01202DE9F04F84
:101D300089B09B460646DDF85C800092062208F1D9
:101D400014048368BDF848900194BDF84CA0169F18
:101D5000FFF754FC0023054643618361C3610362BE
:101D6000436200F1140317B1B8F1000F74D105F10B
:101D70002807149AC4F30720697AAA61159AA5F86E
:101D80001490EA611722A5F816A085F82220702287
:101D900085F821B085F82320502285F82020A2B2B2
:101DA000E4B2A2B102F114096FF0130E0022A944AB
:101DB000AEEB050E0EEB030C01331CF0010F13F814
:101DC00001CC08BF4FEA0C2C4B456244F2D105F11F
:101DD0000C0A0023D4469CF800E013F0010F03F135
:101DE00001030CF1010C08BF4FEA0E2E042B7244C4
:101DF000F1D105F110090023CC469CF800E013F066
:101E0000010F03F101030CF1010C08BF4FEA0E2E84
:101E1000042B7244F1D1114401EB00210C44230C3A
:101E200003D013FA84F4230CFBD11E4BE4431B684C
:101E300064BA032BAC8419DC70693246736A3F1AAA
:101E40005B68474439469847874202D1F36F0133B4
:101E5000F36709B0BDE8F08F394600F12807424624
:101E60000793384614F0E0FD079B82E70E4B41F2E2
:101E700019220E490420F7F7AFFBAB8ACDF810808A
:101E8000524695F821105BBA094803919BB2E98A42
:101E9000CDF8049049BA89B2029106490091F7F74A
:101EA000E1FBC9E72C460120E02D0020D86300208B
:101EB00058640020B14B0100F0B58D6A87B01F4611
:101EC000002695F80DC013466C681CF0030CCA6917
:101ED00024BA096918BF4FF0010CD2680297063185
:101EE000A4449CFA8CF4CDE9046603942C880194F4
:101EF0006C880094FFF71AFF07B0F0BDCA695AB1A9
:101F00002DE9F0430F461369816883B004468B4284
:101F100003D003B0BDE8F083704785694FF0000837
:101F2000F968263D8D4228BF0D46396905F104093F
:101F30000631CDF80490D26800920122FFF75EFBD3
:101F40000646C0F814802A46B968183006F114070E
:101F500010F07CFAB9F1000F2CD005F1170E6FF0DC
:101F6000130C40463A46B644ACEB060C434601E03F
:101F700012F8010F0CEB02010702C90748BF074620
:101F800072453B44F4D11A0C03D012FA83F31A0CB5
:101F9000FBD1DB435BBA9BB2616A2635F3822246F2
:101FA0004B682946606998478542B2D1E36F013397
:101FB000E367AEE74FF6FF73EEE700BF2DE9F04FA2
:101FC00085B080460D46184604AC04E90600144668
:101FD0001BB1019315F0F4FB019B002C00F0A380D2
:101FE0002A19002703E00137A74200F0948012F875
:101FF000011D2E29F7D1E41B254420B31BB39C46B9
:10200000194600220E46013134782C2C65D001325D
:102010008242F7D39E18801A1C460021A64601343E
:102020009EF80090B9F13D0F63D001318A42F5D896
:1020300003EB010E521A1C782A2C3AD1012938D10F
:10204000C8E900E231E0DFF8F0B07C1E3849042036
:10205000D9464FF0000A2C44E7B188B16B1E013914
:102060001E1803E0A34216D0B34209D01A4611F855
:1020700001CF13F801EF0232E645A2EB0502F1D0E1
:1020800059F8101F0AF1020A00293CD0D9F80400BF
:10209000002FE2D13A469042F2D80AF1010A0BEB46
:1020A000CA0B9BE8030088E80300404605B0BDE882
:1020B000F08F77B105F1FF39002305E09F422DD95C
:1020C0008B4206D21CF8014F19F801AF0133A2452B
:1020D000F4D03346002891D1B5E79042A0EB02013D
:1020E00024D90136481E002A96D10028ABD03346A9
:1020F00084E7013A0EF1010E521A00299BD1002FFC
:102100009ED03346E6E70B4A19234046C8E9002330
:1021100005B0BDE8F08F002425446EE78B42D8D38C
:10212000C8E900E2C1E72746254466E7084673E7A9
:10213000C83F002028380020B45700202DE9F84F70
:10214000B1F904500F461446804605F1010A514684
:102150004FEA8A0AFEF756FFD0F80C90002152464B
:1021600006464846D7F80CB014F0DAFC4FF0000EE3
:10217000A9F10401ABF104007246F44651F8043FA2
:10218000013250F804BF13EB0E034CEB0C0E9542DA
:10219000EBFB043E0B60F1DC002DBB681C4AAAF18E
:1021A000040AD8BF4FF0040A934249F80AE010D05D
:1021B000013B002BBB600CDCD8F80410D8E90B32D3
:1021C0003960013B0132C8F80470002BC8E90B32BA
:1021D0001BDBB6F904306FF04044F0681A1950F870
:1021E00022207AB9012B0DDD013B9BB201E0012ACF
:1021F00007DD1AB2013B11199BB250F821100029DA
:10220000F5D0B2803046BDE8F88F10F0FBFE00BF7D
:10221000AA55FF7F2AB3013A2DE9F041044600F1A7
:1022200018084D1E8E18002701E0B54217D0236C08
:1022300015F8011FE2180133402B82F84410236483
:10224000F3D14046FCF7B2FD2764D4E90E3213F512
:10225000007342F10002B542C4E90E32E7D1BDE895
:10226000F08170472DE9F04FB1F9045089B0B2F90F
:1022700004700E4605924FF00009EC19CDE90610E6
:102280002146FEF7BFFE059BA200F468C668002148
:1022900004903046D3F80C80A6F1040A14F040FCF8
:1022A000231F681ECE46039702934FF0000BDDF804
:1022B00008C0514601905A465B4651F8044F01321E
:1022C0005CF8047FE318D8F800404EEB0E0B18467C
:1022D00095425B46E7FB04030860EEDC002D0198A5
:1022E0009B460AF1040ACCBF0346002308F1040808
:1022F0004B4409F10109013346F823B0039B4B45D8
:10230000D3DC0699244A8B68934210D0013B0A46DD
:10231000002B8B600BDC07994B6813600B6B4A60DA
:1023200001330B63CB6A013B002BCB6232DB059B95
:10233000194A9B68934210D0013B059C002BA36077
:102340000BDC0798D0E90B324168013B0132216078
:10235000002B4460C0E90B321CDB049A6FF0404054
:10236000B2F90430D1681A1851F8222072B9012B41
:1023700002DC0BE0012B07DD013B10FA83F21BB2FC
:1023800051F82220002AF5D0049A9380049809B0CD
:10239000BDE8F08F10F036FEAA55FF7F2DE9F04F13
:1023A000B3F902B01BF11F0448BF0BF13E0444F324
:1023B000471A6411BAF1000F31DD013C03F1200E20
:1023C0000E1FA0F1040CE7B2F146B04600EB870700
:1023D00000205CF8045F59F8044F2C440444A542E3
:1023E00002D08CBF01200020BC4548F8044FF0D13A
:1023F000A8B10021043A0F4656F8044F01315EF8A7
:10240000043F4DB223443B449C4202D08CBF012781
:102410000027AA4542F8043FEEDCBDE8F08FBBEB95
:102420004A1F07DB0020BAF1000FF6DD03F1200E92
:102430000E1FDEE74FEA6B100BF01F0B51F8204028
:10244000012000FA0BF0204214BF01200020EAE72F
:102450002DE9F0439DF91C50002D49DD141F6A1E23
:10246000061FA1F1040E5FFA82FC4FF00008374608
:1024700001EB8C095EF8041F54F8042F0A4442440F
:10248000914204D08CBF4FF001084FF00008CE45B8
:1024900047F8042FEED1B8F1000F13D14FFA8CF2A8
:1024A00002E00CD3511C0AD011B2013A53F821407A
:1024B00052B250F821108C42F3D9BDE8F083002DC0
:1024C000FBDD061F00213046043B0F4650F8044F49
:1024D000013153F8042F4EB2A21AD21B944202D0FB
:1024E00034BF01270027B5420260EFDCBDE8F0836E
:1024F0006A1E1406E1D47F22D6E700BFF0B599B07A
:102500001C4607460D4608A8114693F900301646AA
:10251000FDF792FA08A96846D4F8B03098476A46A1
:1025200094F90030394608A8FDF786FA384608A91C
:10253000D4F8B0309847324694F90030694608A87C
:10254000FDF77AFAD4F8B03008A96846984794F9AC
:1025500000306A46294608A8FDF76EFAD4F8B03074
:1025600008A92846984719B0F0BD00BF2DE9F043EF
:10257000051F89B00B1F01F11C062A4653F8044FB2
:10258000B34242F8044FF9D1CB6A00220DF11C0C82
:10259000039390460B6B009204934B6B05938B6BEC
:1025A0000693CB6B07936B46CDE9012263451A6016
:1025B0000DD053F8044F08EB44029442F6D08CBF80
:1025C0004FF001084FF0000863451A60F1D1ADF1FA
:1025D000040700F11C032C464FF0000EB94654F8D6
:1025E000046F59F8042F32447244964204D08CBFD1
:1025F0004FF0010E4FF0000E9C422260EFD10A6BAB
:102600000024C6446E4603924A6B079404928A6B78
:102610000592CA6B06923A4652F8049F04EB4908A9
:10262000C14502D08CBF012400249445C2F800802B
:10263000F2D104EB0E084FF0000C2C4654F804EFD6
:1026400057F8042F72446244964504D08CBF4FF073
:10265000010C4FF0000C9C422260EFD14A6A002727
:10266000D1F820E0C4440192E9468A6A2C460397D7
:1026700002928A6BCDF800E00692CA6BCDE904772E
:10268000079201E059F804EF54F8048F08EB0702B1
:102690007244904502D08CBF012700279C422260E3
:1026A000F0D14A6B07EB0C09D1F824E0E84603921D
:1026B0002C4606924FF0000C8A6ACDF800E0019299
:1026C000CA6A02928A6B0492CA6B05920A6A0792DE
:1026D00001E058F804EF54F8047F07EB0C02724451
:1026E000974204D08CBF4FF0010C4FF0000C9C427D
:1026F0002260EED10F6B0024CA6ACC440197E846F1
:102700004F6B039402970F6A009206978F6ACDE988
:10271000044407972F4601E058F8042F57F804EFB8
:10272000AEEB0202121B964502D034BF01240024F6
:102730009F423A60F0D1ACEB040E4C6B0A6BE8465A
:1027400001944FF0000C8C6B00920294CC6B0394BC
:102750004C6A0694CC6A07942C4601E058F8042F82
:1027600054F8047FBA1AA2EB0C02974204D034BF8B
:102770004FF0010C4FF0000C9C422260EED18F6BA9
:102780000022AEEB0C0E6C4601979446CF6B06927E
:1027900002970F6A4A6B03974F6A009204978F6AF9
:1027A00005970F6B07972F4601E054F8042F57F851
:1027B000048FA8EB0202A2EB0C02904504D034BFB8
:1027C0004FF0010C4FF0000C9F423A60EDD1CF6BFF
:1027D00000248A6BAEEB0C0E01974F6A02940397AC
:1027E0008F6A00920497CF6A496B05970791294633
:1027F00001E056F8042F51F804CFACEB0202121B93
:10280000944502D034BF0124002499420A60F0D1DB
:10281000BEEB040726D400F1200E57B91E497246BC
:1028200052F8044D51F8046DA64231D801D38242CA
:10283000F6D1DFF868C029464FF0FF32002601E0EC
:102840005CF8042F51F8044FA21A921B944202D054
:1028500034BF0126002699420A60F1D1BF1BDCE794
:102860003F1915D0DFF834C029464FF0FF36002459
:1028700001E05CF8046F51F8040F021932449042F1
:1028800002D08CBF0124002499420A60F1D1E7E70D
:1028900009B0BDE8F08300BF10330020F032002003
:1028A0002DE9F043002391F90070A1B001229F426D
:1028B0000D460646CDE90023CDE90823CDE90233D4
:1028C000CDE90433CDE90633CDE90A33CDE90C3344
:1028D000CDE90E335FDD94461A467B1E01F1040EEE
:1028E0006C46DBB20EEB830E01E0D4F800C051F869
:1028F000040F83186344984202D08CBF0122002247
:10290000714544F8043BF0D139466846FDF752F86A
:10291000013804B2012C47DD3B460DF120084FF091
:10292000010906E0013CA3B224B2012B29D095F99C
:1029300000304246414610A8FDF77EF810A9D5F8B0
:10294000B0304046984720A9621104F01F03A4B29A
:1029500001EB820209FA03F352F8802C1342E1D012
:10296000414610A895F900303246013CFDF764F865
:10297000D5F8B03010A940469847A3B224B2012B35
:10298000D5D1002F04DDBA00414630460FF05EFD80
:1029900021B0BDE8F08339466846FDF70BF80138F1
:1029A00004B2012CB8DCF3E70DF12008EBE700BF1F
:1029B00070B5046814F001051CD100EB8201884257
:1029C000A1F1040315D204334FF0000C53F8041D99
:1029D0004CEA510498424FEAC17C1C60F6D345B1E1
:1029E0006FF04043134450F8232042F0004240F877
:1029F000232070BD002A1DDD531EA1F1040C00250B
:102A0000DBB201EB830E014600E00C682B195CF889
:102A1000046F3344A34202D034BF01250025F4459E
:102A200041F8043BF1D100EB82018842A1F104039B
:102A3000C9D3D4E700EB82018842A1F10403D8D2C4
:102A40000025C0E72DE9F0419DF91840002C1CDD60
:102A5000013C071FA2F1040EA1F1040CE4B2002511
:102A600001EB84064FEA84083C465CF8041F5EF8DC
:102A7000042F8A1A521B914202D034BF012500252F
:102A8000B44544F8042FF0D10DB9BDE8F081043B02
:102A90004044002457F8041F53F8042F0A442244EA
:102AA000914202D08CBF01240024B8423A60F1D197
:102AB000BDE8F0812DE9F04100239AB0154692F966
:102AC0000070099304460A460AA805F104080E4658
:102AD000CDE90333CDE90533CDE907330323029371
:102AE0003B46FCF7A9FF0AA92046D5F8B030984725
:102AF000434602AA214620460097FFF7A3FF32462D
:102B000095F9003021460AA8FCF796FF0AA920464D
:102B1000D5F8B0309847434605F184022146204657
:102B20000097FFF795FC1AB0BDE8F0812DE9F0475A
:102B30009AB0154681468A46229C2022002102A88E
:102B400027461E4613F0ECFF4A4617F9048B294628
:102B500002A83B46CDF80080FFF774FF02AA94F963
:102B600000300AA81146FCF767FF0AA902A8D4F8AA
:102B7000B030984702AA94F9003049460AA8FCF7F9
:102B80005BFF0AA94846D4F8B030984702AA94F9E6
:102B9000003029460AA8FCF74FFF0AA92846D4F8B6
:102BA000B03098473B46524631463046CDF800801B
:102BB000FFF748FF324694F9003031460AA8FCF787
:102BC0003BFF0AA902A8D4F8B030984702A93B46B7
:102BD0004A460846CDF80080FFF734FF02A93B467D
:102BE0002A460846CDF80080FFF72CFF3B464A46B0
:102BF00029462846CDF80080FFF724FF2A4694F99D
:102C0000003051460AA8FCF717FF0AA95046D4F82D
:102C1000B030984749463B4602AA2846CDF8008086
:102C2000FFF710FF2A4694F9003031460AA8FCF756
:102C300003FF0AA9D4F8B030304698473B465246C5
:102C400031463046CDF80080FFF7FCFEB8F1000FAA
:102C500005DD4FEA880202A928460FF0F7FB1AB0FB
:102C6000BDE8F0872DE9F047B3F902901D4607460D
:102C70008A4619F11F0648BF09F13E0619F10708F7
:102C800048BF09F10E08741146F347164FEAE808E9
:102C9000904528BF9046002E06DD621E0021D2B26C
:102CA0000132920013F03CFF514642463846FCF791
:102CB0004BFFB9EBC80F4FEAC80C2BD207EB8602CB
:102CC000ACEB090C97420DD2CCF1200E002052F84B
:102CD000041D21FA0CF3974243EA000301FA0EF0B7
:102CE0001360F4D3013C62B25FFA84FC002A13DB68
:102CF00002F10A01531C05EB810107EB830302E09B
:102D00000AD3100608D451F8044D013A53F8040DC3
:102D10008442F5D9BDE8F087002EFBDD3A1F20354F
:102D200007EB8C07002052F8041F55F8043FCB1A1C
:102D30001B1A994202D034BF01200020BA4213600E
:102D4000F1D1BDE8F08700BF2DE9F047AAB01746E2
:102D500081468A46329C2022002102A825469846B8
:102D600013F0DEFE4A4615F9046B394602A82B46DD
:102D70000096FFF767FE02AA94F900301AA81146E0
:102D8000FCF75AFE1AA902A8D4F8B030984702AA54
:102D900094F9003049461AA8FCF74EFE1AA9484695
:102DA000D4F8B030984702AA94F9003039461AA8EE
:102DB000FCF742FE1AA93846D4F8B03098472B46A3
:102DC0005246414602A80096FFF742FB2B46524668
:102DD000414640460096FFF735FE2B464A463946A7
:102DE0000AA80096FFF72EFE0AAA94F90030514671
:102DF0001AA8FCF721FE1AA95046D4F8B03098471B
:102E00002B463A4649460AA80096FFF721FB424660
:102E100094F9003041461AA8FCF70EFE1AA938466C
:102E2000D4F8B03098472B460AAA3946384600965F
:102E3000FFF708FE3A462B46494612A80096FFF7D0
:102E400001FE12AA94F9003041461AA8FCF7F4FDDD
:102E50001AA94046D4F8B03098472B46524641460E
:102E600040460096FFF7EEFD02AA94F900301AA83A
:102E70001146FCF7E1FD1AA912A8D4F8B030984722
:102E800012A92B460AAA08460096FFF7DBFD2B463F
:102E90004A4612A90AA80096FFF7D4FD02AA94F99F
:102EA00000300AA91AA8FCF7C7FD1AA9D4F8B03057
:102EB0000AA898472B460AA9524650460096FFF7A3
:102EC000C1FD002E04DDB20012A948460FF0BEFA83
:102ED0002AB0BDE8F08700BF2DE9F04FB2F9043009
:102EE0008946B1F9046015468346B3422DED048B43
:102EF00089B090F8347001931DDDAB68B04A9342FD
:102F000011D0013B002BAB600DDCDBF80410DBE9DA
:102F10000B322960013B0132CBF80450002BCBE986
:102F20000B32C0F29A82CDF80090009809B0BDEC47
:102F3000048BBDE8F08F11DB013BD168D9F80C2080
:102F400001EB830102EB830201E0013B06D451F85F
:102F5000044952F804098442CFD8F6D2019A58465F
:102F6000B31A541C591C0693FEF74CF821460290E4
:102F70005846FEF747F8B5F9043082466FF04040F6
:102F8000E96808EE904A1A1851F8222052B134E24A
:102F9000013B10FA83F21BB251F82220AB80002AC9
:102FA00040F02B82012BF3DC029B0021CDF8009036
:102FB000B3F90420D868920013F0B2FD002309EEA3
:102FC000103A009BB3F904108E4200F0398218EEDB
:102FD000903A0022CDF814B06FF040449B00934625
:102FE000A94608EE103A0B46019ADAF80C009B1A33
:102FF000009A013BD16818EE102AA3EB0B0301EBFA
:1030000083010FF023FABAF90430B9F9048023449C
:10301000D9F80C2008EB0406DAF80C5003929F0054
:1030200055F82310B30052F826200493914241D062
:103030002F440023079257F8046C981911F0C2FB33
:10304000B8F1010F034612DDDDE903210A4452F80D
:10305000041C61B1079A02FB106257F8086CA3FBCD
:1030600001178E4272EB070738BF00F1FF331BBB1D
:103070000299B1F90420C968A2EB0B02224441F87D
:1030800022302946009D019818EE102AB5F9043027
:103090001B1AE868013BA3EB0B030BF1010B00EBE0
:1030A00083000FF0D3F9069B5B45C0F2FE80B5F9B3
:1030B000043099E74FF0FF33D9F8082040498A429D
:1030C00002D00132C9F808201A46494605980393F0
:1030D000FFF734F8BAF9046007463146FDF78AFE77
:1030E000DAF80CC0D7F80CE00022ACF10401039B25
:1030F000704650F8048B51F8045FB5EB080534BFF7
:103100004FF001084FF00008AD1A2CBF424648F0BE
:103110000102013E0D601546EBD1B7F904201119EB
:103120005EF8211069B9012A02DC0AE0012A07DDF4
:10313000013A14FA82F112B25EF821100029F5D09A
:10314000BA80BA681E498A4210D0013A002ABA6091
:103150000CDC059EF26A306B013A71680130002A7E
:1031600039607760C6E90B20C0F27781BAF9042094
:1031700011195CF8211071B9012A02DC0BE0012A57
:1031800007DD013A14FA82F112B25CF8211000292D
:10319000F5D0AAF8042018EE901A50460393FDF7D4
:1031A00029FE029BB3F90420D968A2EB0B02039B12
:1031B000224441F822302DB9DAF80C5061E700BF03
:1031C000AA55FF7F013B41F82230D9F80830A44AC4
:1031D000934202D00133C9F80830B9F9046050466F
:1031E000BAF904309E42B8BF1E46711CFDF702FEBC
:1031F00031464846FDF7FEFDDAF80C50D9F80C7060
:103200003046291F0022BC465CF8047B51F8043F7D
:10321000DB192CBF012700279B1834BF3A4647F023
:10322000010201380B60EFD1D9F8083045F82620AB
:103230008B4A934213D0013B002BC9F808300EDCB7
:103240000598036B41685A1CC36AC9F80010013B1A
:103250000263C0F80490002BC362C0F2FE80BAF98A
:1032600004301A1955F82220002A40F0F180012B71
:1032700040F3EE80013B9BB21A1919B2581E55F863
:1032800022200129194683B2B2FA82F24FEA521281
:10329000D8BF0022002AEFD10139AAF80410B9F8EA
:1032A0000430013BA9F80430EBE6DAF808304D466B
:1032B0006B4ADDF814B0934215D0013B002BCAF8DD
:1032C000083010DCDBF83030DBF804105A1CDBF877
:1032D0002C30CAF80010013BCBF804A0002BCBE93E
:1032E0000B32C0F2BA80AB685D4A934213D0013B07
:1032F000002BAB600FDCDBF83030DBF804105A1C1D
:10330000DBF82C302960013BCBF80450002BCBE9D3
:103310000B32C0F2A280029B514A9B68934216D0A6
:10332000013B029A002B936011DCDBF80430136040
:10333000DBF83030CBF804200133CBF83030DBF849
:103340002C30013B002BCBF82C30C0F28680009A49
:103350006FF04040B2F90430D4681F18012B54F8C4
:103360002720D4BF0026012604EB8707AAB9A6B1FF
:10337000013B9AB200E06EB113B2013A1918012B69
:1033800092B254F82150D4BF0026012604EB8101EB
:10339000002DF0D0009A0F4693805D1E002119EE9B
:1033A00010AAA94604EB8508D8F80000524600236D
:1033B00011F008FAB9F10109114648F80409F3D5EA
:1033C0003B68002B7FF4B1AD002E3FF4AEADABB245
:1033D0006FF0404001E0012A07DD1AB2013B1118ED
:1033E0009BB254F821100029F5D0009B00989A80D8
:1033F00009B0BDEC048BBDE8F08F01320023002042
:10340000012111F0DFF9029B80460021B3F904206D
:10341000D86809EE108A920013F082FBB8F1010F10
:1034200018D94946424658460637FEF787FE0090AF
:10343000009B5BF82750B3F904108E427FF4C7ADB0
:103440001C4601311846FDF7D5FCB4F90410BEE561
:1034500099B221E7CDF80090B3E50FF0D3FD00BF9E
:10346000AA55FF7F90F8AD3013F0010330B5044644
:1034700087B014D090F8AC30D0F880506FF345137B
:1034800080F8AC3015B100220421A847A36F03B324
:1034900000220421204607B0BDE830401847028BC7
:1034A000A58D51BA406889B2C06B059309BA0195E0
:1034B0000092CDE903330223E269029104F1C801CD
:1034C000FEF734FC0321204607B0BDE83040FDF78D
:1034D00023BE07B030BD00BF2DE9F04F93F9009037
:1034E000A7B0B9F1000F40F312811F465FFA89F3CC
:1034F0001646A2F104085D1E8A4604930446EDB206
:1035000000224346A90006EB8505039153F8041FEA
:10351000AB4242EA0102F9D1002A00F0F88052469B
:103520004B46514616A8FCF787FA16A906A8D7F805
:10353000B030984706AA97F90030214616A807F13F
:10354000040BFCF779FA16A90EA8D7F8B030984703
:1035500006AA97F9003016A81146FCF76DFA16A9CD
:1035600006A8D7F8B0309847324697F90030514650
:1035700016A8FCF761FA16A95046D7F8B03098475C
:10358000324697F90030314616A8FCF755FA16A9CD
:103590003046D7F8B03098475B4632462146204641
:1035A000CDF80090FEF754FF5B4632463146304678
:1035B000CDF80090FEF74CFF5B4632462146304680
:1035C000CDF80090FFF73EFA324697F900302146D9
:1035D00016A8FCF731FA16A92046D7F8B03098475C
:1035E0005B46224621463046CDF80090FEF730FF7C
:1035F000324621465B462046CDF80090FEF728FF74
:10360000226812F0010100F08580039B394605977E
:1036100020465B444FF0000E27469C4600E00268BF
:103620000EEB020351F8044F2344934204D034BFFD
:103630004FF0010E4FF0000E614540F8043BEED113
:103640003C464FEA8901059F04EB89039C4209D25D
:10365000002253F8040D42EA50029C421A604FEADD
:10366000C072F6D30439635843EACE7363502246DE
:10367000214697F9003016A8FCF7DEF916A9304666
:10368000D7F8B03098475B460EAA31463046CDF8A1
:103690000090FFF7D7F95B460EAA31463046CDF8C9
:1036A0000090FFF7CFF90EA932465B460846CDF8E9
:1036B0000090FFF7C7F90EAA214697F9003016A827
:1036C000FCF7BAF9204616A9D7F8B030984706AAF1
:1036D0005B4621461046CDF80090FFF7B3F9043C55
:1036E000434653F8042FAB4244F8042FF9D1039911
:1036F000AAF10403514453F8042F994248F8042FC7
:10370000F9D1049B06A950469A000EF09FFE27B0FF
:10371000BDE8F08F04EB89039C42A8D253F8042D36
:1037200041EA52019C4219604FEAC271F6D39EE70A
:103730002DE9F04F1D1E2DED028BADB040F3EE8054
:103740009046EAB208EE100A0B1F541E0020E7B2A2
:10375000BE00019701EB870753F8044FBB4240EAD4
:103760000400F9D1002800F080814FEA82090CA8FA
:10377000AC004A460EF06AFE4A46414614A80EF0D6
:1037800065FE4A4600211CA813F0CAF901234A46E7
:10379000002124A81C9313F0C3F915A914AB0CAA9B
:1037A0003144C4F1040403EB85030A9125A902EB1B
:1037B0008502083C3144089304920B910DA901EB5A
:1037C000060A1DA98F19191F1E1924AB0991111F73
:1037D0004B441444059109F1300107931CAB694433
:1037E0004B44029114A9069349440391019BA446BA
:1037F000DDE9022003E06DD3190600F1868052F85E
:10380000044D013B50F8041D8C42F4D90C9A6446D7
:103810004FF0010C12F0010363D0149B13F0010070
:1038200000F08180BCF1010F40F091800DF1500C4F
:103830000CA84FF0000E02E002685CF8043FD31AB7
:10384000A3EB0E03934204D08CBF4FF0010E4FF058
:10385000000E40F8043B8245EED1049B0CAA934233
:103860000AD9059A0023116843EA510342F8043942
:10387000A2424FEAC173F6D1019BA446DDE90620BE
:1038800003E0C0F0BA80190606D452F8044D013B9B
:1038900050F8041D8C42F4D9644600210DF1900CBF
:1038A0001CAA8E4652F8040B5CF8041BA0EB0E0316
:1038B0005B1A984204D034BF4FF0010E4FF0000E57
:1038C000BA4242F8043CEDD12A4641461CA8FFF713
:1038D0006FF88BE70C9A64464FF0FF3C12F001033F
:1038E0009BD1049A0CA98A42EED9059A116843EA41
:1038F000510342F80439A2424FEAC173F6D12A4675
:1039000041461CA8FFF754F870E7002D1CA918EEDB
:10391000100ACCBF4A4604220EF098FD2DB0BDEC33
:10392000028BBDE8F08F089B14AA934209D9099B2A
:103930001A6840EA520043F80409B3424FEAC270E1
:10394000F6D12A46414624A8FFF732F84EE70DF19A
:10395000300C14A84FF0000E0A9902E003685CF8DE
:10396000042F9A1AA2EB0E029A4204D08CBF4FF099
:10397000010E4FF0000E40F8042B8842EED1089B58
:1039800014AA93420AD9099A0023116843EA510301
:1039900042F80439B2424FEAC173F6D1019BA44602
:1039A000DDE9060202E044D31C0606D452F8044DB9
:1039B000013B50F8041D8C42F5D9644600210DF1FD
:1039C000700C24AADDF82CB08E4652F8040B5CF87B
:1039D000041BA0EB0E035B1A984204D034BF4FF0D7
:1039E000010E4FF0000E934542F8043CEDD12A46FB
:1039F000414624A8FEF7DCFFF8E600226446A8F161
:103A000004010DF1700E944651F8043F01325EF846
:103A1000040B63441B182CBF4FF0010B4FF0000B3D
:103A20004EF8043C984253B218BFDC469D42EBDC92
:103A300033E700206446A8F104010DF1900E84469E
:103A400051F8043F01305EF8042B63449B182CBFEF
:103A50004FF0010B4FF0000B4EF8043C9A4243B27A
:103A600018BFDC469D42EBDCA8E70146920018EE49
:103A7000100A2DB0BDEC028BBDE8F04F13F050B82A
:103A80002DE9F04F2DED048BC1B01F4693464F9E9C
:103A9000BDF9385196F90030002B0393CDE905109C
:103AA00040F303819A0088461BB218A891460492FD
:103AB000079308EE900A0EF0C9FC414628AC4A462E
:103AC00049440DF1C00A204609EE101A0EF0BEFC62
:103AD0003946002F00F0E2804A4650460EF0B6FC10
:103AE000039B0DF140080DF1800918EE901A5F1E3E
:103AF000002B4046FFB207F101074FEA8707D8BF06
:103B000004273A4612F090FF3A462146484612F002
:103B10008BFF21463346524618EE900AFEF7EEFC24
:103B200021463346D6F8A440524618EE900AA047E4
:103B3000AC1E3346524624B249464046FEF7DEFCF0
:103B4000002C2DDD08EE10AA6311012100965BF810
:103B5000232004F01F03A4B201FA03F3013C134233
:103B600018BF0021C1F1010508EB411709EB411A0B
:103B700008EB45103A4609EB451553460290294695
:103B8000FFF7E2F802982B46514602460096384667
:103B9000FEF7CCFFA3B224B2002BD5D118EE10AAA9
:103BA000DBF8004006F1040B0096E54304F0010445
:103BB00005F0010508EB441709EB441408EB451226
:103BC000384609EB4515214608EE102A2B46FFF72B
:103BD000BBF8039B18EE901A424608A800935B4678
:103BE000FEF730FF224696F9003008A95046FBF751
:103BF00023FF514608A8D6F8B0309847059A96F9A1
:103C0000003008A95046FBF717FFD6F8B0305146F0
:103C100008A8984708A9039B5A460846FFF788FD5D
:103C200019EE102A96F9003008A95046FBF704FF58
:103C3000514608A8D6F8B03098473A4696F9003071
:103C400008A95046FBF7F8FE514608A8D6F8B03050
:103C5000984723463A46294618EE100A0096FEF782
:103C600065FF334608AA49464046FEF747FC039BDA
:103C7000002B0EDD079B4146069C9A0020460292CF
:103C80000EF0E4FB2046049B029A494618440EF0CD
:103C9000DDFB41B0BDEC048BBDE8F08F049A5046CB
:103CA00012F03EFF012330931AE7039B1AB20792EA
:103CB0009A000492059A02EB830309EE103A57B179
:103CC00018AB28AC0DF1C00A0DF1400808EE903A8F
:103CD0000DF180091DE701233093F1E72DE9F04F45
:103CE000BFB01C46499D0DF1380816AF059295F9F5
:103CF0000060B5F90230002ECDF830800D970293A8
:103D0000CDE9030155DDF3B2A4F1040C0022581EE5
:103D100007936346C0B2810004EB8000069153F81C
:103D2000041F984242EA0102F9D1002A41D0029AC6
:103D300005F1240012F11F03089048BF02F13E0371
:103D400043F347125B11002A099232DD5A1E0DF12E
:103D5000B80E05F1200100235FFA82FAF1464FEA1E
:103D60008A0BCDF828A000EB8A0A51F8040F5CF802
:103D7000042F821AD21A904202D034BF01230023AA
:103D80008A4549F8042BF0D12FAA00219344DEF88C
:103D900000009345964602F1040241EA0001F6D183
:103DA0005B0000290CBF5B42C3F10103DBB2012BB6
:103DB00003D000203FB0BDE8F08FDFF8E4A12B4630
:103DC0003A4641462046FEF7E9FADAF800308146E5
:103DD0006BB13EAB3246291D03EB800353F8C83C60
:103DE00018460B93FDF720FF0B9B0028E1D0029AA9
:103DF000B9FA89F91EA8019501324FEA591905F15E
:103E0000440112B200923EAA02EB890959F8C82C6B
:103E1000FFF736FE1FAB0698002218441EAB53F87E
:103E2000041B984242EA0102F9D1002AC1D0DAF813
:103E30000010002900F0AB804046DDE90812FDF7D4
:103E4000F3FE0028B5D0DDF82490424621462EA886
:103E50004B46FBF7F1FDDDF820A04B462EA952465C
:103E60002046FDF715FC4B46524621462046FFF7FB
:103E70005FFC4B46424621462EA8FBF7DDFD2EA9EE
:103E80004B4652462046FDF703FC95F901100029E8
:103E900017DD489B581E1A46084419448E46831A5B
:103EA00023F0030C03F003030CF1F801DB000DEB2E
:103EB000010C5CF8801C21FA03F302F8013B724507
:103EC000EDD1B5F9023040460399DA1D48BF03F140
:103ED0000E02D210FBF738FE002E079B3EA8099E6B
:103EE0001EA94FEA8302D8BF0422731E5BB200EB07
:103EF0008303002043F8A00C38460EF0A7FA33469F
:103F00003A4641462EA8FBF797FDDDF82090334650
:103F10002EA94A463846FDF7BBFB2B464046DDE955
:103F20000412FEF79FFE41464B463A46384600963D
:103F3000FEF78EFA3346224639462EA8FBF77CFD63
:103F400033464A462EA93846FDF7A2FB314638468D
:103F5000FBF730FD95F90120B0EBC20F13463FF798
:103F600028AF002A11DD4899013A0B4422F00301E1
:103F700002F00300013AF831C000694451F8A01C76
:103F8000C14003F8011B511CF0D1012012E70A9A2D
:103F900040460132920012F0C3FD01230E9352E716
:103FA00040DB01202DE9F04387B00E469046E946FC
:103FB00003AFD0E9014521464A4628465CB3FBF7EA
:103FC0003BF900280544A4EB000424DB9DF80030F5
:103FD000062B0ED09B06EED599E8070087E8070070
:103FE000424631463846FFF7DDFF0028E3D0012086
:103FF00012E0019B032BDED1029B327819789142AB
:10400000D9D15A78581C73789A42D4D14278B3786F
:104010009A42D0D11CB9002007B0BDE8F0834246D7
:1040200021462846FBF708F90028B4BF4FF0FF30BF
:104030000120F1E72DE9F04F0E468DB007463349D8
:1040400009AA3046FFF7AEFF10B309AA304930463F
:10405000DDE90A49FFF7A6FF20B30B9B09AA2D490A
:104060003046DDF828800793FFF79CFF20B309AAAC
:1040700030462949DDE90A5AFFF794FF30B3274B50
:104080001B68032BDDE90A6B27DC0DB0BDE8F08F60
:10409000044609AA1E493046DFF88490FFF782FFE4
:1040A0000028DAD11E4B804609AA1A4930460793E8
:1040B000FFF778FF0028DAD1054609AA30461649ED
:1040C000DFF85CA0FFF76EFF0028D8D1134B06463F
:1040D000DFF84CB01B68032BD7DD124B42F63142A0
:1040E00011490420F5F778FA07984B4622460190CB
:1040F00039460E48CDF80080CDE9046BCDE9025A6F
:10410000F5F7B0FA0DB0BDE8F08F00BF283E0020F3
:104110002C3E0020303E0020343E00202C46012062
:10412000B8500020C42B0020D8630020383E002067
:1041300002F0030310B53E4CA4FB034E0EF0020C3C
:104140000CEB5E0CB3EB0C0310D167284FEA900325
:1041500028D9332B41D93D2B2CDC043B0401501CC6
:10416000DBB28B5404F030030B5410BD012B8B5C7D
:1041700028D043EA9013192B31DD332B1FDD3D2B63
:104180003FDC043BDBB200F03F008B5419282DD9F3
:1041900033282ED93D282FDC0438C3B21144901C9B
:1041A0004B7010BD413304018B54501C04F030039C
:1041B0000B5410BD3E2B0CBF2B232F23F3E74733AB
:1041C000DBB2E0E743EA1013192B1FDD332B2BDDA5
:1041D0003D2B24DC043BDBB21AE04733E3E74133F9
:1041E00000F03F00DBB219288B54D1D800F1410315
:1041F000D4E700F14703D1E73E280CBF2B232F2340
:10420000CCE73E2B0CBF2B232F23BCE74133DBB283
:1042100084008B54501C04F03C030B5410BD3E2B07
:104220000CBF2B232F23F3E74733DBB2F0E700BFAC
:10423000ABAAAAAA38B511F00305044603D100239E
:104240000846635438BD0A4601460020FFF770FF58
:10425000022D014608BF00F1FF318807EFD04A1E4A
:10426000C4F1020E4FF03D0CA3180EEB030103F84E
:1042700001CF8A07F9D100230846635438BD00BF37
:104280002DE9F8439146002863D08A08441802EBD0
:1042900042020132934262D3C31C9C4265D9A1F110
:1042A000040800F10803011D002628F003089844C3
:1042B0000AE009F8072011F8013C3D2B40D009F82D
:1042C0000E400431884534D011F8040CFAF7BCFADA
:1042D000074611F8030CFAF7B7FA054611F8020C75
:1042E000FAF7B2FA044611F8010CFAF7ADFA47EA08
:1042F0000503A210402F4FEA251C43EA040342EABB
:10430000051206F1020E4CEA870C06F1010740EA9D
:10431000841417D0402D15D0034313D409F806C0D8
:10432000033611F8023C3D2BC3D104313E4688458B
:10433000CAD1B1440023304689F80030BDE8F88383
:104340007646BEE700231E4689F800303046BDE8B9
:10435000F8838A0802EB42020132934205D2002B15
:10436000F0D11E463046BDE8F8830026E2E700BFE4
:10437000F0B5A1F10C0C85B01F4600230A9EBCF5D8
:10438000FA7F864600EB020500EB010433607360A0
:1043900004D8A54234BF0023012313B1002005B087
:1043A000F0BDCDE901330093FBF716FD83B23380F6
:1043B000002BF3D0181D0544AC42EFD315F8041CB4
:1043C00015F8032C42EA0122728015F8021C15F838
:1043D000012C42EA0122B280002FE0D1A91D8C42BB
:1043E000DCD3AA8852BAF28092B211448C42D5D35F
:1043F00098180A30D3E700BF2DE9F04FB0F806A0B7
:1044000089B005460E469AFA9AFA05921FFA8AFA78
:10441000BAF10A0F28D94D4B1B68022B00F3898093
:104420002B884FF00A0AAA885BBA05990B80002AEC
:1044300000F08A8000270C240DF1180805E0AB88F5
:1044400004445BBA9BB29F4216D2224601233146F6
:104450002846CDF800800137FFF78AFF0028EED10B
:10446000002009B0BDE8F08F0388059A5BBA13807D
:104470008388002BDED10C24BAF1000F55D0002721
:10448000059B0DF1180803F1180BB946049708E0D5
:10449000102B03D1BDF81A301C2B33D0049B53458D
:1044A00043D0049B2246314628460133CDF8008094
:1044B00004930023FFF75CFF844622465B463146A7
:1044C0002846BCF1000FCBD04FF480776444CDE98F
:1044D00001990097FBF780FCBDF81E30042BD7D163
:1044E000BDF81A30012BD9D1BDF81C30012BD5D124
:1044F00005992544184681F8179055F8042C8B70BF
:104500004A60AEE7BDF81C30012BC7D1103C059EB8
:104510002A19F3752C5950689168D268B060184612
:104520007460F1603261B3709BE7012009B0BDE8AF
:10453000F08F074BE62203200649F5F74DF8514668
:104540000548F5F78FF86BE70C2498E72C46012017
:10455000D82E0020D8630020603E0020D0F88030A4
:1045600070B504460D46164603B19847A36F2BB1AC
:10457000324629462046BDE87040184770BD00BF4E
:10458000F8B52B4D2B682BB12A4B1B68002B26DC72
:104590000020F8BD0446284A264F1360274BD1E976
:1045A000000600EB5600760818603B68022B22DC00
:1045B000B44204D2012B2C602DDC0120F8BD002B6D
:1045C000E6DD1F4B40F2C7121E490120F5F704F843
:1045D000324621461C48F5F745F80020F8BD184B37
:1045E0004FF4DE7217490120F4F7F6FF1748F5F78C
:1045F00039F80020CDE7124B032040F2C1121149D7
:10460000F4F7EAFF324621461148F5F72BF8B44299
:104610003B68D4D2CEE70A4B40F2C51209490220CA
:10462000F4F7DAFF29680B48F5F71CF80120F8BD0C
:1046300070DE01202C4601204CDE012048DE0120E6
:10464000A02E0020D86300201C430020B842002088
:10465000E4420020FC4200202DE9F047484E044689
:1046600082B0006835686368002D3AD000EB5300D3
:10467000444B4FF0FF32DFF830C11F6800EB050EEE
:104680003F1A10F8013B83EA0201704501F00F0167
:104690005CF8211081EA121282EA131303F00F036F
:1046A0005CF8233083EA1212EBD1BD426FEA0208B4
:1046B00020D0354C2368022B4CDC0022012B3260C9
:1046C00013DD32494FF4F772314B0220F4F784FFC7
:1046D000002430493048F4F7C5FF204602B0BDE859
:1046E000F087294B1B68012BEBDC0024204602B02D
:1046F000BDE8F087DFF8AC90D9F800A0C245D8D16A
:10470000214F3B68022B10DD214B40F2E9121F497B
:104710000320F4F761FF214B5246D9F800100193B2
:104720001F4833680095F4F79DFF002263693260EB
:1047300098473B680446012BD8DD154B4FF4F772C0
:1047400012490220F4F748FF1249144B002C18BFFD
:104750001946BFE70E4B40F2E9120C490320F4F76B
:104760003BFF0C4B0F49424600970D4809680193E7
:104770003368F4F777FF002223683260B3E700BFA5
:1047800070DE012048DE01202C460120D863002085
:10479000782E0020005C002040430020FC5B0020BD
:1047A000544300204CDE0120AC3200202DE9F04FB4
:1047B00085B004ABCDE9001203E90300002947D01E
:1047C0004E1E0546431EC0F10109064401E0B342F6
:1047D0003ED003EB090E13F8011F092918BF202949
:1047E0000CBF01200020F2D02D2932D0009B734550
:1047F0002FD9A3EB0E0B05EB0E0804460346DFF89A
:1048000070A00CE0534504F101040EF1010E20D814
:10481000BA1813461DD25C451ED018F8011FA1F12D
:10482000300703EB83025FFA87FC5200BCF1090FEB
:10483000E8D9009A72450FD9754403E0B5420BD010
:1048400015F8011F092918BF202905EB090EF5D01D
:10485000002005B0BDE8F08F002CFAD0009A724518
:10486000F7D10120019A136005B0BDE8F08F00BFB9
:104870009999991982B02DE9F04782B016460746FA
:1048800002AC0B9304E906001AB3DDF830809946B8
:1048900000293FD08C468E46002274460EF1010E50
:1048A0002378262B1ED00132B242F6D38C18B61ACA
:1048B000002365461CF8010B3D281CD001339342B0
:1048C000F7D18D184FF0000A904526D02146002ED2
:1048D000DED131463846C7E9001602B0BDE8F047E0
:1048E00002B070479642A6EB02031CD974465E1EC6
:1048F000002ADDD1EAE79A42A2EB030A15D99845CE
:10490000E4D165460AF1FF3AB8F1000F04D15646EA
:104910002946DFE70E46DDE742464846FCF7DAFB6C
:104920000028D3D1F3E71E46C2E71A46CCE700BF02
:10493000E1B10138002210F8013F0A2B08D00D2BFD
:1049400006D0092B0FD01F2B0DD84FF0FF3070472A
:104950004AB10A2B07D110F8013C0A2B0CD0032ACC
:1049600001D90D2B04D001329142E4D100207047CF
:1049700010F8023C0A2BF6D1501C7047F8B50746D8
:1049800008460E46002512F01BFF3C46024603E097
:10499000013510341E2D0ED0606A58B19042F7D107
:1049A000206A3146FCF796FB0028F1D107EB05178A
:1049B00007F12800F8BD0020F8BD00BF2DE9F04F39
:1049C000064689B015460190FFF7B2FF0090002E11
:1049D00000F05F8107464FF4067200213418284624
:1049E00012F09EF8002F40F34B814FF0FF33A642A8
:1049F000C5F80862C5F81062C5F80042C5F80C7227
:104A0000C5F80432C5F814322E6080F05B81D5F809
:104A10000480019E474605E006440744B4426F60A7
:104A200040F2328130462146F9F7F4FF0028F3D1F5
:104A3000B442B84640F2FF81334602E0B44200F08F
:104A4000FA811F4613F8012B202A1E46F6D0BC42DD
:104A5000AF6040F2F3813E4605E0EB680644034454
:104A6000B442EB6011D930462146F9F7D3FF002854
:104A7000F3D1A64209D2334602E09C421E4604D03E
:104A80001E4613F8012B202AF7D0CDF80880B8F184
:104A9000050F22D901994822DFF8B49301F1050AE4
:104AA00007E0002B00F01581514500F0128119F844
:104AB000012F11F8013BA2F1410E1046A3F141086C
:104AC0009C46B8F1190F98BF03F1200CBEF1190FE5
:104AD00098BF02F120008445E3D0002303933046C1
:104AE00005F118022146F9F7DDFF0646002800F01F
:104AF000FC80D5F81CB0BBF1050F23D9A969482269
:104B0000DFF84C9301F1050A049107E0002B00F057
:104B100018818A4500F0158119F8012F11F8013B21
:104B2000A2F1410E1046A3F141089C46B8F1190FBD
:104B300098BF03F1200CBEF1190F98BF02F12000BD
:104B40008445E3D0039B83F001030393BBF1000F83
:104B500002D0002B40F09180D5F80C803F213846E0
:104B6000424612F0CDFD38B1421C07EB0803C01BD2
:104B70009B1AE860C5E90423029B002B7DD0EB68FB
:104B80000493002B79D005F5F073A94605950DF136
:104B9000180A9B4625460023B542CDE906336CD959
:104BA00032780A2A51D00D2A4CD0B046002409E0B0
:104BB000F9F730FF002860D080440444A8455CD257
:104BC00098F800203A2A40462946F1D1A84554D207
:104BD000002C52D0F9F71EFF00284ED008F101003A
:104BE000A8420BD2024602E0AA42104606D0104666
:104BF00012F8013B202BF7D0092BF5D0524629465D
:104C0000F9F750FF8646002837D0079A62B1069917
:104C100001EB020C01E0079232B11CF8013D013AB0
:104C2000202BF8D0092BF6D009F12802C9E9086435
:104C300009F110099AE80300D94582E8030004D07D
:104C40007646A8E771780A29AFD1059D7D492846A7
:104C5000FFF794FE00284DD005F5017203C8FFF759
:104C6000A5FD50B1D5F80422009BD3180132C5F838
:104C700014323FD0009A9A4202D94FF0FF3300938A
:104C8000009809B0BDE8F08FB84602973746AE608D
:104C9000FDE64FF406720199284611F041FF009B92
:104CA000002BEDDD019A4FF0FF3300991446C5F853
:104CB0001022C5F80022C5F80C12C5F80432C5F858
:104CC00014322A60019E00233746AE60CDE90233DC
:104CD00005E70123304605F1180221460393F9F751
:104CE000E1FE064600287FF404AF0090009809B06A
:104CF000BDE8F08F039900293BD1013F524E32238A
:104D0000DDF810C006E08C4500F0828003297BD0DE
:104D100016F8013F17F8012F0131A2F141041046A6
:104D20002032192CA3F1410498BFD0B21A46192C95
:104D300003F1200398BFDAB28242E4D0D5F81432EE
:104D400098E7039B83F001020392002B7FF404AFEA
:104D5000BBF1080F91D1049A5379303B092B8CD8C1
:104D600093792E2B89D1D379303B092B7FF6F4AE82
:104D700083E7019B0021DFF8DCC05C1EDDF808E062
:104D80005023264605E071454AD0032944D01CF83B
:104D9000013F16F8012F0131A2F1410710462032E0
:104DA000192FA3F1410798BFD0B21A46192F03F16A
:104DB000200398BFDAB28242E5D0244F502200216E
:104DC000DDF808C005E0614532D004292CD017F881
:104DD000012F14F8013F0131A3F141061846203399
:104DE000192EA2F1410698BFD8B21346192E02F12E
:104DF000200298BFD3B28342E5D00023009AC5F8C1
:104E00000432C5F814223BE7049B032B96D8F4E741
:104E1000049B032BF1D091E7029B032BCDD88DE7A8
:104E2000029B032B8AD0C8E7029B042BE5D885E7B9
:104E3000042983D0E1E7CDF8088027E73E46CDF886
:104E4000088024E6E43E0020F43E0020FC3E0020E2
:104E5000DC3E0020F83E0020C3682DE9F041054605
:104E600082B00C462BB14C1E1C44B4FBF3F403FB84
:104E700004F4A4B9286840B1696831B1014402461C
:104E8000013088421470FAD128680FF0C1FE002367
:104E90000120AB60C5E9003302B0BDE8F0816F6866
:104EA000A74203D1012002B0BDE8F08121460120D4
:104EB0000FF048FE8046F0B1AA682E68A24228BFD3
:104EC0002246AAB15EB1314611F0AEFD3FB1F319F1
:104ED000002132460136B3421170FAD12E683046B5
:104EE0000FF096FE0120C5E9008402B0BDE8F08114
:104EF000002EEBD1F3E70A4B1B68002BCCDD094BEE
:104F000040F6FD1208490120F4F766FB6A6807487D
:104F10004346CDE90048F4F7A5FB4046BCE700BF97
:104F20002C460120502E0020D86300203041002064
:104F3000082938B5044604D0022902D009291FD017
:104F400038BDE26CD4F88450B2F5007F2DD3236DC8
:104F50009342F5D2D21AD4F8A4108A4228BF0A4646
:104F6000D5E900010D69A16C1944A847226DD4F858
:104F7000A43002441B1A2265C4F8A4300028DFD1F3
:104F8000D4F8845035B1D5E90003DB68984728464A
:104F90000FF03EFE002294F8AE30084962F30003A1
:104FA000C4E9201284F8AE3038BD4FF4007104F12A
:104FB0004800FFF751FFE26CC9E700BF3D7F0100E9
:104FC00038B5D1E901230C460546991C914208D811
:104FD0002268591CA1600021D5542268A368D154CD
:104FE00038BD2046FFF738FFD4E90123991C9142D0
:104FF000EED99342F4D22268581C0021A060D1540B
:1050000038BD00BF2DE9F04185681E4604460F46B5
:105010001D44C36890462BB15A1E2A44B2FBF3F2DA
:1050200003FB02F529462046FFF716FF6368A268D6
:10503000AB4218BF0026BA4211D8B8F1000F05D014
:10504000206841463246384411F0EEFCA3683046F1
:105050009F422CBFF619F618A660BDE8F0812168C2
:10506000F019D21B0844394411F0DEFCE5E700BF1B
:105070008368994228BF194670B514460A440668E9
:105080000546934238BF5C1AC6B15B1A70181A1BEA
:105090006318F11811F0C8FC2A6852B1A868011B06
:1050A000531844B10244002019460133934208705A
:1050B000FAD1AB68191B2046A96070BD191B2046A8
:1050C000A96070BD2DE9F04F93B00546884606AC47
:1050D0000092059384E8030013B11A46002313607D
:1050E000009B1B78242B40F0D381B8F1000F40F3D4
:1050F000C1804FF000094FF0FF330122DFF820A6F6
:105100004E464C4603929B464A460193CDF8089082
:105110002B5D21462819A3F10907FFB2172F40F292
:10512000AF80022A40F0B9803A2B40F0B181671C71
:10513000B84540F39F80EB5D3946E819202B00F01D
:10514000D980092B00F0D6800A2B00F0D3800D2BDC
:1051500000F0D08006F148027C1C4FF05B0E0DEB96
:10516000020C009A2C44C2F10102ACF1210C049211
:10517000029A4E4508BF3A467B2B029200F0CE8041
:105180005B2B00F053815D2B40F06F81002E40F3CC
:105190006C814E4502D1019B9B456BD1013E06F1CE
:1051A00048036B4413F8203C5B2B40F071814E4563
:1051B00000F0E7817C1CA0455CDD2B5D202B00F01E
:1051C000DC81092B00F0D9810A2B00F0D6810D2B50
:1051D00000F0D381002E40F35B812C2B00F0FD808A
:1051E00003F0DF02A3F15D0EA3F17D07BEFA8EFE90
:1051F0005D2AB7FA87F74FEA5E1E4FEA571740F06D
:1052000047810398621C009901EB000CA818A6EBDB
:105210000901541EB1FA81F1490931B1002F00F0A2
:10522000CD811CF8017C2E2F24D0019F5F4500D03A
:1052300001BB013E06F14801694411F8201C02310E
:105240008B4240F025814E4500F028819045144660
:1052500010DD0378A3F10901C9B2172900F2B88063
:105260004AFA01F1C90700F1378101340322A04550
:105270003FF74EAF6FF0020B584613B0BDE8F08F0A
:105280004AFA07F717F0010F04D10134A0453FF7A0
:105290003FAFEFE7022A00F0FB80032A9AD0012AF1
:1052A00040F07482222B5BD07D2B40F0F1804E4584
:1052B00002D1019B9B45DDD1013E06F148036B44C1
:1052C00013F8203C7B2B40F0E3804E4500F09080AB
:1052D000621C9045CEDDAB5C202B00F02881092BB1
:1052E00000F025810A2B00F022810D2B00F01F8198
:1052F00014466FE7A71CB845BCDDEB5D3946E819DD
:10530000A3F10902D2B2172A3FF624AF4AFA02F2F9
:1053100012F001027FF41EAF3C46B6E71D2E00F3EB
:10532000F8814E4500F05881721C06F148037C1C40
:105330000DEB0306A0454FF07B0306F8203C99DDFA
:105340002B5D202B00F00781092B00F004810A2B34
:1053500000F001810D2B00F0FE80222B1646A3D118
:10536000671CA8EB0401EB19013918460493F9F7FF
:10537000BFFB021EC0F2D08117444745BFF67AAF8B
:105380004E45FFF677AF049B00F08A81531C1A1933
:10539000541CA0457FF76EAF2B5D202B06D0092B48
:1053A00004D00A2B02D00D2B7FF4BEAE941CA04576
:1053B0007FF760AF2B5DA3F10902D2B2172A3FF647
:1053C000B3AE4AFA02F2D10762D402225DE74E463A
:1053D000002E5DDD2C2B40F0818006F148036B44EC
:1053E00013F8212CA2F17B02B2FA82F252094CE7A7
:1053F000009B039A9B5C1BB9019B9B4500F0778146
:10540000019B002BFFF664AF621C0BF1010B904572
:105410007FF730AFAB5C202B75D0092B73D00A2BF4
:1054200071D00D2B6FD014464E46D3E61D2E00F3DF
:1054300070814E4500F0E580013601370CF801EF30
:10544000B8457FF717AF204614F8013B3946A3F162
:105450000902D2B2172A3FF68BAE4AFA02F212F0D4
:1054600001027FF485AE3C460FE7742B00F0D58037
:105470006E2B00F0E980662B40F0FD800437474535
:1054800006DA0522A54911F09FFA00283FF48FAEF5
:105490006FF0010B584613B0BDE8F08F009B0399E5
:1054A0005B5C1BB9019B5B4500F02181019B002BDC
:1054B000FFF6CCAE90450BF1010B14467FF7DAAE48
:1054C0000378A3F10901C9B2172980D84AFA01F17A
:1054D0004E46C9077FF5C9AE002ED9DD03F0DF01C6
:1054E000A3F15D0EA3F17D070132BEFA8EFE5D29A8
:1054F000B7FA87F700F101004FEA5E1E4FEA57172F
:105500003FF485AEC4E70234A0457FF7B3AE2B5D10
:10551000A3F10902D2B2172A4ED84AFA02F24E4635
:10552000D2077FF5A2AE002E3FF75AAEB0E70234A5
:10553000A0457FF79FAE2B5DA3F10902D2B2172AD7
:105540003FF648AE4AFA02F2D0077FF58EAE002E43
:105550003FF746AE9CE7BC1CA0457FF78BAE2B5DAA
:10556000A3F10901C9B217293FF6F7AE4AFA01F1D2
:10557000CE078DD41646012287E6BC1CA045DADC96
:1055800078E6009B039A9B5C1BB9019B9B4500F04E
:10559000B780019B002BC0F2F7807C1C0BF1010B44
:1055A000A0457FF767AE2B5D202B11D0092B0FD0C4
:1055B0000A2B0DD00D2B0BD04E460BE6BEF1000F83
:1055C0003FF433AE1CF8017C2C2F7FF42EAE51E655
:1055D000BC1CA0459BDC4DE6009B039A9B5C2E2BDC
:1055E0007FF4A2AE019B9B457FF49EAE039B06F128
:1055F000010901334A4603934FF0FF339B46019361
:1056000093E6009A039BD25C5B2A03D1019A9345EF
:1056100000F0888009F101060FE703374745BFF620
:1056200037AF0378742B7FF433AF43780130722B9C
:105630007FF42EAF10F8013F752B7FF429AF43782C
:10564000652B7FF425AFB2E503374745BFF620AFA2
:1056500003786E2B7FF41CAF43780130752B7FF4F9
:1056600017AF10F8013F6C2B7FF412AF43786C2B0F
:105670007FF40EAF9BE5A3F13002092A2CD92D2B24
:105680002AD0222B7FF404AF01316818A8EB070160
:105690000139F9F72DFA021E3EDB531C1F4486E543
:1056A000009F0399791811F8010C2E287FF4E2ADC0
:1056B0001846049211F00CFB049A00287FF466AEA1
:1056C000039951187B5C2E2B18BF002B02D05B2B4B
:1056D0007FF45CAE039159E60023A8EB070109AA09
:1056E0000993F9F739FA099B013B1F445FE5059AD5
:1056F000002A3ED00299631A8B4601331360BBE542
:10570000059A002A35D002997B1A8B460133136023
:10571000B2E54FF0FF3BAFE59346ADE54C410020CD
:10572000ECFF7FFF039A09F10109009901324E460F
:1057300003928A5C5D2A24D01AB301330B44002102
:1057400000E0CAB1A2F13000049A01EB810102EB42
:10575000030B13F8012F00EB41015D2AF1D1CDF8C5
:105760000CB001915AB1039B4FF0000B013303932E
:1057700063E6DDF808B07FE5CDF80CB00191934603
:105780005BE600230193EDE74E4613E52746E1E48F
:1057900030B585B01C460025EC4603AB03958CE87C
:1057A0000600224604469CE80300FFF78BFC002815
:1057B00001DB009D0544039B2046256023EAE3733B
:1057C000636005B030BD00BF30B585B01D46EC4606
:1057D00003AB8CE803009CE803000446FFF772FC6F
:1057E000002814DB235C2044A3F130042D2B18BFC8
:1057F000092C94BF0124002406D82DB1002203995E
:10580000F9F7AAF985ED000B204605B030BD00245C
:10581000204605B030BD00BF30B583B01C46002324
:10582000EC468CE803009CE803000546FFF74AFCC1
:1058300000280FDB2B5CA3F17402B2FA82F252094A
:10584000662B14BF104642F0010008B104B122706B
:1058500003B030BD002003B030BD00BF2DE9F04FD4
:1058600089B00191002900F0CC8000276A4D0DF12C
:105870001F0B0DF10F0300F1FF38684CCDF80CB091
:105880003E46AB463D4602932B077DD1002D7FD18E
:105890002846731CB2463030DEB2DBF80030216897
:1058A0009847C5F30320DBF80030092821685C4FD6
:1058B00094BF303057309847C5F30310216807F183
:1058C00002090928DBF8003094BF30305730984780
:1058D0003020DBF8003021689847202001E017F8DD
:1058E000010FDBF80030216898474F45F7D198F851
:1058F00001300135216818099F2BDBF8003094BF77
:1059000030305730984798F80100216800F00F00B8
:10591000DBF80030092894BF303057309847DBF867
:10592000003021682020984718F8013F0AF1200232
:10593000A3F120010DEB020A5E2988BF2E230AF88D
:10594000103C019BAB429FD10F2E5D46DDF80CB0A1
:1059500040D8344F4FF02008B146314E202001E0AE
:1059600016F8010F2B6821689847B742F8D109F162
:10597000010309F12002DBB20DEB0209102B09F83B
:10598000108C27D09946E8E7731CB246DEB2AEE72A
:1059900021682020DBF800309847DBF800302168D0
:1059A0002020029E9847039F16F8010FDBF8003075
:1059B00021689847BE42F7D10A20DBF80030216801
:1059C0009847C5F30330092824D957304FF0000A0F
:1059D000012662E72B6820202168029E98472B68E9
:1059E00020202168984716F8010F2B6821689847F6
:1059F000B345F8D12B680A20216809B0BDE8F04F03
:105A000018470DF10F03019E044C0DF11F0B024DC1
:105A100002939EE700263CE71C47012064DE01203C
:105A20004025002042250020F8B5476804463D6B1C
:105A30004DB107F1300628462D6843689C4255D089
:105A4000002DF8D167683B689C4274D01A461B68E9
:105A50009C42FBD123681360BB68A34263D03B69BF
:105A6000A3425DD0D4F880301BB10022092120462A
:105A70009847A36F1BB100220921204698472F4B5E
:105A80001B68022B3FDCD4F8A8606EB10021301DEA
:105A9000FFF7E2F9D6F818010FF0BAF8D6F82001AE
:105AA0000FF0B6F8D4F8A860002530460FF0B0F833
:105AB00004F138002946C4F8A850FFF7CDF929466B
:105AC00004F14800FFF7C8F9294604F16800FFF720
:105AD000C3F904F1B00123461A4601338B42157015
:105AE000FAD12046BDE8F8400FF092B83B6B8342F4
:105AF0001CD01A461B688342FBD115600FF088F852
:105B0000002D98D19EE740F66A720D4903200D4B97
:105B1000F3F762FD0C48D4E90C21F3F7A3FDB2E7DB
:105B200000233B619EE70023BB6098E73246156087
:105B30000FF06EF8E4E73A468CE700BF2C460120F0
:105B4000D8630020402E0020E83D00200000000027
:105B500070B528210446012016461D460EF0F2FFBE
:105B600090B1626B236A4262049A06998261059A37
:105B70000162C2615A1C6063226203609FED047B74
:105B8000C0E9026580ED047B70BD00BFAFF300800B
:105B9000000000000000000038B543694FF0FF35F9
:105BA00004461D609D800068C3F80600A088C3F805
:105BB0002610002158810820C3F81A10C3F81610C7
:105BC000C3F81E10C3F82210997359741975062171
:105BD000187399741874042059730121D874D973F7
:105BE0005975A168D9612168C3F81610A188598335
:105BF0001AB11168196292889A84636A2A2522462A
:105C000060695B6829469847854200D038BDE36FDC
:105C10000133E36738BD00BF70B5044690F88400D7
:105C2000042828D0032819D0012860D068B9394B3E
:105C30001B68002B09DD0120374B41F2CA023749AE
:105C4000F3F7CAFC3648F3F70DFDE36A93B104F1AC
:105C5000840220460021BDE8704018472D4B1B6888
:105C6000002B39DC002221692046FFF795FFE36A0B
:105C7000002BECD170BD274D2B68012BE5DD264BA9
:105C80004FF4865225490220F3F7A6FC04F10802DE
:105C900024492548F3F7E6FC2B68012BD5DD1E4B84
:105CA00041F2C1021D490220F3F796FC04F11002F3
:105CB0001C491E48F3F7D6FC2B68012BC5DD164B9B
:105CC0000220164941F2C202F3F786FC2246184927
:105CD0001848F3F7C7FCB8E701200F4B41F2C402A4
:105CE0000E49F3F779FC1448F3F7BCFCBAE7094B0B
:105CF0001B68002B08DD084B41F2C7020749F3F788
:105D00006BFC0E48F3F7AEFCF3F718FC0FF044FA07
:105D10009BE700BF2C460120642D0020D8630020A3
:105D200050560020B14B0100105600202056002094
:105D3000DD4A010030560020405600204856002021
:105D40002DE9F0434368044687B00E461146D3F868
:105D50003C80D0F81C90FAF7F5FF94F8AD1005469A
:105D600011F0010711D0D8F8082040460296CDF86E
:105D70000090238B0395A18D019104F1C801FBF7DD
:105D80001DFE284607B0BDE8F08304964A460595F7
:105D90004046D4F8B03004F1C8011BBA0293D4F8DD
:105DA000B4301BBA0393A38D0193238B0093182364
:105DB000FBF7BCFF78B1431CE4D0D4F8B03094F8C2
:105DC000CE202B44012AC4F8B030DAD1394620461F
:105DD000FBF7A2F9D5E76FF00100D3E738B5144619
:105DE000126C84460D46E36B9A4217D201F1080209
:105DF000216CE36B99421CD20023216C0A44E16BB5
:105E00008A4203D2E36B226C083B9B1A9D42606B73
:105E1000226C19D9636F0133636738BD216C05F1BA
:105E20000802A36B11449942E2D8083B216C5B1A2B
:105E3000E3E7E36B082BDFD9216C0023606B435051
:105E4000BFF35B8F2364D8E70432614610442A46CF
:105E50000CF0FCFA226C616B2B1D8D50BFF35B8F35
:105E6000226C13442364A36F0133A36738BD00BFC2
:105E700070B50B680C46054613B98B88002B70D0A3
:105E800094F84430002B5CD00022636A84F84F20E1
:105E90001B683BB12046984720B93E4B1B68002B3E
:105EA00053DC70BD40F2046101200EF04BFE40F265
:105EB0000463A16BC4E9050339B9626A9268002AD8
:105EC00014BF19464FF40051A163012040F2DC5683
:105ED0000EF038FE6063F3F731FBA3683822C4E9A3
:105EE0001801EC632563A4F850602A640BB9012300
:105EF00023774FF0FF33022104F17000C4F85230D1
:105F0000A4F85630F3F720FBB4F8703062696FEAFA
:105F100043436FEA5343A4F8703012B1636B002B14
:105F2000BFD11C4B1B68002BBBDD01201A4B41F27B
:105F300014421A49F3F750FB1948BDE87040F3F7D3
:105F400091BB184B186860649EE70120124B41F228
:105F500003421249F3F740FB1348BDE87040F3F7E2
:105F600081BB08460226052100F8016BF3F7ECFA25
:105F7000084B1B68012B83DD3046074B41F2F93299
:105F80000649F3F729FB224608490948F3F76AFB5B
:105F900076E700BF2C460120C42D0020D8630020E6
:105FA000084E00209C460020A0460020DD4A01004B
:105FB0007846002070B548220021054610F0B0FD5B
:105FC000234B1822234C02261A600022A3624FF0B2
:105FD000FF311A712846204B26702261A9631F49A0
:105FE000C4E90222D3F8102461626270D3F810244D
:105FF000920AA270D3F81014D3F82024D20C82EAAB
:10600000D142E270D3F82024D3F82014930A6171AE
:1060100021462371FFF72CFF114B1B68012B0BDD71
:10602000304640F6E6720F490F4BF3F7D5FA224699
:106030000E490F48F3F716FB4FF0FF3040F6B8312A
:106040000C4A0D4B686469616A60EB6070BD00BF0B
:10605000ACDA01205881012000401F403046012069
:106060002C460120D8630020F42D0020DD4A0100D9
:106070008C410020A4410020B841002090F8AC30B1
:1060800041686FF3C30370B5CD6B84B080F8AC305A
:106090000446B5F97030C269002B039203DB4FF45C
:1060A0000043A5F87030AB68544EA360B5F870306B
:1060B0005A1C5BBAA5F8702032682383022A7CDC64
:1060C000D4F880301BB10022032120469847A36FEB
:1060D0001BB1002203212046984794F8AC3094F875
:1060E000AD2043F02003D20784F8AC3024D50399C7
:1060F0004B1C57D0D5E9023263EA0202914251D0DB
:10610000EBB10399EA684B40134218D12B699942CD
:1061100015D03368022B63DC00222846FFF73CFDD4
:1061200002212046FAF7F8FF94F8AC3043F0100350
:1061300084F8AC3004B070BDAB68002BE1D19DF8A1
:106140000C3003F0E003E02B0CD0D5F852302046A1
:10615000C4F8C830B5F85630A4F8CC30FDF782F951
:1061600004B070BDBDF80D302046254AA4F8CB30F0
:1061700094F8CB309DF80F10D2F81C2103F07F0368
:1061800084F8CD10ADF80820C2F3074184F8CB3075
:10619000BDF8083084F8CA10A4F8C830FDF762F9D9
:1061A00004B070BD4FF0FF332046C4F8C830A4F8E7
:1061B000CC30FDF757F904B070BD124B41F23842B4
:1061C00011490320F3F708FA04F11C030F4A1048A1
:1061D000CDE9002304F10803616BF3F743FA6FE79D
:1061E000084B41F2434208490320F3F7F5F9616B8C
:1061F0000848F3F737FA03998EE700BF2C460120D1
:1062000004070020B02D0020D8630020854B01003A
:10621000043E0020143E00200149FEF7B1B900BF42
:106220002047012038B51A4C2046FEF715FA88B1F0
:10623000184D2B68012B0FDC0022A368D4E9000164
:106240002A600124144A147021FA04F200EB51016F
:10625000ECF778F9002038BD104B41F2B3721049C9
:106260000220F3F7B9F90F48D4E90112B1FBF2F2B9
:10627000F3F7F8F92B68012BDEDD084B41F2B6721B
:1062800007490220F3F7A8F90748F3F7EBF9D3E73A
:10629000204701202C460120B0DF01208C2C00205B
:1062A000D863002078420020A44200200CB470B5CE
:1062B00086B000260C4605460AAB0496059653F8B0
:1062C000042BCDE90201019302A901AB054800F0BE
:1062D0006DFA844288BF2E5406B0BDE8704002B00B
:1062E000704700BF79F200002DE9F04FB5B00746C6
:1062F0008A469146002411F063FADFF878B006462A
:1063000000F101088DF86C402046013409F0F6FADE
:106310000246314638464AB302EB0805FAF700FE5A
:1063200003462F212846002BEED010F06BFCC0B1A5
:10633000431B5A46642102A80095FFF7B7FF0023CC
:106340001BA902A88DF86B3011F00EF803464946E0
:1063500002A8002BD8D0D04702A91BA811F06EF9D3
:10636000D2E7284611F02CFA2844E1E735B0BDE821
:10637000F08F00BF583E0020B5EE400BF1EE10FA52
:1063800000F08F8110EE903A2DE9F04323F00043A6
:10639000CD4C8DB00546A34210EE106A00F071811D
:1063A000002E18BF0133A34200F28081B5EEC00B6E
:1063B000F1EE10FA00F133810026002A00F0388156
:1063C000B2EE046BB7EE007BB4EEC60BF1EE10FA42
:1063D00008DB27EE067B80EE075BB4EEC65BF1EED2
:1063E00010FAF6DAB7EE005BB4EEC50BF1EE10FA78
:1063F0000BD8B2EE044B01E087EE047B80EE076B16
:10640000B4EEC56BF1EE10FAF6D9B1EE046B0029CB
:1064100027EE067B07DD0023B2EE046B013387EE27
:10642000067B8B42FAD130EE077B0024B2EE045B90
:10643000B7EE006BB4EEC57BF1EE10FA09DB26EE89
:10644000056B013487EE064BB4EEC54BF1EE10FA46
:10645000F5DAB7EE004BB4EEC47BF1EE10FA0CD5D2
:10646000B2EE043B02E086EE036B013C87EE065B76
:10647000B4EEC45BF1EE10FAF5D4A14200F35381FF
:1064800012B1012900F32C81B7EE005BB4EEC56BAD
:10649000F1EE10FA28DBB2EE043BB646B7EE004B45
:1064A000002387EE065B0EF13000002B03F10103A1
:1064B0000DEB0004BDEEC55B00F3BD8015EE100AC8
:1064C0000028D4BF00200120002840F0B480B8EE9E
:1064D000C55BB6460346A6EE457B86EE036BB4EE7F
:1064E000C46BF1EE10FADCDAB7EE005B3020741CFE
:1064F0003318B4EEC56B6B44F1EE10FA03F8280CB8
:10650000C0F23681002302AFB2EE044B3026581E93
:10651000384403E0BEF1270F00F3038186EE046BDD
:10652000013300F8016F03EB040EB4EEC56BF1EE1E
:1065300010FAEFDA03EB040EBEF1270F00F3F1803F
:106540000EF13000012A04F101060DEB000E4FF0B0
:106550002E000EF8280C02D0002B00F3148106EB5D
:10656000030EBEF1270FD4BF4FF001094FF0000911
:106570009942D8BF4FF00009B9F1000F00F00C812B
:106580005C1CB2EE043B9FED4E5BA01902E0BEF135
:10659000270F1BDC87EE056B0EF130038C4286461D
:1065A0000DEB030800F10100234604F10104BDEEE8
:1065B000C66B16EE10CAB8EEC64B0CF1300CA4EE4A
:1065C000457B08F828CC85EE035BE0DB002A00F071
:1065D000DE80B9F1000F00F0DA8098193A1802E075
:1065E000013B08D0F01812F8011D3029F8D02E29EF
:1065F00000F0BB800646272E4FF000013B46334A91
:10660000A8BF272606F130000DEB0006284606F845
:10661000281C2821FFF74AFE0DB0BDE8F0832D238A
:10662000B1EE400B01268DF80830002A7FF4C8AE89
:106630009FED237BD6E6B8EEC52B15EE100A06EBD0
:10664000030E00F1300CA2EE467B04F828CC86EE57
:10665000036BB4EEC46BF1EE10FAC0F29A80BEF197
:10666000270F7FF71EAF02AF002BD4BF4FF00009FA
:106670004FF00109012AA9D0B9F1000FA6D01944A1
:106680006FE79EB9B5EEC00B114C124B28210F4A93
:10669000F1EE10FAC8BF23460DB0BDE8F043FFF796
:1066A00005BE0D4B2821094AFFF700BE0B4B2821E0
:1066B000064A28460DB0BDE8F043FFF7F7BD00BF1E
:1066C0009A9999999999B93F0000F07F604100200B
:1066D0008C3E0020903E0020B4550020983E0020C3
:1066E00002AF80EE060B01223846FFF745FE652318
:1066F00006448046B4F5C87FBB5507EB06004FF053
:106700002B03437003DC2146FAF7A6FC8044434682
:10671000254A282128460097FFF7C8FD0DB0BDE89F
:10672000F0832646A0E7002A3FF4AEAE4B42A342D8
:10673000FFF6AAAE01297FF7A7AE02AF80EE060BE7
:1067400001223846FFF718FE65230644804614F5FB
:10675000C87FBB5507EB06004FF02D034370D6DB17
:106760006142FAF779FC8044D1E7013B1E4442E7DD
:1067700004F13003023602AF0DEB03042E2304F8BC
:10678000283C0023EBE606EB030E1944E9E67646C7
:1067900031E7344602AFCDE6002BD4BF4FF00009FD
:1067A0004FF0010912E700BF583E00202DE9F04FDD
:1067B000824695B0107802920593002800F09C80E4
:1067C0004FF0000B89465C4609E049460BF1010B8E
:1067D0000134D047029B185D002800F08E802528E8
:1067E000F3D104F10108029B13F80870232F00F085
:1067F000D68000202D2F00F0CA8000230393302F75
:1068000000F0B780A7F1300220263B46092A00F2AB
:10681000BC800299002401EB0802C1F1010104EBE4
:10682000840401EB020803EB4403A3F1300412F8E3
:10683000013FA3F130051F46092DF0D92E2F00F09E
:1068400085804FF0FF35682F0AD1029A02EB0803CA
:10685000C2F1010101EB030813F8017F682FF9D0A1
:106860006C2F4ED00022702F57D0A7F16401B1FADF
:1068700081F14909752F14BF0B4641F00103002B2C
:1068800040F09380252F00F0A981A7F14D03D9B2E4
:106890002B2900F21F812B2B00F21C81DFE813F063
:1068A00023011A011A011A011A011A011A011A0107
:1068B0001A011A011A01E2011A011A011A011A0138
:1068C0001A011A011A011A011A011A017A011A0190
:1068D0001A01E201E2011A011A011A011A011A0150
:1068E00023011A011A01E2011A011A0132011A01E7
:1068F0001A011A011A01E2018346584615B0BDE893
:10690000F08F08F10103029AD75C6C2F00F06C81C4
:10691000702F98464FF00102A7D1012002230021D9
:1069200004930690059D642F2B6803F104022A60EE
:106930001A6818BF0023CDE900100AA908BFD317B1
:1069400008460991F7F7ACFF07464EE008F1010150
:10695000029B5F5C5A182A2F40F02681059908F1A6
:1069600002080B681A1D1D68029B0A6013F8087064
:1069700069E7029B08F101083E4613F80870A7F189
:1069800030023B46092A7FF644AF002456E7012334
:1069900008F101080393029B13F808702FE704F134
:1069A0000208012013F8087024E7430006900493BE
:1069B000A7F16603012B00F22381681C0598A7F15B
:1069C0006702036808BF0625B2FA82F20733294638
:1069D000520923F0070393ED000B083303600AAB61
:1069E00018460993FFF7C8FC0746254644B1069BA5
:1069F00033B1049A013D631B9A4201D9002DF9D1AC
:106A0000039B83F00103202E14BF002303F0010336
:106A10000793002B00F03A81AF4280F047813C465B
:106A2000013449462020D047A542F9D8ABEB0704F2
:106A30002C44049B0BB30023089320230693494660
:106A40003020D047049B022B40F01A814946782021
:106A5000D047049B23449B46089B5C467BB1013492
:106A600049463046D0473B19A3EB0B03AB42F6D364
:106A700037B9A34608F10104ACE62023069397B189
:106A800004954FF0000B2546099C04E00BF1010B27
:106A9000D0475F4504D914F80B0049460028F5D1CA
:106AA0002C46049D5C44069B202BE2D1039BA3460D
:106AB000002BDFD0079B002BDCD00BF1010B4946EC
:106AC0003046D04707EB0B031B1B9D42F5D808F15E
:106AD00001047FE649462520D047494638460BF158
:106AE000020BD047C6E705996D2F0B6803F104022E
:106AF0000A601C6800F0A880059A49465046A047E5
:106B00008344B7E705990B681A1D0A606A1C1B6865
:106B1000069300F09380A542039A2CBF0023012323
:106B2000049362B95BB12F46013749463046D047DE
:106B3000A742F9D3A3440123ABEB050B0493A5B102
:106B4000069B0027CDF818B0A346013B1C4603E086
:106B50000137D047BD424ED014F8010F49460028F6
:106B6000F6D15C46DDF818B0BB44039B002B81D006
:106B7000049B002B3FF47EAFA542BFF47BAF2F46B2
:106B8000013749463046D047A742F9D35C44A4EBCD
:106B9000050B6FE7059849460BF1010B03681A1DB9
:106BA00002601878D04765E7A7F130053B46092D0C
:106BB00069D802990025C1F1010105EB850501EBBA
:106BC000020803EB4503A3F1300512F8013FA3F1DE
:106BD000300C1F46BCF1090FEFD934E63846494660
:106BE0000BF1010BD04745E708F10208029B022296
:106BF00013F8087037E65C46DDF818B0AB44B4E72C
:106C000007F0DF00702F18BF58280CBF01200020AC
:106C1000022A7FF487AE059D0AAF2B6809970733D8
:106C200023F0070303F108022A60D3E90023CDE92A
:106C300000103846F7F734FE0746D6E6BBB11846D3
:106C400010F0BEFD054666E7494622200BF1020B17
:106C5000D0474946059A5046A047494683442220DA
:106C6000D04707E74300002106900493A0E6231EC7
:106C7000039A18BF01230493E2B9DBB1069D52E7E2
:106C800001230493E5E688460025DCE5AF422CBFEE
:106C9000002301230793302E14BF002303F00103C8
:106CA0000893049B43B15C460696C8E600235C4605
:106CB0000793BEE6002558E70696CDE60CB410B55E
:106CC00082B004AC01AB54F8042B0194FFF76EFDC5
:106CD00002B0BDE8104002B0704700BF136810B5A5
:106CE0001C1D86B014601A685479137804941479C2
:106CF0000394D4780294947801945478024A0094CE
:106D0000FFF7DCFF06B010BD6C440020136810B51F
:106D10001C1D88B014601A68D37C5BB9D4781378D2
:106D20000294947801945478144A0094FFF7C6FFB3
:106D300008B010BDD489138864BA5BBAA4B29BB200
:106D40000694948964BAA4B20594548964BAA4B22E
:106D50000494148964BAA4B20394D48864BAA4B223
:106D60000294948864BAA4B201945488044A64BA20
:106D7000A4B20094FFF7A2FF08B010BDD4230020F6
:106D800048440020136830B51C1D83B014601D6892
:106D9000054A2C8A054B64BA0095A4B20194FFF70A
:106DA0008DFF03B030BD00BF644400200D4B0100D7
:106DB000136810B51C1D84B014601A68D478137859
:106DC0000294947801945478024A0094FFF776FF75
:106DD00004B010BDD42300200EB430B582B00446F8
:106DE000056D05A901AB51F8042B019100F1480193
:106DF0000448FFF7DBFC206D401B02B0BDE83040CB
:106E000003B07047C12D010008B4A1F16403B3F5CC
:106E1000FA7F70B5044685B0104621D21A4A52F85E
:106E2000233000B30A46009018492046FFF7D4FFEC
:106E30000AA803AB099A039004F148011448256D90
:106E4000FFF7B4FC236D102B0FD894F8AE306FF31E
:106E5000000384F8AE3005B0BDE8704001B0704763
:106E60000C4B0028DED10B48DCE7A5F10F06A06C27
:106E70005B1B094A30440B21FFF718FAA36C202250
:106E800033441A54E1E700BF040B0020043F002004
:106E9000C12D0100B8500020383F00200EB470B55D
:106EA00097B00026044620481BAB06AD02A9049605
:106EB00053F8042B0295019340230596039301ABED
:106EC000FFF774FC3F2805D800F158030DEB0300D1
:106ED00000F8406C154B1B68002B0CDD4FF4D3728F
:106EE00013490120134BF2F777FB2B461248D4E9E4
:106EF0000C21F2F7B7FB94F8AD30D4F8806043F082
:106F0000200384F8AD301EB12A4600212046B04748
:106F1000A36F1BB12A4600212046984717B0BDE851
:106F2000704003B0704700BF79F200002C4601208A
:106F3000D8630020B42E00209C3E00202DE9F04FA5
:106F40008FB002F11106D0F8A8408946059340F2AF
:106F5000173315468046ADF81C3004F1040AADF82D
:106F600024300323D4F880248DF81E308DF8263089
:106F7000C6F30723D4F884C48DF81F308DF827306A
:106F8000F3B28DF820308DF8283090F8AC309907A6
:106F90007AD504F2F44B04F214530BAF1868596815
:106FA0009A683B4607C39DF8343007AAE16850460B
:106FB00083EA1C638DF834309DF8353083EA1C4336
:106FC0008DF835309DF8363083EA1C238DF8363045
:106FD0009DF8373083EA0C038DF837300523FEF730
:106FE00011F8E16850463144FDF736FF6268E36806
:106FF000494602EB03092A4648460FF015FD059B5A
:1070000040F20131012009F805300DF09BFD824668
:10701000002842D083196A1C994503D209EB020368
:10702000984237D3012349465046009701935B4667
:107030000592FAF725F90521059A5B46009702911A
:1070400009A90AEB020001915146FAF733FA3246D8
:10705000514648460FF0E8FC50460DF0D9FD98F82F
:10706000AC309B070AD4D4F880340133C4F88034A0
:10707000E3683344E3600FB0BDE8F08FD4F88434A4
:107080000133C4F88434F3E7944604F5956B04F5B2
:10709000996382E74FF0FF32DAE702494046FFF793
:1070A000FDFEE8E7044E00202DE9F84F90F8AC30E3
:1070B0000746D0F8A8409B0703D4D4F82451002DEC
:1070C00073D1D4F81C514FF0000905F10D080120CF
:1070D00041460DF037FD0646002800F086804FF04F
:1070E000000A05F10901EAB26B1D80F804A0080C42
:1070F000090A707006F10B00B17002F10901053246
:10710000F170F2711A0C1B0A7271B3710B23337098
:10711000B4F81E313372D4F81C311B0A7372D4F8E0
:107120001C31B372D4E946120FF07EFCD4F81C3146
:10713000334483F80BA0D4F81C31334483F80CA0FB
:10714000B9F1000F38D104F1200BB8F1000F21D0B4
:1071500005F10C0A4FF00009751EB24401E05545D7
:1071600018D0A36C15F8011FE2180133402B82F8E8
:107170004C10A364F3D15846F7F718FEC4F84890B2
:10718000D4E9103213F5007342F100025545C4E909
:107190001032E6D13846162342463146FFF7CEFE7E
:1071A0003046BDE8F84F0DF033BDD4F81C314FF038
:1071B00001091D44053588E7D4F81C01B4F82621DF
:1071C000331810305A733044D4F82421120A9A73B9
:1071D000D4F82421DA73D4E948120FF025FC73198E
:1071E00083F80BA083F80CA0ADE738460249BDE850
:1071F000F84FFFF753BE00BF7853002090F8AC3033
:107200002DE9F04F9907D0F8A86089B00546D6F867
:1072100080A4D6F8842442D506F5956306F5996BCB
:107220000393B369002B43D12B6FA96E042B31D983
:10723000DFF89C91DFF89C81604FB1F8034064BA9D
:10724000A4B2621D9A4225D80B78172B3BD0142B81
:1072500032D0152B40F09080D9F8000043463946D3
:1072600042F6252201284FF0020004DDF2F7B4F9BE
:107270005348F2F7F7F92846002150F8683FB3F871
:10728000032052BA053292B2FDF7F2FE2B6FA96EBF
:10729000042BD2D86FF0010009B0BDE8F08F06F2E0
:1072A000F44306F2145B92460393B369002BBBD000
:1072B000002009B0BDE8F08F92B2002105F168000E
:1072C000FDF7D6FEE2E70F2C01F1050768D9DBF8E0
:1072D000000005ABDBF80410DBF8082007C39DF8BD
:1072E0001C302146012083EA1A638DF81C309DF87A
:1072F0001D3083EA1A438DF81D309DF81E3083EA55
:107300001A238DF81E309DF81F3083EA0A038DF88A
:107310001F300DF017FC8046002848D03B19A4F11F
:107320001002984202D28318BB4236D805AB012125
:107330004046009301913946039B0392F9F7A0FF61
:10734000039A414638460FF06FFB40460DF060FC53
:10735000A4F111003B5C3377AA6E95F8AC30BA1AF1
:10736000B0619B07726110D5D6F880340133C6F83E
:10737000803409B0BDE8F08F28461249FFF78EFD32
:107380004FF0FF3009B0BDE8F08FD6F884340133F8
:10739000C6F8843409B0BDE8F08F4FF0FF32D0E773
:1073A00028460949FFF77AFD4FF0FF3074E7284679
:1073B0000649FFF773FD4FF0FF306DE7D8630020FB
:1073C0008C520020A8520020BC520020044E002005
:1073D0002C4601200C2C00202DE9F04FD0F8A840BD
:1073E00083B0D0F868A0D4E90598B8F1000F36D082
:1073F0000AEB0905AB7869781B0243EA0143E97897
:107400000B4303F1040BD8452CD3EF1C0646013D7A
:1074100004F120001F4401E0BD4219D0A36C15F80F
:1074200001CFE1180133402B81F84CC0A364F3D1A4
:107430000190F7F7BBFC236C0022019813F5007351
:10744000A2642364636C43F10003BD426364E5D12D
:1074500009EB0B03A8EB0B01C4E9053141B103B003
:10746000BDE8F08F084903B0BDE8F04FFFF716BD47
:10747000BAF8033006F168005BBA5A1D92B203B045
:10748000BDE8F04FFDF7F4BDBC52002070B5866B2F
:10749000ADF5067D016C04463046FDF749FA051E40
:1074A00017DB12D00E2D02DD737A312B19D01D4956
:1074B0002046FFF7F3FC2A46002104F13800FDF7CF
:1074C000D7FD00200DF5067D70BD01200DF5067D70
:1074D00070BD20461449FFF7E1FC00200DF5067D44
:1074E00070BDB37A302BE2D1F37A312BDFD1304645
:1074F0006A46FDF763FA0028D9D094F8AD30D4F885
:10750000806043F0020384F8AD301EB16A460C215E
:107510002046B047A36F002BCDD06A460C212046F1
:107520009847C8E770540020605400204368F0B5C5
:10753000DD6B85B00446C769AB6823B195F884C09C
:10754000BCF1040F06D020461E49FFF7A7FC00201F
:1075500005B0F0BD90F8AD300E46DB070AD590F8C7
:10756000AC3013F0180F0FD0174B1B68032B1CDC2B
:107570000020EDE7134648300A468168FDF742FDDA
:10758000003818BF0120E3E71146F9F7DBFBAA68D2
:1075900004F1C801CDE90260A38D28460193238B35
:1075A0000097FAF70BFA0120D2E76046074B41F249
:1075B000A3420749F2F710F80648F2F753F8002003
:1075C000C6E700BF004500202C460120B42C002057
:1075D000D86300200C4500202DE9F043C5B00024FD
:1075E00016460F4601AD80464FF486722146284666
:1075F000994676BA0FF094FA0123A4462E806B8048
:107600004FF480733E68AB80325D2E2A2AD07B68AF
:10761000A3423CD8A4EB0C0206EB0C010CF10D00CC
:10762000AC4428448CF80C200AF010FF04F1010C43
:10763000184A0CF10C03D2F82001E918E85092F82E
:1076400024310B71B9F1000F03D005EB0C031C22A0
:107650009A730CF1110229464046FFF767FF45B0C7
:10766000BDE8F083A4EB0C0205EB0C030CF10D005C
:1076700006EB0C011A7328440AF0E8FE7B6804F15B
:10768000010CA3426446D3D9FB2CBDD1D0E7013411
:10769000FAE700BF0407002002292DE9F04F4668F1
:1076A000C9B008D0072906F1300843D009291FD0F6
:1076B00049B0BDE8F08F346BD2E90056002CF7D00A
:1076C0002346734F2468D3E90212A942B24108D37A
:1076D000002CEDD023462468D3E90212A942B2411E
:1076E000F6D239465868FFF7D9FB002CF2D1DFE714
:1076F000356B002DDCD0674F2C4639462D6860680D
:10770000FFF7CCFB336BA3420BD01A461B68A34296
:10771000FBD12368204613600DF07AFA002DEBD1DF
:10772000C6E742462368204613600DF071FA002D2B
:10773000E2D1BDE7056C0446876B4FF48C720021E3
:1077400002A80FF0EDF90B2D51D9BB885BBA9BB2A3
:10775000012B4CD82946384602AAFCF74DFE0028DA
:1077600045D0376B002F76D00021DFF82C91DFF861
:107770002CA1B3463D46BDF808203F682B8A9A42AB
:107780002CD16E6896F8AC301B0750D59DF80A30A6
:10779000002B62D0B38D0DF10C0E06F11C0CADF870
:1077A0001C30BEE80F00ACE80F00DEF80030CCF86B
:1077B0000030D9F80030022B58DC3046FEF75EFC72
:1077C0002968DBF83030AB424ED01A461B68AB421A
:1077D000FBD1116028460DF01BFA0121002FC9D101
:1077E000002938D00023236449B0BDE8F08F2A4D2A
:1077F0002B68002B09DD0120284B4FF48A722849A1
:10780000F1F7EAFE2748F1F72DFF216CA06BFEF798
:1078100025F82B68002BE5DD0120204B40F23312C8
:107820001F49F1F7D9FE2048F1F71CFFDAE7D9F834
:107830000030002B01DC3946C3E7534640F22D12DD
:1078400017490120F1F7C8FE6B681848596BF1F72A
:1078500009FF2968B5E7104DDBE71549304608AA4E
:10786000FFF71CFB2968ACE74246B2E753464FF4EA
:1078700090720B490320F1F7AFFE68680D4B08AA20
:10788000416B1C3000900C48F1F7ECFE6E6894E7F9
:1078900010370020883700202C460120C02E002001
:1078A000D86300201C370020783700206037002084
:1078B000483700200D4B0100383700200FB410B5B9
:1078C00086B000214FF4807408A8049101AB0594A0
:1078D00050F8042BCDE90211019002A90448FEF7EB
:1078E00065FF029806B0BDE8104004B0704700BFC5
:1078F000C12D01008268C3689A420BD10023E1B117
:10790000026810B48468201D5DF8044B02441846D8
:107910000A607047BFF35B8F83680268D358002BFF
:10792000EDD18360C26883689A42E7D9BFF35B8F69
:1079300083680268D3580029E2D11846704700BF17
:107940002DE9F041D3000546406916460F461B1845
:10795000C0F3C5086B61AB6928BF013303EB5273F9
:10796000AB6102EB08033F2B08D808F11C0032463C
:1079700039462844BDE8F0410AF068BDC8F140042A
:1079800008F11C00224628440AF060FD05F11C01A4
:107990002846F8F7C3FAC8F17F039E4212D9391975
:1079A0002846F8F7BBFA234640347F339E42F6D888
:1079B0002744361B1C20324639462844BDE8F04196
:1079C0000AF044BDA8F1400327441C201E44CEE722
:1079D00070B584B0044600220D460DF10700032A5D
:1079E0006FEA020302F101028CBF0021012103F0C2
:1079F0000303082A05EB81014FEAC303496921FA11
:107A000003F300F8013FEAD1802301220DF10701C1
:107A100028468DF80730FFF793FF6B6903F4FC737A
:107A2000B3F5E07F0ED0002601220DF107012846B4
:107A30008DF80760FFF784FF6B6903F4FC73B3F5FF
:107A4000E07FF1D1082228460DEB0201FFF778FF15
:107A5000601E0022D3439108013203F0030355F85E
:107A60002140142A4FEAC30324FA03F300F8013F2C
:107A7000F0D15C220021284604B0BDE870400FF030
:107A80004FB800BF70B58D6A80220C4606464B1970
:107A9000372D83F82C2040D807D005F12D00C5F1F3
:107AA0003702084400210FF03BF8226AED00636AB8
:107AB0002046AD1843F100032ABA190AA26684F8D9
:107AC00067301A0C84F8661084F86520C4E90853FE
:107AD0001B0E84F86430F7F769F9701E18232268CA
:107AE000DA4000F8012F6268DA400271A268DA40D9
:107AF0000272E268DA4002732269DA400274626953
:107B0000DA400275A269DA400276E269DA40083B9F
:107B100013F1080F0277E2D170BD6B1C3F2B07D821
:107B200005F12D00C5F13F02084400210EF0F8FFD9
:107B30002046F7F73BF93822002104F12C000EF023
:107B4000EFFFB2E72DE9F0433A4FD1B0D0F8A8806B
:107B50009146EC460E46384D09AC0FCFACE80F000D
:107B60000FCFACE80F003B68ACF800300FCD0FC46E
:107B70000FCD0FC42B68402220212FA823800EF0A8
:107B8000CFFFB9F1000F53D009AC3FAD0DF23D1757
:107B90000FCC0FC50FCC0FC52368702208F1200150
:107BA00012A82B802FAC0EF03FFF12A90DF58F709D
:107BB0000025FFF767FF00220023CDE91A231F4AA3
:107BC0001F4BCDE912231F4A1F4BCDE914231F4A37
:107BD0001F4BCDE916231F4A1F4BCDE918239DF8F3
:107BE000BC2001238DF874201C93A74219D01C9B44
:107BF00014F801CF03F5A07201336A44402B1C93A3
:107C000002F8CCCCF1D112A8F7F7D0F81C95DDE939
:107C10001A3213F5007342F10002A742CDE91A327D
:107C2000E5D112A93046FFF72DFF51B0BDE8F08332
:107C30006C46AAE7F44700201848002067E6096A66
:107C400085AE67BB72F36E3C3AF54FA57F520E517D
:107C50008C68059BABD9831F19CDE05B0B4600F107
:107C600018011846FFF70EBF2DE9F041284B9CB0D4
:107C700000240025064627480027CDE90845CDE920
:107C80000003254C254B264D0A97CDE90243254B91
:107C9000CDE90453244B069303F17453A3F5230356
:107CA000A3F6924307935AB30B78551E0C46E84649
:107CB0008DF82C300D4401230A93A54219D00A9B5C
:107CC00014F801CF03F1700201336A44402B0A9388
:107CD00002F844CCF1D14046F7F768F80A97DDE99D
:107CE000083213F5007342F10002A542CDE90832D3
:107CF000E5D141463046FFF7C5FE1CB0BDE8F08136
:107D0000E84630464146FFF7BDFE1CB0BDE8F081B5
:107D100085AE67BB67E6096A72F36E3C3AF54FA51C
:107D20007F520E518C68059BABD9831F2DE9F04F14
:107D30004FF00009CDB0144606463C22884601A803
:107D400049461D46569FCDF800900EF0E9FE4022B0
:107D5000362120A80EF0E4FE40225C210DEB02004B
:107D60000EF0DEFE3F2C00F2FD802246002C40F09B
:107D7000ED804FF05C0E36210DF1C0080DF1800A48
:107D800010ACEC462046534604E019781CF8012F4D
:107D900090F800E0514082EA0E0203F8011B4345CF
:107DA00000F8012BF1D1964B0022DFF868C20DF1EB
:107DB000BF0BDFF864E2DFF85892CDE930C3914B96
:107DC000CDE932E3904BCDE93493904B4FF000096D
:107DD000369303F17453A3F52303A3F69243379329
:107DE0009DF880308DF8EC3001233A930023CDE9E3
:107DF0003823DA451AD03A9B1AF8011F03F5987216
:107E000001336A44402B3A9302F8441CF1D14046B6
:107E1000F6F7CCFFCDF8E890DDE9383213F50073C2
:107E200042F10002DA45CDE93832E4D10FB3013F27
:107E300005EB0709013D002701E0A94519D03A9B50
:107E400015F8011F03F5987201336A44402B3A93E9
:107E500002F8441CF1D14046F6F7A8FF3A97DDE955
:107E6000383213F5007342F10002A945CDE93832EA
:107E7000E5D141463046FFF705FE00200021604A6B
:107E8000634F01230DF17F053A93CDE93801614934
:107E90006148CDE930125B4ACDE932025A4ACDE958
:107EA00034725A4A0027369202F17452A2F5230224
:107EB000A2F6924237929DF840208DF8EC2003F50F
:107EC0009872AC426A4419D0013314F8011F402B58
:107ED0003A9302F8441CF2D14046F6F767FF0023BC
:107EE0003A97DDE9382112F5007241F10001AC4208
:107EF000CDE9382103F598726A44E5D1741E06F184
:107F00001F07002502E0A74219D03A9B03F598729B
:107F1000013314F8011F6A44402B3A9302F8441CC1
:107F2000F1D14046F6F742FF3A95DDE9383213F5D4
:107F3000007342F10002A742CDE93832E5D1414653
:107F40003046FFF79FFD4DB0BDE8F08F41466846D3
:107F50000AF07CFA0DF1C0089DF800204FF05C0E8D
:107F600036210BE798F800304444DFF8A8B0C24649
:107F70008DF8EC30013C224B0DF1C008264A244913
:107F8000CDE930B31F4BCDE932231F4B0022CDE9A1
:107F900034131E4B369303F17453A3F52303A3F656
:107FA0009243379301233A930023CDE93823A24526
:107FB0001AD03A9B1AF8011F03F5987201336A44EC
:107FC000402B3A9302F8441CF1D14046F6F7EEFEFE
:107FD000CDF8E890DDE9383213F5007342F1000284
:107FE000A245CDE93832E4D141466846FFF74AFD63
:107FF0009DF880109DF800209DF840E0BEE600BF8F
:1080000085AE67BB3AF54FA58C68059BABD9831F3E
:108010007F520E5167E6096A72F36E3C184B1F22BD
:1080200030B50546B1B093E80300D5F8A8400B90F1
:108030000DF131008DF8301000210EF071FD70222D
:1080400004F1200114A80AF001FA14A903A8FFF70B
:1080500019FD202203AB0CA804F5A4610092FFF7E0
:1080600065FE16230BA928462422FEF767FFE26867
:1080700061682846FDF764FE0023E36031B030BD3F
:108080002C0800202DE9F043CBB00E4617461D46C4
:1080900080460FF095FBDDF84C9104464FF480725A
:1080A00000210AA80EF03CFD8DF829908DF82A4099
:1080B000C4B90AAB2344DD70FDB963190AAA0124CF
:1080C0003146D0180533009313460471202202A8CC
:1080D000FFF72CFE4A4602A952980AF0B7F94BB0B6
:1080E000BDE8F083414622460DF12B000AF0AEF9BF
:1080F0000AAB2344DD70002DDFD0201D0AAB3946CA
:108100002A4618440AF0A2F9D7E700BF2DE9F04F3C
:108110000546C7B0202470220AAE05F120012AA826
:1081200005F5956B0AF092F92AA902A80C27FFF72A
:10813000A9FC2346744A05F59161744805F5996ACE
:1081400005F2F44905F21458CDE90064FFF79AFFEF
:1081500031466F4B224612A80094FFF7E7FD1AAB99
:1081600002AA12A96B48009323460194FFF78AFFE5
:1081700000231AA968481A460194CDF800B0FFF709
:1081800081FF00231AA965481A460197CDF800A07F
:10819000FFF778FF22AB02AA12A961480093234699
:1081A0000194FFF76FFF002322A95B481A46019450
:1081B000CDF80090FFF766FF00235A4E22A91A4619
:1081C00056480197CDF80080FFF75CFF3368032B1A
:1081D00007DC0023C5F88434C5F8803447B0BDE817
:1081E000F08F514B42F6C70250490420F1F7F4F9E1
:1081F0001AAB4F4A009323464E494F48F1F732FAE3
:108200003368032BE5DD484B42F6C702474904209B
:10821000F1F7E2F92346464A48494748CDF800B00D
:10822000F1F720FA3368032BD3DD3F4B42F6C70248
:108230003E490420F1F7D0F93B46CDF800A005F205
:10824000D44A3B4A3E493C48F1F70CFA3368032BC9
:10825000BFDD354B42F6C70234490420F1F7BCF9C3
:108260002346334A37493448CDF800A0F1F7FAF9EC
:108270003368032BADDD2C4B42F6C7022B4904209B
:10828000F1F7AAF922AB2A4A009323462E492A483D
:10829000F1F7E8F93368032B9BDD234B42F6C70265
:1082A00022490420F1F798F92346214A2749224818
:1082B000CDF80090F1F7D6F93368032B89DD1A4B1E
:1082C00042F6C70219490420F1F786F93B46184ADD
:1082D0001F491948CDF80080F1F7C4F9336805F556
:1082E000A466032B7FF775AF0F4B42F6C7020F4909
:1082F0000420F1F771F923460D4A16490E480096FD
:10830000F1F7B0F965E700BF744801200C4E00207A
:1083100058DF01201C4E0020304E00203C4E002033
:10832000484E00202C460120202C0020D86300203D
:1083300061CB00005C4E00206C4E0020744E00208B
:108340007C4E0020844E0020904E0020A04E002045
:10835000A84E0020B04E00202DE9F04FC9B02025D6
:10836000002204460CAE9A4B114604A8009504F571
:108370009167FFF7DBFC2B4604A9964A9648CDE9A6
:108380000065FFF77FFE3146944E04F1F0032A4664
:1083900038460095FFF7CAFC3368032B68DC70226F
:1083A00004F120012CA80AF051F82CA914A8FFF719
:1083B00069FB3368032B00F3FA8020251CAB394698
:1083C00014AA874804F5956B00932B46019504F594
:1083D000996AFFF757FE24AB394614AA81480C2747
:1083E00000932B46019504F2D449FFF74BFE00237E
:1083F0001CA97D481A460195CDF800B004F2F44856
:10840000FFF740FE00231CA978481A460197CDF8D3
:1084100000A0FFF737FE00231CA975481A460195F6
:10842000CDF80090FFF72EFE002324A96E481A46CF
:108430000195CDF80080FFF725FE04F214520023C9
:1084400024A96A4804F5A464039200921A4601978D
:10845000FFF718FE002324A965481A46CDE9004518
:10846000FFF710FE3368032B11DC49B0BDE8F08F35
:10847000604B42F6C70260490420F1F7ADF82B4685
:108480005E4A5F495F480097F1F7ECF887E7594B80
:1084900042F6C70258490420F1F79EF81CAB574A30
:1084A00000932B4658495748F1F7DCF83368032B03
:1084B000DBDD504B42F6C7024F490420F1F78CF840
:1084C0002B464E4A51494F48CDF800B0F1F7CAF853
:1084D0003368032BC9DD474B42F6C70246490420E7
:1084E000F1F77AF83B46454A49494648CDF800A09D
:1084F000F1F7B8F83368032BB7DD3E4B42F6C702FD
:108500003D490420F1F768F82B463C4A41493D4873
:10851000CDF80090F1F7A6F83368032BA5DD354BB5
:1085200042F6C70234490420F1F756F824AB334A27
:1085300000932B4638493348F1F794F83368032BFE
:1085400093DD2C4B42F6C7022B490420F1F744F887
:108550002B462A4A31492B48CDF80080F1F782F8A2
:108560003368032B81DD234B42F6C70222490420E6
:10857000F1F732F8039A3B462949009221481F4AF5
:10858000F1F770F83368032B7FF76FAF194B42F6A2
:10859000C70219490420F1F71FF82B46174A214951
:1085A00018480094F1F75EF849B0BDE8F08F114B20
:1085B00042F6C70210490420F1F70EF814AA20234E
:1085C000194900920F480D4AF1F74CF8F5E600BF43
:1085D00058DF0120744801200C4E00202C46012059
:1085E000D44E0020E84E0020304E00203C4E0020AB
:1085F000FC4E0020202C0020D863002061CB00001E
:10860000BC4E00206C4E00200C4F0020744E002009
:108610007C4E0020844E00201C4F0020A04E0020E5
:10862000A84E0020B04E0020C84E0020CAB30A4415
:108630002DE9F04104464D1E00F140080027561E6A
:1086400001E0B5422BD0D4F8D03015F8010FE21874
:108650000133802B82F84000C4F8D030F1D141467C
:108660002046F6F74DFCD4E9323213F5806342F12F
:108670000002B3F5806FC4E9323272F100020AD20F
:10868000D4F8C0300133C4F8C030D4F8C43043F15A
:108690000003C4F8C430B542C4F8D070D3D1BDE8EB
:1086A000F0817047F8B5D1F8D07080220D460446AD
:1086B000CB196F2F83F840206AD807D007F141000B
:1086C000C7F16F02084400210EF02AFA05F14006B6
:1086D000FA000020D5E932138918D5F8C02053F1EB
:1086E000000328BF0120C5E93213002846D1D5F880
:1086F000C40012BA85F8BB3009BA85F8B300C5F8D2
:10870000B4201A0AC5F8BC10314685F8BA201A0CF4
:108710001B0E85F8B920020C85F8B830030A85F8DD
:10872000B12085F8B230030E284685F8B030F6F750
:10873000E7FBA5F1080320462835DA7B083308302B
:1087400000F8082C9D42DA8800F8072C5A684FEA96
:10875000122200F8062C5A6800F8052CDA7800F886
:10876000042C5A8800F8032C1A684FEA122200F8E9
:10877000022C1A6800F8012CDFD1F8BD0132D5F8BF
:10878000C40040F10000C5F8C020C5F8C400B0E73F
:108790007B1C7F2B07D807F14100C7F17F020844FB
:1087A00000210EF0BDF905F1400628463146F6F7E6
:1087B000A7FB7022002130460EF0B2F988E700BF17
:1087C0002DE9F04FD7B0154608AAF6F735FD002879
:1087D00006DD9DF82030302B02D1DDE9091A21B9E0
:1087E0004FF0FF3057B0BDE8F08F50460BAAF6F7B8
:1087F00023FD061EF4DB9DF82C30A1EB0608564441
:10880000302BCDE90986EBD1DDE90C177B18A3EB02
:108810000A0305930029E3D038460EAAF6F70CFDAB
:108820000028DDDB9DF8383007440C1AA02BCDE979
:108830000C4700F0D482022BD2D10F9BDFF8449377
:10884000AB60109B6B60D9F80030032B00F33A82C9
:108850000C990029C4D00D9C0EAA2046F6F7ECFC1A
:108860000028BDDB9DF8383004440F1A302BCDE9C9
:108870000C74B5D10F990029B2D0DDF840B011AA1F
:108880005846F6F7D9FC0028AADB0BEB0003091ABF
:10889000CDE90F139DF84430062BA1D1D9F8003053
:1088A000032B069300F3CD81AD49DDE9122B584629
:1088B00007920EF089F8002800F0E881079A5846E0
:1088C000A8490EF081F8002800F0E081079A584688
:1088D000A5490EF079F858B1079A5846A3490EF009
:1088E00073F8069B002840F0FF82032B00F3D98227
:1088F0000023514605F11C0A059A20A854939FEDC8
:10890000867B8DED507B8DED527B9FED857B8DEDD4
:10891000207B9FED857B8DED227B9FED857B8DED13
:10892000247B9FED857B8DED267B9FED857B8DEDFB
:10893000287B9FED857B8DED2A7B9FED857B8DEDE3
:108940002C7B9FED857B8DED2E7BFFF76FFE20A9A5
:108950005046FFF7A7FE3023EB64D9F80030032B15
:1089600000F3A281002F3FF43BAF0EAA3946204608
:10897000F6F762FC0028FFF633AF9DF83830044468
:108980003F1A302BCDE90C747FF42AAF114678489A
:10899000FBF750FB002F3FF423AF0EAA39462046C9
:1089A000F6F74AFC0028FFF61BAF9DF83830044468
:1089B0003F1A302BCDE90C747FF412AF0F99B9B187
:1089C000DDF840A01DAA5046F6F736FC002804DB6F
:1089D0008244091ACDE90F1A51B120AA5046F6F780
:1089E0002BFC002804DB0AEB0003091ACDE90F1366
:1089F000219A604922980DF0E7FF0028C0F25C82BE
:108A0000002F3FF4EDAE0EAA39462046F6F714FCCF
:108A10000028FFF6E5AE9DF8383004443F1A302BAD
:108A2000CDE90C747FF4DCAE11465348FBF702FB32
:108A3000002F3FF4D5AE0EAA39462046F6F7FCFBD0
:108A40000028FFF6CDAE9DF8383004443F1A302B95
:108A5000CDE90C747FF4C4AE0F9900293FF4C0AE89
:108A6000109F14AA3846F6F7E7FB0028FFF6B8AEC9
:108A70009DF8503007440C1A302BCDE90F477FF496
:108A8000AFAE159900293FF4ABAEDDF858A017AA98
:108A90005046F6F7D1FB0028FFF6A2AE0AEB000322
:108AA000091ACDE915139DF85C30062B7FF498AEBA
:108AB000D9F800B0BBF1030F00F312812F49DDE9B3
:108AC000182A504605920DF07FFF38B1059A50469E
:108AD0002B490DF079FF002840F0528101232B60D3
:108AE0004FF0010A159900293FF47AAEDDF858B02D
:108AF0001DAA5846F6F7A0FB0028FFF671AE0BEB57
:108B00000003091ACDE915139DF87430062B7FF484
:108B100067AE39E0AFF30080000000000000000005
:108B2000D89E05C15D9DBBCB07D57C362A299A62AC
:108B300017DD70305A01599139590EF7D8EC2F15BD
:108B4000310BC0FF6726336711155868874AB48E0A
:108B5000A78FF9640D2E0CDBA44FFABE1D48B54754
:108B6000B0500020D8500020005100202851002093
:108B70008051002088510020C4510020E051002085
:108B8000085200202C460120002C3FF429AE1AAADE
:108B900021463846F6F750FB0028FFF621AE9DF837
:108BA00068300744201A032BCDE90F077FF418AE75
:108BB0001C9ABAF1000F00F00E811B9B0232023B9F
:108BC000C5E90323B8F1000F3FF40AAE41460EAAEF
:108BD0003046F6F731FB011EFFF602AE9DF8383045
:108BE0000E44A8EB0101302BCDE909167FF4F8AD56
:108BF00000293FF4F5AD20AA3046F6F71DFB00280A
:108C0000FFF6EEAD9DF880300644091A032B0A9654
:108C100009917FF4E5AD219B002B3FF4E1AD229A51
:108C20001478002C7FF4DCADD9F800100132013B40
:108C30000329C5E9052300F3F380204657B0BDE8BA
:108C4000F08FB34B42F65642B2490420F0F7C4FC11
:108C5000B149B248DDE91223F0F704FDB049DDE97E
:108C6000122B584606920DF0AFFE069A00286ED1E0
:108C7000D9F80030032B09DD0420A54B42F65942F8
:108C8000A449F0F7A9FCA748F0F7ECFC514605F120
:108C90001C0A059A5046FEF7E7FF2023EB64D9F83B
:108CA0000030032B7FF75EAE42F6704299490420F4
:108CB000974BF0F791FC5346EA6C97499A48F0F7C6
:108CC000D1FC4FE6924B42F6504292490420F0F715
:108CD00083FC91499548D5E90132F0F7C3FCB7E52B
:108CE0008B4B42F68F428B490420F0F775FC8A4982
:108CF0008F48DDE91823F0F7B5FC8E49D9F800B0AC
:108D0000DDE9182A504605920DF05EFE059A00280E
:108D100050D08949504605920DF056FE059A80BB09
:108D20000123BBF1030F2B607FF7DAAE0420784BF1
:108D300042F697427749F0F74FFC8048F0F792FCF3
:108D4000D5F800A0BAF1000F3FF41EAFCAE67C4987
:108D5000584607920DF038FED9F80030079A06936E
:108D6000002840F08680032B90DD0420684B42F6FB
:108D70005E426849F0F730FC7248F0F773FC85E713
:108D8000059A7149504605920DF01EFE059A00287D
:108D900057D10123BBF1030F2B607FF7A1AE5C4BD2
:108DA00042F69B425B490420F0F716FC6748F0F757
:108DB00059FCC5E70123BBF1030F2B607FF790AE91
:108DC000534B42F6934253490420F0F705FC6048A8
:108DD000F0F748FCB4E71B9B0132013BF0E6DDE90C
:108DE0000F10F6F729FA00287FF7FAAC0F9B012B3A
:108DF0007FF4F6AC109B1B78022B7FF4F1AC002CB7
:108E00003FF4EEAC21463846F6F716FA0028FFF696
:108E1000E7AC0744201A9DF83830CDE90C070AE585
:108E20003B4B42F6B8423B490420F0F7D5FB3A49A8
:108E30004848D5E90532F0F715FC204657B0BDE8A3
:108E4000F08F504644490DF0BFFD8246002840F0A7
:108E50009180BBF1030F28607FF796AE2C4B42F652
:108E60009F422C490420F0F7B7FB3C48F0F7FAFB8F
:108E700066E73B49584607920DF0A6FD079A002881
:108E80007FF42BAD069B032B7FF732AD0420204BE4
:108E900042F663421F49F0F79FFB3248F0F7E2FBCE
:108EA00026E504201A4B42F668421A49F0F794FB73
:108EB0002D48F0F7D7FB1BE5D9F80030002B7FF7E2
:108EC0008FAC134B42F67D4212490120F0F784FB30
:108ED0001149DDE92104DDE91E23CDE901040091FA
:108EE0002248F0F7BFFB7BE4002B7FF779AC084BFF
:108EF00042F66C4207490120F0F76EFB1C48064918
:108F0000DDE91223F0F7AEFB4FF0FF306AE400BF5B
:108F1000DC2B0020D863002061CB00009C50002097
:108F2000B0500020BC500020705100208C50002018
:108F3000CC510020E05100200852002014520020A3
:108F4000D8500020E4500020305200203852002039
:108F5000EC51002084520020505200205C5200202E
:108F6000005100200C510020345100209851002065
:108F700050510020BBF1000F7FF732AC064B42F698
:108F8000A14206490120F0F727FB05490548DDE924
:108F90001823F0F767FB23E4DC2B0020D8630020C4
:108FA00061CB00006C52002008B5F0F7C7FA034A05
:108FB000D2E90032C01842EB010108BDF081012066
:108FC00038B504460D46084609B10EF0F9FBC4E970
:108FD0000050204638BD00BFC0E90012704700BFF6
:108FE0002DE9F04184B01E466C4604AD84E80C00C7
:108FF00005E903000846A9B383B3029D1346741E16
:109000004A1E05F1FF3C03F1FF3E2C44AF1804E07B
:1090100024DBBC4526D0644520D062461CF8013FC5
:10902000A3F1410003F1200819461EF8013F192859
:1090300002F10202A3F1410098BF5FFA88F103F147
:1090400020081928A2EB050098BF5FFA88F38B422D
:10905000DEDD4FF0FF3004B0BDE8F081012004B048
:10906000BDE8F08186424FF0FF3098BF002004B089
:10907000BDE8F0812DE9F04FD3F81480E5B01C462F
:1090800007460E469246B8F1000F7CD0002300221E
:1090900011930023CDE91423BAF1000F3ED05046BE
:1090A0000DF158090EF08CFB18ABCDE918A048461D
:1090B00093E80600E368F8F781FFAC493046FBF718
:1090C0005DFC002868D0D0E90021A948FEF7F6FB36
:1090D0008346002860D0A7490DF0E8FF002858D04B
:1090E0005346A54A642132A8FDF7E0F80821012083
:1090F0000BF028FD054600284BD0D8F80830012198
:1091000032A89847C5E9000800283FD058460DF11D
:10911000C80A0BF07DFD01230C9350E018AA0DF155
:109120005809E3684846CDE918AA06CAF8F746FF89
:10913000D4F810A0BAF1000F61D0082101200BF083
:1091400001FD0546002800F0F1815046D8F80830AE
:1091500001219847C5E90008002800F0DE81D4F815
:1091600010A0BAF1000F00F0A88150460EF028FBC5
:109170001AAAE368CDE91AA0484606CAF8F71EFF06
:1091800000230C931BE0DFF81C827FE728460BF0DE
:109190003FFD58460BF03CFD082101200BF0D2FCAE
:1091A00005460028C4D0D8F8083001215046984719
:1091B000C5E90008002800F0C68100230C93504642
:1091C000D8F8003014AA11A9984710BB6B4B4FF484
:1091D000CA71A2683846FDF717FED5E90003DB68BF
:1091E0009847284665B0BDE8F04F0BF011BD1AAAAC
:1091F0004846E368CDE91AAA06CAF8F7DFFE5F4BD6
:109200004FF4CA71A2683846FDF7FEFD65B0BDE8AF
:10921000F08F119B40215A4A22A802930023DDE9D6
:1092200014AB0393CDE900ABFDF740F85549304648
:10923000FBF7A4FB824670B122A80EF0C1FA22AA65
:109240001CAB1D901C929AE803000CCBFFF7C8FEE4
:10925000002800F0F680119B4FF0000A4A49304682
:109260000B93CDE912AAFBF789FB8DF82CA130B343
:10927000D0E90032062A21D9063A44499B460F9488
:109280000E929A1D0D920D9B0BEB0A00062203EB2A
:109290000A0420940DF098FBA446002800F0868074
:1092A0000AF1010A0E9B39499A45ECD10F9C002026
:1092B0000B99C822364B0DF5967B05E050460B996D
:1092C000C822334B0DF5967BCDF81CB0CDE90410C8
:1092D00022A9304802910C99D4F808C02E4C0029DC
:1092E00008BF2046BCF1000F08BFA44606903846D0
:1092F000CDF820C0D9F804100091D9F800100191E0
:109300002649FDF769FDD6E9004EBEF1000F21D0D8
:10931000013CDFF894C04823002107E0714500F0CC
:10932000C980042900F09C801CF8013F14F8012F2B
:109330000131A2F1410610462032192EA3F1410657
:1093400098BFD0B21A46192E03F1200398BFDAB2A3
:109350008242E3D0124B0B9AC7F88450C7F8A4207E
:10936000C7F8803065B0BDE8F08F00BF3C400020FA
:10937000583E00204C6200204C4000201441002048
:10938000D03E002054400020644000206C4000206B
:10939000EC3F002020400020B8500020BC400020BE
:1093A000312D0100044601200C410020A346DDE9D7
:1093B0000E34B3EB0A0A5ED05A460BF1010B137858
:1093C0002D2B00F0858001308245F5D11EAB12AA0D
:1093D000CDE91ECA93E80300FBF7E8F98246BAF12B
:1093E000000F3FF46BAF0B9B5A1E1392129B9342DC
:1093F0004BD80B9991428CBF4FF0000A4FF0010AF5
:10940000BAF1000F41D10B990DF5967B0D9358469B
:10941000CDE9041AC3F10101CDE9003A8B186421AA
:10942000CDE9022A4B4A0B93FCF740FF0D9BD8F87D
:1094300018201946286890470B995046464BCE2273
:1094400042E7D5E90003DB68984728460BF0E0FBCC
:10945000424BA2684FF498713846FDF7D5FCD5E62B
:10946000BEF1040F3FF676AF97F8AE306FF300030E
:1094700087F8AE30B1E620ABCDF884A012AA93E80D
:109480000300FBF793F98246A9E74FF000080B9B16
:109490000DF5967B324A642100935846CDF804803E
:1094A000FCF704FF41462F4B4FF4D0724046CDF8F5
:1094B0002C8009E70429D7D04CE71AAAE36848466C
:1094C000CDE91AAA06CAF8F779FDCDF830A076E6FC
:1094D0001EA98245AAEB0003C1E900C037D9013BB0
:1094E000CDF880B012AA0D9303C9FBF75FF90D9B6D
:1094F00083468246002B3FF472AF219320AB13AA20
:1095000093E80300FBF752F900283FF468AFBBF182
:10951000000F3FF468AF139A68E728460BF078FB1A
:10952000D4F810A0BAF1000F3FF461AE50460EF02F
:1095300047F91AAA03464846CDE91AA3E36806CAC2
:10954000F8F73CFD5BE628460BF062FBF0E5209265
:10955000C8E700BF9440002010400020B850002011
:1095600074400020F03F00202DE9F04F85B0074601
:109570001E4604AD6C4605E903000E99154684E8C5
:109580000C00039C11B10023C1E900334FF0000C23
:109590004FF00109E64662466346E046B34218D3FF
:1095A000A2425DD2BCF1000018BF0120A44588BFD3
:1095B0000020002845D015F80E30232B02D0BB5CCC
:1095C0002F2B3DD009B10B686BB373466246B34293
:1095D000E6D2A242E85C1AD23F282DD02A281AD01F
:1095E000232814D017F802A007EB020B8245D9D12B
:1095F00019B3086808B3D1F804A0BAF1000F1CD160
:10960000ABEB0000C1E902AA4860083115E02A2846
:1096100001D02328C6D109B10868A8B19E4602F13D
:10962000010C0133BAE74B68002BCED141F8043C62
:10963000624608397346B1E751B901330132ADE7EB
:10964000002005B0BDE8F08F4860B8180860E5E775
:10965000B818C1F80C80C1E9019808600831ECE73E
:1096600041B10C6834B14B6823B9BB1801201B1BF6
:109670004B60E6E7012005B0BDE8F08F2DE9F04131
:1096800094B004AD1A9C85E8030002A9534881E810
:109690000C00232108AA06AB0690079100920CCB80
:1096A00095E80300FFF760FF002873D0DDE90A6347
:1096B000DDE90250DBB1A8B1013B471E721E691EF5
:1096C00006EB0308374403E0904510D0974209D0D9
:1096D000134611F801CF12F801EF0233E645A3EB70
:1096E0000603F1D04FF0FF3014B0BDE8F08198428E
:1096F000F8D8DDE90E63C3B10028F3D0013B471E63
:10970000691E721E06EB030E374403E072450CD04F
:109710009742E7D0134611F8015F12F801CF0233E8
:10972000AC45A3EB0603F1D0DCE79842DAD80D9DF7
:10973000012029460BF006FA06460028D2D00C9BE1
:109740001D44AB4234D203F1FF3E013D00232448C7
:1097500004E0AE45F15403F101030ED01EF8011FE1
:10976000A1F1090C5FFA8CFCBCF1170F40FA0CF266
:10977000EFD8D207EDD4AE45F0D119463246304687
:10978000FAF77EFD034610B30020C4E9006314B06D
:10979000BDE8F081DDE9048616B1B8F1000F09D10A
:1097A000002637460020C4E9007614B0BDE8F081F9
:1097B0000023E2E70546711C01200BF0C3F90746C0
:1097C00048B14146324608F041FEBD55EAE7304611
:1097D0000BF01EFA86E70646E4E700BFB843002018
:1097E000ECFF7FFF2DE9F04F87B0039306AC109B91
:1097F000012B04E903007DD0022B09D0042B00F0DB
:109800001681082B00F03381002007B0BDE8F08FEF
:109810004FF6FF7C0025DDE904430093002A71D157
:10982000012BF1D92778302F00F00C811CEB0501BA
:1098300091484FF0CC3602F1010E41F10001A644EF
:109840001444A0FB0139002329F0030808EB990810
:10985000A1EB0801BCEB010101FB06F665F1000874
:1098600000FB0866A1FB001006444FEA51091946A7
:1098700049EAC6794FEA560A01E01EF8017B303FFB
:109880008E00980001325FFA87FB46EA9376BBF1BF
:10989000090F4FEAE778B7D899457AEB010BB3D3B4
:1098A000C018AEEB040B41EB060600187641BCEB8A
:1098B000070165EB08038142B341A5D33B1800982B
:1098C00048EB06019042D8D85E46009882429BD170
:1098D000002E99D0109A012A00F0C280109A022A14
:1098E00000F0BA80109A0120042A039A136018BF6E
:1098F00051608AE7DDE904434FF0FF0C0025009337
:10990000002A8DD00A2A00F09680102A3BD0022A25
:109910007FF47AAF4FF0000A009B53457FF674AF97
:10992000013B4FEA5C0B0AF1FF306A08E3184BEA8F
:10993000C57B20440192029300231946024610F889
:10994000017F303F0232FEB2121B4FEAE77E012E4A
:109950003FF65AAF9B45019E8E41FFF455AFDB1891
:10996000A2EB0A064941BCEB070965EB0E089945D5
:1099700078EB0108FFF448AFFB18029F4EEB0101A2
:10998000B842DBD1A1E74FF00009009B4B457FF6C1
:109990003BAF009B4FEA1C1B09F1FF3E2A09013B2C
:1099A0004BEA057BA6440192E31802930023194673
:1099B00022E030464FEAE6789B45019E02F1020222
:1099C0008E414FEA0111A2EB0402FFF41DAF41EA00
:1099D0001371BCEB000A4FEA0313A2EB090665EB17
:1099E00008079A458F41FFF40FAFC318029848EB60
:1099F000010186453FF469AF72461EF8016FA6F17A
:109A00003007A6F1410A38464FEAE778FFB2092F3E
:109A1000D2D9BAF1050FA6F16107A6F15700A6F158
:109A20003706C6D9052F4FEAE078C5D9ECE64FF0E6
:109A3000FF3C0025EFE6009B002B3FF4E5AE2778C6
:109A40000022F3E66778622F03D0782F0CD0012232
:109A5000ECE64FF0020A5FE7039A01201380D4E698
:109A60001046039A1370D0E64FF002098DE74FF0CD
:109A7000FF3C6546CFE600BFCDCCCCCC2DE9F04F06
:109A800087B00D46CDE90223002968D0012B5AD9B1
:109A900002F1FF38924604464FF0020B98441346F9
:109AA0000022C3F101090DE02B2902D1109B002BEC
:109AB00044D18AF800100132954235D90AF1010AE1
:109AC000C24542D0A15C09EB0A062529ECD1971CBE
:109AD000AF420BD20132A15C2244A1F1300009282F
:109AE00009D921F020014139052904D94FF0FF306F
:109AF00007B0BDE8F08FE15DA1F13000092804D97D
:109B000021F0200141390529F0D8012306A9CDE92A
:109B1000042B00931022534611E90300FFF762FE65
:109B20003A4601329542C9D8039BB342DED900239D
:109B3000029A3046935507B0BDE8F08F4FF02003EE
:109B40008AF80030B7E700263246039BB342CDD9EE
:109B500000230299AA428B55C8D33046EBE7039BFA
:109B6000002BC3D0029B28461D70C1E7F0B5044608
:109B700087B00D461F46164602B3FBB10023137093
:109B800023682BB325B3636813B328460DF018FE82
:109B90002B46009002A894E80600FAF76BFE0298A4
:109BA00090B101243B46324603990094FFF766FFCB
:109BB0000028B8BF6FF0020007B0F0BD0EB1002F53
:109BC000DED16FF00100F7E76FF0030007B0F0BDE2
:109BD0004FF0FF30F0E700BF2DE9F041022986B0D9
:109BE0004FF00004039441DD98460D4606461746A3
:109BF000431E13F801EFAEF130022EF0200C092ABB
:109C0000ACF1410C36D9BCF1050F33D9ACB3082CFB
:109C100033DCA54231DDBEF10D0F2ED133195B7857
:109C20000A2B2AD1042306A91022009303ABCDE905
:109C3000046411E90300FFF7D5FDF0B1039B002B8D
:109C40001BDB2D1B033DAB4210DA1A19324491780D
:109C50000D2912D1D2780A2A0FD1023418193C608A
:109C6000C8F80030023006B0BDE8F081002006B030
:109C7000BDE8F0810134A542BBD14FF0FF3006B002
:109C8000BDE8F0812DE9F04F90F8AE70ADF50B7D99
:109C900017F0010740F0948004468B462FE0BE4940
:109CA00004A8FAF76BFE002800F0D0803E44859BA4
:109CB000AD1B9D42C0F0BE809F1994F8AC305A078E
:109CC00005D594F8AE3043F0010384F8AE30D4F8F3
:109CD00080301BB104AA0B2120469847A36F1BB10B
:109CE00004AA0B2120469847D4F8AC20AB4B134074
:109CF000042B69D094F8AE30DB0700F19B80D4F8D8
:109D00004080B84540F29680A06BA8EB070104AAFA
:109D1000C5192846FAF752FE061EC0F2B48100F0BB
:109D20008980D4F880301BB104AA0A2120469847C4
:109D3000A36F1BB104AA0A2120469847256CA845A9
:109D400040F0C481BBF1090F06D1849AEB1B8899BE
:109D50008993521A9B1A8593914904A8FAF70EFE2B
:109D600000289CD0D0E90038B8F1000F24D003F1CE
:109D7000FF3CDFF850E26323002107E0884500F054
:109D80006381072900F0FA801EF8013F1CF8012FBB
:109D90000131A2F1410910462032B9F1190FA3F1A6
:109DA000410998BFD0B21A46B9F1190F03F1200347
:109DB00098BFDAB28242E1D07A492046FDF76EF8C8
:109DC0000DF50B7DBDE8F08F774904A8FAF7D6FDB5
:109DD00000288FD0D0E9005EBEF1000F8AD0013D8F
:109DE000DFF8E4C16323002104E0052900F0468187
:109DF0001CF8013F15F8012F0131A2F14106104670
:109E00002032192EA3F1410698BFD0B21A46192E5E
:109E100003F1200398BFDAB282427FF46BAF714541
:109E2000E3D105297FF466AF94F8AD3043F0100319
:109E300084F8AD30002FC3D03A46002104F1380039
:109E4000FBF716F90DF50B7DBDE8F08F049B48225A
:109E5000DFF8789103F1050A9C46019307E0002999
:109E600000F0F680E24500F0F38019F8012F1CF8AD
:109E7000011BA2F1410E1046A1F141080B46B8F1B9
:109E8000190F98BF01F12003BEF1190F98BF02F11D
:109E900020001B1AE3D0DDF814909846B9F1000FAA
:109EA0003FF404AF019B0021DFF824A1013B1A46D7
:109EB00001935023944607E0894500F01881042956
:109EC00000F00F811AF8013F1CF8012F0131A2F1B7
:109ED000410E10462032BEF1190FA3F1410E98BF7A
:109EE000D0B21A46BEF1190F03F1200398BFDAB2BF
:109EF0008242E1D0DDF804C05023DFF8D8A0002171
:109F000004E0032900F0F9801AF8013F1CF8012F42
:109F10000131A2F1410E10462032BEF1190FA3F11A
:109F2000410E98BFD0B21A46BEF1190F03F12003BB
:109F300098BFDAB282427FF4B9AE8945E1D80329ED
:109F40007FF4B4AE374494F8AC30990740F18E807A
:109F5000164B1B68002B0FDD154B0120154940F6F1
:109F60008312EFF739FB1449144B1548B8F1000F71
:109F700018BF1946EFF776FB256C97E6B8F1070F87
:109F80003FF61AAFF319A26BED1B4FF0000802EB7E
:109F90000309A5EB060A21E0B838002004000100FF
:109FA000A43800209C380020F83800202C460120DE
:109FB000702E0020D8630020543800201C49002057
:109FC000C83800209438002004390020DC3E0020EE
:109FD000FC3E0020F83E0020039DA5B1AAEB08013D
:109FE00009EB080003AB02AAFFF7F6FD0028804446
:109FF000F2DC3FF41FAF4A492046FCF74FFF002F29
:10A000003FF4DEAE18E78595899610E002998598B1
:10A010002944039A48441D4449440CF005FD039B20
:10A020008599899A19441A44859189924BB103AB59
:10A03000AAEB050102AA09EB0500FFF7CDFD031EFF
:10A04000E4DC35442F4438E6B8F1070F9AD0B3E684
:10A05000069898460AF072FDCC2818BFC7288BDDF9
:10A06000B0F5987F7FF46FAF256C1FE62D4B40F263
:10A070009B1120461A46FCF7C7FE69E7BEF1050FA3
:10A080003FF638AED0E6284B1B68002B0ADD274987
:10A090000120274B40F65612EFF79EFA216C254817
:10A0A000EFF7E0FA236C284694F8AD20D91B42F074
:10A0B0001002102984F8AD2028BF1021FBF7CEFB39
:10A0C000002323640DF50B7DBDE8F08F164B1B6854
:10A0D000022B18DC0023C4F880300DF50B7DBDE8A1
:10A0E000F08FB9F1040F3FF605AF37442BE7B9F114
:10A0F000040F7FF4FFAE374425E7B9F1030F3FF6B5
:10A10000D5AD37441FE709490320094B4FF41662C8
:10A11000EFF762FA616B0848EFF7A4FADAE700BFDD
:10A12000E8380020B85000202C460120D8630020D9
:10A13000702E0020603800207838002007290ED0CB
:10A1400009290CD0022900D0704741F20403B0F86D
:10A15000AC201340042BF7D1036C002BF4D0FFF795
:10A1600091BD00BF2DE9F04F89B00D4617469946C5
:10A1700004AC84E80300002958D0ABB103EB02081B
:10A18000064613460024DFF8A8B0DFF8A8A0325D29
:10A190005C2A0DD001341A70C7F10102A5421A449D
:10A1A00027D901339845F2D1002009B0BDE8F08FDE
:10A1B000611DA94225D2611C705C752823D00C4614
:10A1C000A542E8D9305D6222194903E011F8012F58
:10A1D000002AE9D09042F9D1A1EB0B011AF8012035
:10A1E000002AE1D001341A70C7F10102A5421A44D5
:10A1F000D7D89145D8D900230120BB5409B0BDE878
:10A20000F08F0134DCE7A21C08A9039332440692C4
:10A210000422079201220092102211E90300FFF7A5
:10A22000E1FA0028C0D00634039BB5E70A46E0E710
:10A23000E4430020DC4300202DE9F04F8DB00E46B2
:10A24000144604AF87E8030000297FD006F1FF3EE3
:10A250000546411EDFF80CC2864400F108086C2355
:10A2600006E0704500F0898040457AD01CF8013F37
:10A270004A78481CA2F1410A91462032BAF1190FDE
:10A28000A3F1410A98BF5FFA82F91A46BAF1190F91
:10A2900003F1200398BFDAB28B1C01464A45A3EBB9
:10A2A0000503DED0224697E80300F4F719FD804647
:10A2B000002852D1022EA0742B7861D800272A22C0
:10A2C000AB46BA46B94603921FE023F02002413A5A
:10A2D000052A1ED93A2B40F0B08007F101092FB1B1
:10A2E0001BF8013C3A2B71D00AF1020ABAF10E0FA9
:10A2F00033D84FF0000204EB0A034F465A7004F8BB
:10A300000A20B74278D21BF8013FA3F13002092A94
:10A31000DBD80023069309F103039F421DD80423D1
:10A32000013708A91022009305EB09030893A7EB56
:10A330000903099306AB03C9FFF754FA069A04EB25
:10A340000A03110A04F80A105A70DAE74FF00108FC
:10A35000116051609160D160E17440460DB0BDE87C
:10A36000F08F092E9ED84FF001083D4A0023404649
:10A370002260E3740DB0BDE8F08F092B92D1F2E7B3
:10A380005B2B02D16B78023E01350D2E96D93A2B0C
:10A3900094D16A783A2A91D1AB793A2B4BD1691C86
:10A3A000681D11F8012F02F0DF02462A86D188428B
:10A3B000F7D1EB1D22460A93F31F0B930CAB13E965
:10A3C0000300F4F78DFC50B92B7877E7012F03D009
:10A3D0001BF8023C3A2BC0D0CDF80CA086E7002336
:10A3E00022684FF6FF718046A360236063600123FB
:10A3F0006181E260E374B0E7BAF10D0F17D8039BF7
:10A400002A2BAAD0BAF10D0F11D803F10E00E518CE
:10A410000AF10202A0EB0A002946D21A20440CF0ED
:10A4200003FBCAF10E02002128460CF079FB012340
:10A430009846E37491E7134640E7252B8DD1791CAC
:10A44000721E04F1120306A82944D21B0124CDE98F
:10A45000061200940A2203C8FFF7C4F980467CE77D
:10A460007F000001DC3D00202DE9F8430468B4B30F
:10A4700016469846D4E9043153EA010231D1A16964
:10A4800001F00603022B3FD0D4E90207851947EB00
:10A490000802AE4278EB0203C4E9045241D3A16939
:10A4A000AE469446B6EB050968EB0203484577EBE8
:10A4B000030303D315EB000E42EB070C656AC4E9F6
:10A4C00004EC01F00503042B03D0D4E907309847CE
:10A4D000A16941F00401A1612C46002CCAD1BDE85C
:10A4E000F883D4E90207351847EB08029D4272EB66
:10A4F000010CCED39E4278EB010C12D3AE469446AB
:10A500001D460A46A169CDE7D4E90207351847EB95
:10A510000802AE4278EB0203C4E90452C0D2656A75
:10A52000CFE7646A002CA5D1D9E700BF2DE9F0413F
:10A5300006468CB00D4601204FF4A8610AF002FBDC
:10A54000002800F0088196F8AC304FF000088349ED
:10A55000044613F0020F63F03F03C0F8488014BFB5
:10A5600000220722EF6902702A6A86F8AC30C0F830
:10A5700010217B4B7B4AC6F8A800C0E908237A4B20
:10A580000022C0E90A13794B7948C4E90C03794BDE
:10A59000A36303F17453A3F52303A3F69243E36388
:10A5A0000023C4E91023002F56D16B68002B61D122
:10A5B000AB68002B74D0704B0B2705F10801CDE977
:10A5C000063704F58C73009306AB03C90CCBFFF779
:10A5D00055F8002871DB2B69002B00F0AF80674B2A
:10A5E000103508930E23099302AB009308AB95E84E
:10A5F00003000CCBFFF742F8002840F08380039B58
:10A60000262B6BD9029D2B78302B40F08A8095F950
:10A610000130002BC0F2858005225949A81C0CF09E
:10A62000D3F968B1574B1B68002B09DD0120564B4D
:10A6300042F6C1625549EEF7CFFF5548EFF712F8E1
:10A640002022E91D04F594700CF0EEF928460CB0B8
:10A65000BDE8F0410AF0DCBAFC2F4CD8FD22A96914
:10A6600004F5A47027440CF079FB6B6887F84881E7
:10A67000002B9DD0404A0B23CDE9042304F59072B2
:10A6800004AB00920CCB95E80300FEF7F7FF00281F
:10A690008EDA3C4B1B68002B54DC0CB0BDE8F0811B
:10A6A000384B1B68032BF8DD0420374B42F6A562BC
:10A6B0003649EEF791FF37480BE0324B1B68002B11
:10A6C000EBDD0120304B42F6AB623049EEF784FF00
:10A6D00031480CB0BDE8F041EEF7C4BF294B1B6810
:10A6E000002BDADD0120284B42F6B7622749EEF74E
:10A6F00073FF2A48EDE72A4930460CB0BDE8F04127
:10A70000FCF7CCBB274B02AA0B970A930CAB009229
:10A7100095E8030013E90C00FEF7B0FF80B9224969
:10A72000EAE7184B1B68002BB7DD0120164B42F6F9
:10A73000BD621649EEF750FF1C48CAE71C49DBE72B
:10A740001C49D9E70120104B42F69F620F49EEF7F2
:10A7500043FF1148BDE71849CEE700BF72F36E3CD6
:10A7600085AE67BB67E6096A3AF54FA58C68059B1D
:10A770007F520E51ABD9831F484F0020B44F0020A9
:10A78000045000202C460120442B0020D8630020D8
:10A790000C500020704F0020544F0020C44F002068
:10A7A000344F00202C50002038500020E04F002073
:10A7B000884F0020645000202C4F002090F8AD30CE
:10A7C0002DE9F0435FEAD31985B006469046D0F8EC
:10A7D000A85057D0EA6862B32F1D03E0FAF748FC8F
:10A7E000EA6842B369683046FBF7AAFA04460021DA
:10A7F0003846002C2246F1DCEB685B1A18BF0123B7
:10A80000A21C96F8AD2018BF002363F3C712234B98
:10A8100086F8AD201B68032B17DC631C05D0B9F14B
:10A82000000F0CBF44466FF00104204605B0BDE8A0
:10A83000F0836FF0010496F8AD306FF3C71386F81C
:10A84000AD30164B1B68032BE9DD42F6E562144B75
:10A8500014490420EEF7C0FEB9F1000FEB68009434
:10A8600018BF542296F9AD0008BF7422716B0028FE
:10A8700001924246B4BF5420742002900A48EEF779
:10A88000F1FECAE7B2F5007F4FF0170328BF4FF47F
:10A8900000784246FCF752FB9CE700BF2C460120A3
:10A8A000E82E0020D8630020C8520020F8B50546E5
:10A8B0000C461746D0F8A860FCF7A0FC002817DB70
:10A8C000337FAA6E172B716921D194B18FB12046C5
:10A8D000B4691144BC4228BF3C4622460CF0A4F89F
:10A8E000D6E905312344091BC6E9053119B12046D3
:10A8F000F8BD0020F8BD284650F8683FB3F80320A3
:10A9000052BA053292B2FAF7B3FB2046F0E70021C3
:10A9100005F16800B161B2F803305BBA5A1D92B21A
:10A92000FAF7A6FB6FF00100F8BD00BFD0F8A83021
:10A9300030B5044683B0EBB19969D0E90F23B1F586
:10A94000401FA2EB030228BF4FF440118A420CD3F0
:10A95000A16B01B119442046FFF7A8FF431C0190E9
:10A9600026D000280ADC03B030BD19443830FAF78D
:10A9700073FAB0B1D4E90F23D21AE9E7236CD4F803
:10A980008050034423641DB101AA07212046A84733
:10A99000A36F002BE7D001AA07212046984703B0F8
:10A9A00030BD0649204603B0BDE83040FCF776BA1A
:10A9B00003492046FCF772FA03B030BD304F002047
:10A9C000443800202DE9F04F83B00446012016469C
:10A9D0000091382198460AF0B5F802210546002773
:10A9E000F6F710FB0121C368A860009AC3E9007163
:10A9F00083688B4240F0EA8121461F4C84602846E0
:10AA0000F6F72EFF42463146019006462846F6F7F5
:10AA100027FF80462846DDE90C12F6F721FF3B466A
:10AA2000B6F9042037466FF040460090F9680020E0
:10AA3000324451F822200121013209F0C3FEBB68E3
:10AA40000246EF60012B40F0C18139462846BC60C8
:10AA5000F7F774FB8368A861012B40F0B781B8F960
:10AA60000410D8F80C300E4484601F2453F82620BC
:10AA70004FF0004306E000BFAA55FF7F013C5B0892
:10AA8000601C04D01A42F9D0013904EB41140121B1
:10AA90002846F6F7B7FA4FF0010AC36804210646C4
:10AAA0005046C3F800A00AF04DF8009B07466862C4
:10AAB000B3F904102846F6F7A5FA009B8146C06852
:10AAC000B3F90420D968920007F0C0FC6B6AC7F89C
:10AAD00000901B68C5F828A09A68524540F076811E
:10AAE000DFF8EC923046C3F80890002C2346D8F8E3
:10AAF0000C2004F01F06B8BF04F11F0361424FEAA7
:10AB0000631301F01F0152F823C0324658BF4A4276
:10AB1000002A40F357810023012701337F009A4226
:10AB2000FBD11CEA070F40F0FE8083684B4501D043
:10AB300001338360024601462846013CF7F792FB49
:10AB400095F834300146284605EB8303DA68F8F7B8
:10AB5000C3F9002CC9DA0646D5E909E4002C1EDD4C
:10AB60000021DFF86CC2AEF10400B2460F4650F887
:10AB7000042F9368634540F029812B6B6E6803F1C5
:10AB80000109EB6A9760013B16606A60002BC5E91A
:10AB90000B39C0F21B810131A142E8D15646704603
:10ABA0000AF036F800988A4A836893420FD0013B36
:10ABB000002B83600BDC2B6B69685A1CEB6A01600D
:10ABC000013B2A636860002BEB62C0F2FF80D8F87B
:10ABD00008307F4A934212D0013B002BC8F808305E
:10ABE0000DDC2B6B69685A1CEB6AC8F80010013B3E
:10ABF0002A63C5F80480002BEB62C0F2E7800F9A4D
:10AC000000210E98541E0BF08BFFB6F90430002B78
:10AC10001EDD00274FF0FF0CA946DDF838E0B80034
:10AC20000EEB04010022F368013C1D580CFA02F3FC
:10AC300003EA050343FA02F301F8013907D40832A5
:10AC4000202AF0D10137B6F904309F42E7DB4D46A8
:10AC5000B3685F4A93420FD0013B002BB3600BDC1B
:10AC60002B6B69685A1CEB6A3160013B2A636E608A
:10AC7000002BEB62C0F2AA800198554A8368934288
:10AC80000FD0013B002B83600BDC2B6B69685A1CD7
:10AC9000EB6A0160013B6860002BC5E90B32C0F232
:10ACA0009580D8F808304A4A934211D0013B002BD6
:10ACB000C8F808300CDC6B68C8F800302B6BC5F89E
:10ACC000048001332B63EB6A013B002BEB627DDBDD
:10ACD00000983F4A836893420ED0013B002B83606B
:10ACE0000ADC6968D5E90B320160013B013268601A
:10ACF000002BC5E90B3269DBB368354A93420ED0AD
:10AD0000013B002BB3600ADC6968D5E90B32316086
:10AD1000013B01326E60002BC5E90B3256DB00208F
:10AD200003B0BDE8F08F24EAE477BC4207F1FF3AB4
:10AD30004ADB4FF0000B83684B4501D00133836041
:10AD4000024601462846F7F78DFA95F83430014659
:10AD5000284605EB8303DA68F8F7BEF8D8F80C202C
:10AD6000631152F82310A6B10023012201335200CF
:10AD70009E42FBD10A4218BF0BF1010BA74204F11E
:10AD8000FF3418BF4FEA4B0B544504D004F01F06A4
:10AD9000D1E70122EEE7BBF1010348BF5B465B1040
:10ADA0009B006A6A014628465446D258F7F75AFA79
:10ADB00095F834300146284605EB8303DA68F8F746
:10ADC0008BF8C6E60127ACE60023EAE708F01AF99B
:10ADD000AA55FF7F2DE9F04F91B0904689461C4659
:10ADE0001B9A8246B2F9021092F9017011F11F020A
:10ADF0000491D3E9043648BF01F13E02F51842F34D
:10AE0000471B7BB16A1E701E4FF0010E4FF0000C05
:10AE1000134602F801EF00F801CF023321695B1BF2
:10AE20009942F5D831462046F4F7BCFE236900224A
:10AE300029462046EA5422696368013298473A4617
:10AE40005146204663689847636842464946204613
:10AE50009847324631462046F4F7D0FE3146204628
:10AE6000F4F7A0FE636822692946204698472A46DF
:10AE700031462046F4F7C2FE31462046F4F792FEF2
:10AE80002369012229462046EA5422696368013277
:10AE900098473A465146204663684FEA8B079847E1
:10AEA0006368424649462046984732463146204626
:10AEB000F4F7A4FE31462046F4F774FE6368226975
:10AEC0002946204698472A4631462046F4F796FE02
:10AED000049B4FF0FF32C3EB4B131BB222FA03F378
:10AEE00006930BEB020310AA02EB830307934FEACE
:10AEF0004B130593402303934FF0000B314620463C
:10AF0000F4F750FE636822692946204698472A468E
:10AF100031462046F4F772FE2369002BEED00BF188
:10AF200001010BF140024FFA81FB6A442978BB45CD
:10AF300002F8201C12DA03F1FF3C2A46AC440BF164
:10AF400001030BF14001944569445BB2D6D012F87D
:10AF5000010FBB429B4601F8200CF0DBDDE9043217
:10AF6000934206DA079A069952F8203C0B4042F8C1
:10AF7000203C1B9B42464946504601931A9B009336
:10AF800008ABF8F7ABFE834638BB31462046F4F7F2
:10AF900009FE23692946204605F803B02269636843
:10AFA00001329847324631462046F4F727FE3146B3
:10AFB0002046F4F7F7FD6368226929462046984742
:10AFC0002A4631462046F4F719FE039B013B0393C2
:10AFD00092D1584611B0BDE8F08F4FF0010B5846A2
:10AFE00011B0BDE8F08F00BF2DE9F04FFBB06F4A04
:10AFF0000026D0F8A84023AF88468146D2F85011E9
:10B00000D2F84C013B4692F854214FF0200A38AD5B
:10B0100003C331461A700DF1950049220BF080FDF3
:10B020007C22314639A83896CDE90B66CDE90D660C
:10B03000CDE90F66CDE911660BF072FD7022314645
:10B040005EA80BF06DFD5A4B3C223146589314A874
:10B05000584B5D9513AD5993574BCDF870A15A934A
:10B06000402313965B930BF05BFD42460BA94846C9
:10B07000FCF768FD514B52460BA9009504F59470FE
:10B08000019358ABFFF7A6FE9DF84C309DF86C205D
:10B09000AC46D9094FF00205D2090DF16C0E01F151
:10B0A0000C00BD7202EBD31307EB000A05903020B1
:10B0B000387203F144002E3378721D4601F12003EB
:10B0C000FB7201F14603791807EB050B134420329C
:10B0D000069104F120015FFA83F807920895424631
:10B0E0000DF19408059D98440833039207EE903AB9
:10B0F000131D04910993BCE80F007851CAF804109D
:10B10000CAF80820CAF80C30BCE80F00CAF81000D2
:10B110004FF00200CAF81C30069BCAF81820CAF883
:10B12000141083F82C000799089D83F82D10DDF882
:10B1300010A0BEE80F007851099DCBF80410CBF8A1
:10B140000820CBF80C30FD70039DBEE80F00FD71A8
:10B150003D46CBF81000CBF81410CBF81820CBF8F4
:10B160001C3001E0A84517D0A36C15F8011BE218AC
:10B170000133402B82F84C10A364F3D15046F3F70F
:10B1800015FEA664D4E9103213F5007342F10002F3
:10B19000A845C4E91032E7D1162317EE902A3946A4
:10B1A0004846FBF7CBFE7BB0BDE8F08F04070020DC
:10B1B000EDD00000150001005D5A0100EC320020C6
:10B1C0002DE9F04F2DED028BADF5117D98468346AC
:10B1D0009C9C50AE0DF1A009B4F9023094F90070B6
:10B1E00013F11F0548BF03F13E0545F34713CDE9B1
:10B1F000051203F1FF3A6A11049390AB0025039204
:10B2000003EB8A02014646F82A5070A842F8E05C37
:10B2100049F82A5094F90120F4F796FC70AB94F9A0
:10B22000012003EB87030BEB0201184608EE103AEE
:10B23000F4F78AFC94F9012041463046F4F784FC87
:10B2400094F90120BB0058A808EB02010293F4F71F
:10B250007BFCAF42284640F39A815FFA87FC334675
:10B260000CF1FF31CAB251A94FEA820E079201EBED
:10B27000820153F8042B994240EA0200F9D10028D8
:10B2800000F0858159AB002003EB0E0158AB53F859
:10B29000042B994240EA0200F9D1002800F077819E
:10B2A000039B5D1E04F1240369B20993EBB20029EC
:10B2B0000B93C0F2728101F10A034A1C8E460A9177
:10B2C00004EB83000B469500039006EB8202089581
:10B2D00004E0C0F06281190600F15F8150F8041D9E
:10B2E000013B52F8045DA942F3D958AB089A714664
:10B2F0009A18039B04E0C0F050810D0600F14D81C7
:10B3000053F8045D013952F8040D8542F3D9049DC8
:10B3100058A9DDF824B020A82B464FEA8C085A46DD
:10B32000F8F706FA10AB002110A843F82A102346BC
:10B33000AA46DDE90512F7F795FC2B4620AA10A9CD
:10B3400080A8F4F779FB2B465A4680A910A8F6F797
:10B350009FF92B4620AA60AD314680A8F4F76CFB1C
:10B3600053465A4680A918A8CDF810A0F6F790F9D0
:10B37000424670A9284607F069F8002F029A18EE95
:10B38000101ACCBFC2464FF0040A05EB020804F1C4
:10B39000440B5246404607F059F8201D5946524684
:10B3A000059038A807F052F80299524640A859442F
:10B3B00007F04CF89DED058A38A8294618EE103A9A
:10B3C0000097024620A8F7F73DFB40A843462A46CF
:10B3D0000146009438A8F7F7A9FB20A83B4618EED1
:10B3E000102A0146F8F7A4F9234620AA4146284628
:10B3F000F7F784F870A8DDF81080CDF834B04FF07E
:10B40000010B4146CDE90E0500200C9010A8F4F781
:10B41000D1FA0546414618A8F4F7CCFAA84252469C
:10B42000B8BF284685B248466B1E023D43F34A1C0E
:10B4300003F01F030BFA03F118AB53F82C30194239
:10B4400010AB53F82C3014BFDC464FF0000C1942FF
:10B4500014BF5B46002343EA4C030DF1300C5CF84B
:10B460002380414606F0F2FF0299524630A841443B
:10B470000FFA85F806F0EAFF5246002120A80BF0EB
:10B480004FFBB8F1000FCDF880B054DB234620AA63
:10B4900030A94846D4F8A450A84708F01F034FEA43
:10B4A000681218A90BFA03F31FFA88F851F8221052
:10B4B00038A80B4210A951F8225014BF01210021D5
:10B4C00052462B4214BF0123002343EA41030CA937
:10B4D00051F8235045B3294606F0B8FF029B524667
:10B4E00040A8E91806F0B2FF234620AA40A938A8D0
:10B4F000F7F704F8059B38AA494648A80097F7F7DC
:10B50000A1FA30AB4A4640A938A80094F7F70EFBE1
:10B5100020A980A894F9003048AAF4F78DFAD4F84D
:10B52000B03080A920A8984708F1FF380FFA88F8B2
:10B53000B8F1FF3FAAD120A93B46059A0846F8F783
:10B54000F7F8234620AA30A94846F6F7D7FF089B0C
:10B5500003994B440A9A02E026D3100624D451F8EA
:10B56000045D013A53F8040D8542F5D9029B002091
:10B57000079A99441E4459F8043D013A56F8041DAF
:10B580004B4018431306F6D5B0FA80F040090DF58C
:10B59000117DBDEC028BBDE8F08F00200DF5117D13
:10B5A000BDEC028BBDE8F08F049B002BDEDD099B18
:10B5B00020340B9A4846002103EB820754F8043FDD
:10B5C00050F8042B0B44D31A34BF012500259A42AE
:10B5D00040F8043C18BF2946A742EFD1C6E700BF98
:10B5E0000B6870B50C46CEB00546002B4DD000233D
:10B5F00005AAD0E905018DF814308DF820308DF8BA
:10B600002C30CDE90633CDE90933CDE90C33F3F71E
:10B6100013FE069931B95E4B1B68002B7CDC0020C1
:10B620004EB070BD079E08AA3046F3F705FE00280D
:10B6300005DB0644091ACDE906160029EBD00BAA52
:10B640003046F3F7F9FD002803DB0644091ACDE97B
:10B650000616099A002ADED00C980028DBD0236950
:10B66000402B68D0602B4A4B1B6860D0002BD6DD86
:10B67000484B42F6ED4248490120EDF7ADFF4748FF
:10B680002169EDF7EFFF0020CAE7D1E9030105AA20
:10B69000F3F7D2FD002801DD069919B94FF0FF300C
:10B6A0004EB070BD079C08AA2046F3F7C5FD0028E0
:10B6B000F4DB9DF820300444091A022BCDE906146E
:10B6C000ECD10029EAD020460BAAF3F7B5FD0028FB
:10B6D000E4DB9DF82C300444091A022BCDE9061452
:10B6E000DCD1AA690EAC4FF480730192CDE902431C
:10B6F0006B69DDE909100093DDE90C32FFF762F9AF
:10B70000EA6C05F11C01C2F5807020440BF05CF975
:10B71000B0FA80F0400983E71E4B42F6DD421E4935
:10B720000120EDF759FF1E48EDF79CFF77E7022B4C
:10B730001ADC012074E7202A26D80A9920281FD86D
:10B740000D9E20220EA80BF06FF93146154E2022D7
:10B7500016A80BF069F9EA6CE0680EAB05F11C0164
:10B760000096FFF72DFD5BE70A4B42F6EA420A49D5
:10B770000320EDF731FF0C48EDF774FF01204FE790
:10B7800020380D9E0644DCE7203A0A991144D5E79B
:10B790002C4601208C2B0020D8630020B8530020B9
:10B7A00088530020EC320020A05300202DE9F04FF8
:10B7B000B7B014467C221DAE059003910FA800215E
:10B7C00001930DF1340A0BF0ABF90123224605A9D0
:10B7D000304626930E9304969378043212F8014C67
:10B7E0001B0443EA046312F8044C234312F8034C8D
:10B7F00043EA042341F8043F8A4540F8043FEBD173
:10B8000000274FF0FF0B15AD3C46039A4FEAEB03C0
:10B81000D35C019A4AB10BF107020E2A40F24F8223
:10B82000ABF1F802072A40F24D820BF007023046D6
:10B830005146CDF808A0134143F300035F40009345
:10B8400051F8042F50F8043F8E4283EA020303EAC2
:10B85000070382EA03020A60026882EA03020260C6
:10B86000EED15146002251F8043F086A1B1844EB00
:10B8700004009B1840F100028D42C1F88030F2D1E3
:10B880005300359A2DA935A843EAD27322F000421D
:10B89000359203EBC30203EB420351F8042F9B18CC
:10B8A0000B6044EB04038842F7D115AF6FF025031A
:10B8B0004FF0FF30394651F81C2CD21851F8043F94
:10B8C00040F10000D21A60F100038E420A604FEA94
:10B8D000E370F0D11D98013315A9C20F20F000408C
:10B8E00042EA43031D9003EBC30203EB420351F80A
:10B8F000042F9B180B6044EB04038E42F7D1514692
:10B900000022486E4B6C1B1844EB04009B1840F15E
:10B91000000241F8043F8D42F3D15300159A51467D
:10B9200043EAD27322F00042159203EBC30203EB09
:10B93000420351F8042F9B180B6044EB04038D4223
:10B94000F7D10DF194090DF1B4086FF025034FF014
:10B95000FF30494651F81C2CD21851F8043F40F1F1
:10B960000000D21A60F1000388450A604FEAE370D4
:10B97000F0D12D98013325A9C20F20F0004042EAF2
:10B9800043032D9003EBC30203EB420351F8042F52
:10B990009B180B6044EB04038845F7D126AA0823C3
:10B9A0002EA91046F5F7ACFF0EAA082316A91046DB
:10B9B000F5F7A6FF514600234A6E9B1851F8042F55
:10B9C00044EB0400D21840F100038D420A64F3D125
:10B9D000259A5B0025A8314643EAD27322F0004243
:10B9E000259203EBC30203EB420351F8042F9B188B
:10B9F0000B6044EB04038842F7D125A96FF02503BF
:10BA00004FF0FF3051F8042FD21851F8603C40F14C
:10BA10000000D21A60F1000388450A604FEAE37023
:10BA2000F0D12D990133CA0F21F0004142EA4303BE
:10BA30002D9103EBC30203EB420359F8042F9B182B
:10BA4000C9F8003044EB0403C845F6D12EAA0823F8
:10BA500011461046F5F754FF16AA08231146104662
:10BA6000F5F74EFF51466FF025034FF0FF30D1F848
:10BA70008420D2184B6A40F10000D21A60F1000312
:10BA800041F8042F8D424FEAE370F0D1159801334D
:10BA90005146C20F20F0004042EA4303159003EBE9
:10BAA000C30203EB420351F8042F9B180B6044EBD5
:10BAB00004038D42F7D1864A0EA9012316A8F5F793
:10BAC0001FFF15A9002251F8043F086E1B1844EB14
:10BAD00004009B1840F100028E420B60F3D153002A
:10BAE0001D9A43EAD27322F000421D9203EBC30277
:10BAF00003EB420357F8042F9B183B6044EB04030D
:10BB0000BE42F7D126AA082311461046F5F7F8FEE3
:10BB100026AA082306A91046F5F7F2FE1EAA082356
:10BB200011461046F5F7ECFE16AA08230EA910469A
:10BB3000F5F7E6FE51466FF025034FF0FF30D1F8E0
:10BB40008420D21851F8043F40F10000D21A60F16D
:10BB500000038D420A604FEAE370F0D1159801337B
:10BB60005146C20F20F0004042EA4303159003EB18
:10BB7000C30203EB420351F8042F9B180B6044EB04
:10BB800004038D42F7D10EAA0BF1FF3B08232EA927
:10BB90001046F5F7B5FEBBF1FF3F01D0009F34E63C
:10BBA000009C0499029850F8042F51F8043F8642F3
:10BBB00083EA020303EA040382EA030202600A68DA
:10BBC00082EA03020A60EED1424E16AC01254FF024
:10BBD000020806F124070EAB03EB481845B12246D4
:10BBE000214608234046F5F78BFE013D4446F6D139
:10BBF00071780EAA0823404602EB41114246F5F740
:10BC00007FFEB74204D096F803800336B578E2E7AA
:10BC10000EA906A8082326AAF5F772FE05A9132384
:10BC20000024084650F8042F9B18036044EB0403DB
:10BC30008245F7D10D9A5B0005A8002443EAD27330
:10BC400022F000420D9203EBC30203EB420350F8D3
:10BC5000042F9B18036044EB04038245F7D10024B2
:10BC600005AA6FF012004FF0FF35264652F8043F48
:10BC70001B1845F10000924544EA030413604FEAA3
:10BC8000E075F3D1019B1BB1013C46F1FF330193F9
:10BC9000059B51F8042F0433150A8A454FEA1244D4
:10BCA00003F8042C4FEA126003F8035C03F8024C1B
:10BCB00003F8010CEDD1019837B0BDE8F08F03F027
:10BCC000F803B2E503F07F0343F04003ADE500BFA6
:10BCD00080320020A45B00202DE9F04FD0F8A8406E
:10BCE000B7B006462278072A33D0082A05D0CB49B8
:10BCF00037B0BDE8F04FFBF7D1B825460DF1580835
:10BD000005F1200770224046394606F09FFB304679
:10BD1000FBF774FA002819DB6B69B26ED25C142A47
:10BD200040F061823046FBF757FB702241463846AF
:10BD300006F08CFBD6F8A800FCF7E8F9092323707D
:10BD400096F8AC306FF3C71386F8AC3037B0BDE867
:10BD5000F08F026F042AF9D9D0F868A0BAF80390DE
:10BD600099FA99F91FFA89F3591D8A42EED39AF884
:10BD70000020162A40F035829AF80520012A40F06A
:10BD8000308204F1200B0BB30AF104054FF00008D8
:10BD900005EB030901E0A94518D0A36C15F8011FB4
:10BDA000E2180133402B82F84C10A364F3D15846BB
:10BDB000F2F7FCFF236CC4F8488013F5007323648A
:10BDC000636C43F10003A9456364E6D10AF10B01FA
:10BDD000202204F190000AF027FED6F868A09AF815
:10BDE0002B50202D00F0F3817DB18D4B1B68012B72
:10BDF0000BDD8C4B42F684228B490220EDF7ECFBE5
:10BE00008A48EDF72FFCD6F868A00AEB0503306FDF
:10BE100093F82C1093F82D20431B039042EA012243
:10BE2000A3F12E018A4200F2B7811544323B9B1ADE
:10BE30000AEB0502323592F8301092F831900AEB95
:10BE4000050E49EA0129994500F2A681B9F1000FD2
:10BE500000F0A281002506E004351BFA85F5ADB29D
:10BE6000A94540F299810EEB05031EF805005A78AA
:10BE7000997842EA002293F803B0332A4BEA012B67
:10BE8000EAD105F1060C1A795F79F44447EA0227F2
:10BE9000039AACEB0A039BB2D31A9F4200F27C8157
:10BEA000002FD9D0002203E01FFA88F29742D3D99D
:10BEB0000CEB0200BB1A90F80280033BC17841EA08
:10BEC000082101F104088B42904440F36581202948
:10BED000EAD11CF80230002BE6D140781D28E3D1CE
:10BEE0000F46111D04F1D000039361443A460AF055
:10BEF0009BFD039B30460DF15808194650F8683FEA
:10BF0000B3F803305BBA5A1D92B2F9F7B1F8D6F81C
:10BF1000A8507A224649404605F1040B06F096FAED
:10BF200039460DA8EDF710FB002800F04B8105F114
:10BF3000F00701233F4A0DA905A8FFF737FC0123AD
:10BF400005F1D0020DA93846FFF730FC344B1B68D1
:10BF5000032B00F32881D5F890000DF1140ED5F8CD
:10BF600094100DF1AC0CD5F898200DF15709D5F8C7
:10BF70009C300DF1D10ACDF85E004F46CDF862102D
:10BF8000CDF86620CDF86A30D5F8A000D5F8A41019
:10BF9000D5F8A820D5F8AC30CDF86E00CDF87210E9
:10BFA000CDF87620CDF87A30D5F8B000D5F8B410B9
:10BFB000D5F8B820D5F8BC30CDF87F00CDF8831087
:10BFC000CDF88720CDF88B30D5F8CC30D5F8C0002F
:10BFD000D5F8C410D5F8C820CDF89B3005F1200362
:10BFE000CDF88F00CDF89310CDF897200393BEE8DD
:10BFF0000F00ACE80F009EE80F008CE80F0005234F
:10C000000D4AE9685846F8F7FDFF7A234246E96889
:10C010005846F8F7F7FF039812E000BF5C53002082
:10C020002C460120502B0020D8630020FC52002019
:10C030005C080020D4120020D8080020BA4519D08E
:10C04000AB6C17F8011FEA180133402B82F84C1033
:10C05000AB64F3D10390F2F7A9FE2B6C0022039896
:10C0600013F50073AA642B646B6C43F10003BA45AB
:10C070006B64E5D1E968062358465C4AF8F7C2FFCD
:10C08000D6F8A800FCF768F9594BD6F8A8504746EF
:10C090000DF15D0B05F1200A93E8030016900820CE
:10C0A000ADF85C10014603E05F4518D017F8011F9A
:10C0B000AB6CEA180133402B82F84C10AB64F3D11F
:10C0C0005046F2F773FE2B6C002213F50073AA643E
:10C0D0002B646B6C43F100035F456B64E6D1162360
:10C0E000062241463046FAF729FF3046FAF7DCFFD0
:10C0F000002130460027FEF777FF3E4BD6F8A850C8
:10C100001F220DF1330B05F1200A93E803000D9077
:10C110000DF139008DF8381000210AF001FD702270
:10C12000514640460AF080FC414605A8FBF7AAFCB0
:10C13000202205AB0EA805F2D4410092FBF7F6FDD4
:10C140000DA9162324223046FAF7F8FEEA6869683A
:10C150003046F9F7F5FDEF6001E0CB4517D0AB6C49
:10C160001BF8011FEA180133402B82F84C10AB6416
:10C17000F3D15046F2F71AFE2B6CAF6413F500733F
:10C180002B646B6C43F10003CB456B64E7D1082350
:10C190002370D6F8A850B3E51749304637B0BDE84C
:10C1A000F04FFAF77BBE154B42F6C7021449042044
:10C1B000EDF712FA2023134A134914480097EDF7BC
:10C1C00051FAC8E612493046FAF768FEAFE60AF1BE
:10C1D0002C012A4604F1B0000AF026FCD6F868A02B
:10C1E00013E60C49D9E70C49304681E5E008002008
:10C1F000E80800202C08002010530020202C0020EC
:10C20000D863002061CB0000285300206C4E002032
:10C2100024530020E0520020385300202DE9F04F35
:10C22000D0F8A840ADF56F7D05462678052E00F2C2
:10C230002A86DFE816F0B70159007D001F012101B1
:10C24000060026462846FAF7D9FF0028C0F20E81DC
:10C25000AA6E7369D25C142A40F0B1852846FBF7B8
:10C26000BBF8D4F81431002B00F0818304F59066FC
:10C27000C0224EA8314606F0E9F8D5F8A800FBF731
:10C2800045FF3146C0221EA806F0E0F8C0224EA9A4
:10C29000304606F0DBF82846FAF706FF012128466B
:10C2A000FEF7A2FE2846FBF7B9FEC0221EA93046C3
:10C2B00006F0CCF80621217095F8AC30D5F8804016
:10C2C0006FF3C71385F8AC3014B100222846A0479D
:10C2D000AB6F002B00F0CA800022062128460DF526
:10C2E0006F7DBDE8F04F1847A146D5F87080AF6E5E
:10C2F000B8F1040F40F2BA80B7F803305BBA9BB2D2
:10C300005A1D9045C0F0B2803A78162A00F0F782A4
:10C31000B8F1060F40F2F782152A40F0F482BA799C
:10C320009C4928460DF56F7DBDE8F04FFAF7B6BD84
:10C3300026462846FAF762FF0028C0F29780AA6EC8
:10C340007369D25C082A40F03D852846FBF744F823
:10C3500003232370D5F8A83006932846FAF74EFF3A
:10C360000028C0F28380069BA96E5B69CA5C1944F1
:10C370000D2A00F047850B2A40F03985069B9B6902
:10C380000A2B40F23D858B784A781B028E7943EA6E
:10C390000243CA78360243EA02074B7946EA03466B
:10C3A000CB791E433B1F9E4240F0E2848B190DF176
:10C3B000780B4FF4207201F1080A08934EAB00216C
:10C3C000184605930AF0ACFB0021502258460AF0AB
:10C3D000A7FB069BD3F82411002940F0AD82059EEF
:10C3E0004FF00009CDF81CB0CDE90954089B534526
:10C3F00040F207849AF801700AF103049AF80030B9
:10C4000009F101093F0247EA03479AF802301F4346
:10C41000E319E25D5B7853EA022340F01C84324664
:10C420003946204607F1020AFCF7CAF90028A2445F
:10C43000C0F21784059B9E4200F004823146A6F1AB
:10C440005000FFF7CDF8002800F03884079B1A69E8
:10C4500033699A4200F0DD81B9F1070F06F1500609
:10C46000C4D1099D4C492846FAF718FD0DF56F7D9A
:10C47000BDE8F08F069470E726462846FAF7BEFE20
:10C480000028F3DBA86E7369C25C18440F2A40F0E1
:10C49000AB84B369072B40F2C284D6F81021002A7E
:10C4A0006FD1B0F80680083BB0F8049000F108079F
:10C4B00098FA98F899FA99F91FFA88F81FFA89F901
:10C4C000984500F2B484DFF8D8A0DAF80030032BE6
:10C4D00000F3808240F60403994500F09A8240F20E
:10C4E0000343994540F056844146384613AAF2F773
:10C4F000D1FE0028C0F2978416AADDE914804146D7
:10C50000F2F7C8FE0028C0F29084179F0DF1780B57
:10C51000DDF86090A8EB07015A4609EB0700F2F737
:10C52000B9FE0028C0F28C84202F05D9203FB944E1
:10C530002027CDF860901797DBF80480B8F1200F22
:10C5400000F21D82DBF8083005933A4649464EA8B2
:10C550000AF06AFA4246059956A80AF065FA0F4AA7
:10C560004EAB06F58C61009206F513702022FEF7A3
:10C5700027FE012840F03E84DAF80030022B00F359
:10C580003D822846FAF728FF05232370D5F8A860D6
:10C5900058E600BF3C480020E84A0020EC3200206A
:10C5A0002C460120DFF828E404F5A4724EAB0DF10F
:10C5B0004C0A0EF10C0C06920DF1780B05930DF15F
:10C5C000400904F104085F469EE807008AE8070076
:10C5D000BCE80F000FC7BCE80F000FC70CF1040147
:10C5E000DCF8003007C93B80A9E803000EF13C01EC
:10C5F00089F800209122059805F028FF06980BF095
:10C60000DFF80746002800F0F78100F10903DEB2E9
:10C61000D4F81021002A00F0EA812222CDF81CB0C3
:10C6200093465B440598324403F18C01D2B2090A67
:10C63000C17003F188013D33090A1B0AC17180F8FA
:10C640005230A2F174030371A2F178033D320372F8
:10C6500080F853209FB17A1DFBB2120A8DF8483042
:10C660008DF84220FA1C120A8DF844205A1D03331B
:10C670008DF843208DF845303B0A8DF8473004F1A2
:10C68000D00620213046ECF75FFF002800F0A3829F
:10C69000314604F1B0060123BF4A16A8FFF786F819
:10C6A00020213046ECF750FF002800F08F8204F183
:10C6B000900920214846ECF747FF002800F08182CE
:10C6C000D4F890000DF5B27CD9F804100DF1580E95
:10C6D000D9F8082004F1200AD9F80C30CDF843012C
:10C6E000CDF84711CDF84B21CDF84F31D9F81000D6
:10C6F000D9F81410D9F81820D9F81C300DF5E479C0
:10C70000CDF85301CDF85711CDF85B21CDF85F314D
:10C71000D4F8B0007168B268F368ACE80F00306913
:10C720007169B269F3694FAEACE80F00BEE80F0063
:10C73000CDF89601CDF89A11CDF89E21CDF8A23111
:10C74000BEE80F00CDF8A6014046CDF8AE21CDF8E9
:10C75000B2319123CDF8AA11059AE168F8F752FC9D
:10C7600001E0B14518D0A36C16F8011FE21801339F
:10C77000402B82F84C10A364F3D15046F2F716FB1D
:10C78000236C002213F50073A2642364636C43F1ED
:10C790000003B1456364E6D1079E5B460BF1FF3BA6
:10C7A000E16832464046B34406F1FF39F8F72AFC07
:10C7B000002601E0D94517D0A36C19F8011FE21833
:10C7C0000133402B82F84C10A364F3D15046F2F7AA
:10C7D000EDFA236CA66413F500732364636C43F1D4
:10C7E0000003D9456364E7D1002F40F09C81062304
:10C7F0006A4AE1684046F8F705FCE2686168284645
:10C80000F9F79EFA00220123E2602370D5F8A89080
:10C810006BE5079BF168D8680AF0D6F800287FF42A
:10C820001BAEDDE909542846FAF7D6FD069B002227
:10C83000284603F58C61FBF785F904232370D5F8AE
:10C84000A8601AE63946204610AAF2F7F5FC00283F
:10C8500045DB0DF14C0B10A851495A46F7F7A2FBE6
:10C8600000283CDB5A46DBE90110F2F7E5FC002822
:10C87000C0F2B681069B0DF13808DBF804400CAF1E
:10C8800003F5A4750B9620E0DBF808603046F2F75C
:10C89000D3FC002806EB0003A4EB000419DB2846B8
:10C8A000CBE901430AF08CFF179B7B60189B3B6030
:10C8B0000023C8E90050009397E80C0098E80300B3
:10C8C000FCF752FE002840F02181214616AA002CD8
:10C8D000DAD1099D33492846FAF7E0FAC6E5324B2A
:10C8E000099D1B68002BF5DD304B42F6C2423049F2
:10C8F0000120ECF771FE2F48ECF7B4FEEAE77A79F5
:10C90000022A00F0D480284B1B68012B0CDD42F674
:10C91000DF3227490220284BECF75EFEAB6E27483A
:10C920005A791978ECF79EFE254928460DF56F7D5A
:10C93000BDE8F04FFAF7B2BA5A46D3F82001FBF738
:10C940003FFF0028C0F28982174B1B68032B7FF73B
:10C9500046AD1C4B42F63C5215490420ECF73CFE18
:10C9600019491A48DBE90132ECF77CFE37E5284625
:10C97000FBF754FBD5F8A800FBF7C8FB9AE4A8F135
:10C980002008DBF8083043440593CBF80830202317
:10C990009846CBF80430D8E5D4120020E0080020F7
:10C9A000344A0020A84A00202C460120AC2B00204D
:10C9B000D8630020384A0020702C00204C4800200A
:10C9C0006C480020F42B002061CB0000DC490020E3
:10C9D000F00800200420BD4B42F69B52BC49ECF706
:10C9E000FBFD42464946BB48ECF73CFE72E50C2293
:10C9F000CDF81CA0934614E6034609E6B34B42F675
:10CA0000CD52B3490320ECF7E7FDB348ECF72AFE1B
:10CA1000B7E5D6F85C1406F5137013AAF2F70CFC10
:10CA2000002801DD149909B9AC497EE7159E16AAC4
:10CA30003046F2F701FC0028F6DB9DF8583006443A
:10CA4000091A022BCDE91416EED10029ECD030469C
:10CA50001EAAF2F7F1FB0028E6DB9DF878300644C9
:10CA6000091A022BCDE91416DED14FF400734EAE35
:10CA700003930296DDE91F32DDE91710CDE9007856
:10CA8000FDF7A0FF9DF83733BC2B40F0EC81DAF8BE
:10CA90000030022B7FF775AD8C4B42F6B0528C49BB
:10CAA0000320ECF799FD8E48ECF7DCFD69E509F110
:10CAB0002000002B00F0DC8007F1040A4FF0000B8F
:10CAC0000AEB030602E0B24500F0D280D9F8483004
:10CAD0001AF8011F09EB03020133402B82F84C10B6
:10CAE000C9F84830EFD10590F2F760F9D9F8403035
:10CAF000059813F50073C9F848B0C9F84030D9F863
:10CB0000443043F10003C9F84430DCE7059B069D3F
:10CB10000B9E05F51370D3E90314224609F084FF38
:10CB2000C5F85C4492E410AAE16809234046F8F78E
:10CB300069FA3B46069A4046E1680DF13F06F8F770
:10CB400061FA0DF1480BA36C4FF0000901E0B34509
:10CB500017D0E218013316F8011F402B82F84C1051
:10CB6000A364F4D15046F2F721F9236CC4F848903D
:10CB700013F500732364636C43F1000363640023C3
:10CB8000E5E704F2471606EB0709002703E0B14585
:10CB90003FF42DAEA36CE218013316F8011F402BB1
:10CBA00082F84C10A364F2D15046F2F7FFF8236CE0
:10CBB000A76413F500732364636C43F1000363649B
:10CBC000E5E748492846FAF769F979E545492846ED
:10CBD000FAF764F96BE543492846FAF75FF957E538
:10CBE000414B099D1B68002B7FF774AE3F4B42F60B
:10CBF000C64237490120ECF7EFFC3D48ECF732FD27
:10CC000068E6DDE9063BDDE90954D3F82431002B61
:10CC10003FF409AEB9F1000F00F02D8109F1FF30AA
:10CC2000059B594600EB800003EB0010FEF7D8FC93
:10CC3000002800F020812C4B1B68032B7FF7F3ADFD
:10CC40002C4B42F6715204202149ECF7C5FC2A48CE
:10CC5000ECF708FDE7E5099D28492846FAF71EF993
:10CC600004E4099D26492846FAF718F9FFF7FEBBA8
:10CC7000B7F84F60A8F15108513776BAB6B24645B9
:10CC80001AD8CEB10023F818FA5CA6EB030C417851
:10CC900090F802E0ACF1030C41EA0221C27842EACA
:10CCA0000E2209B2944502F1040205DD33292DD08C
:10CCB00013FA82F3B342E6DB124936E6099D1249C4
:10CCC0002846FAF7EBF8FFF7D1BB00BF6C2B00202A
:10CCD000D8630020084C0020584D0020384C00201C
:10CCE0007C4C0020245300202C460120AC2B00203B
:10CCF000644A0020F42B0020204B0020EC49002047
:10CD0000184A0020C8480020C44A0020017942790E
:10CD100042EA01221D2A40F0B48008338179FA18D2
:10CD2000C37943EA0123202B1FB240F0A28009F10E
:10CD3000F006012309F1D0013046FEF737FD544BD0
:10CD40001B68032B41DC2846002150F8683FB3F8EC
:10CD5000032052BA053292B2F8F78AF9D5F8A80042
:10CD6000FBF7FAFA02232370D5F8A860FFF7E1BABF
:10CD7000474B1B68002B0BDD42F62452012045492E
:10CD8000454BECF729FC324639464448ECF76AFC3F
:10CD90004349CAE5DAF80030002B7FF767AB414B17
:10CDA00042F6D8523B490120ECF716FC4246494670
:10CDB0003D480DF56F7DBDE8F04FECF753BC3B49A6
:10CDC000FFF7AFBA3A49FFF7ACBA3A4B42F6C7029F
:10CDD00030490420ECF700FC3B46374A37493848D5
:10CDE0000096ECF73FFCAEE73649FFF79ABA3649B2
:10CDF000FFF797BA35492846FAF750F8FFF736BBE0
:10CE0000334992E5224B1B68032B1BDC2846FAF7BB
:10CE1000E3FA0123069AC2F81431FFF727BB1A463A
:10CE20002C49FFF77EBA2C497FE52C497DE5424627
:10CE30002B4928460DF56F7DBDE8F04FFAF72EB867
:10CE4000284972E5144B42F6115212490420ECF7BE
:10CE5000C3FB2548ECF706FCD8E724492846FAF737
:10CE60001DF8FFF703BB22492846FAF717F8FFF72A
:10CE7000FDBA204959E520492846FAF70FF8FFF78F
:10CE8000F5BA1E4951E532461D49FFF74ABA00BFBF
:10CE90002C460120D8630020F42B0020704900208C
:10CEA000984900206C2B0020844D0020BC4D0020B0
:10CEB000DC480020202C002061CB0000B848002076
:10CEC0006C4E0020644B002024490020284D002097
:10CED000544900209C4B0020A84C0020DC4C002032
:10CEE000D04B0020004D00200C490020BC49002000
:10CEF0004C4C0020A04800200C4B0020884800200B
:10CF0000E84D00202DE9F04FE1B017460C462C22E9
:10CF1000054600210DA809F003FE0D2F0F94CDE961
:10CF20000B4722D995F822305BB1062229462046CC
:10CF300009F04AFD28B10622BA49204609F044FD0D
:10CF400098B995F821309BB93E46A389B3F5C16FD6
:10CF500077D04DF68652934200F0BA80082B3CD031
:10CF6000B14D2B68022B00F3DC8061B0BDE8F08F7F
:10CF70003E1F21464FF0FF3CAC4804EB060E11F873
:10CF8000013B83EA0C02714502F00F0250F82220A7
:10CF900082EA1C1C8CEA131303F00F0350F82330B1
:10CFA00083EA1C1CEBD16FEA0C035FFA83FC189335
:10CFB000A35D6345D9D14A7801319DF861309A4229
:10CFC000D3D19DF8623011F8012F9A42CDD14A7821
:10CFD0009DF863309A42C8D1B7E704F10E03212FC0
:10CFE0001293C2D9238A5BBA9BB203F10E02BA42F2
:10CFF00003D2212A0C92B8D91746A07B0009042835
:10D00000B3D1A28A04F12201274452BA0D917E1AAB
:10D01000C2F30D020E96002A00F01281E37D112B5F
:10D0200000F06B81062B08BF15912B6B00220BA91A
:10D030001868F4F7D3F9002897D07D49F9F72EFF47
:10D0400093E70E34292F11948FD9EB6A23B10BAAE1
:10D05000032128469847119CE388B3F5807F7AD056
:10D06000B3F5007F81D10622294604F1120009F0B0
:10D07000ABFC00287FF479AFD4F80E202B699A42DC
:10D0800000F0BD802B6B02460BA91868F4F7A6F9D7
:10D09000054600283FF469AF90F8AC30DB067FF519
:10D0A00064AFA26800F1C8065F4BC0F8C8201B68D7
:10D0B000A289022BA0F8CC2000F3858195F8AC3032
:10D0C00028466FF3041385F8AC30F6F7CBF94CE73C
:10D0D00004F10E03352F13937FF647AFA37B1B0993
:10D0E000062B7FF442AF237D04F136022744012B47
:10D0F000A7EB020102D03A2B7FF437AF0329149239
:10D100007FF633AF04F13A0394F83620FF1A082A69
:10D11000CDE90D377FF429AF0BA92846F4F7EEFED1
:10D1200023E7444B41F26F3243490320ECF754FAB2
:10D130000F9B4248998949BA89B2ECF793FA2B6858
:10D14000032B7FF712AF202E3146204628BF202127
:10D15000F8F784FB09E7A269AB689A427FF405AF50
:10D160000F9B02276C694FF0000CD3F806202E4E5F
:10D1700022605B89A3802B68C4F80630AB8863818A
:10D180000823237306236373119B186859689A68F0
:10D19000D3F80CE0C4F81210C4F80E00C4F816203E
:10D1A000C4F81AE059699A691869C4F82210C4F8D9
:10D1B0001E0084F814C0C4F8262067759A6822629D
:10D1C0009B89A3842A683368C4F81620AA88BB42C6
:10D1D0006283119AA968D2F80E20E161C4F8262072
:10D1E0006CDC6B6A2A242A4668695B68214698478A
:10D1F00084427FF4BAAEEB6F0133EB67B5E6A26809
:10D2000095F88430C5F85220032BA289A5F8562042
:10D210007FF4ABAE0423284685F88430F8F7FCFC95
:10D22000A3E600BFA43200202C460120AC3200202F
:10D23000E8460020442D0020D8630020E04700206D
:10D24000E27D012A4AD0112A59D0062A7FF48DAEF8
:10D25000132E15917FF689AE94F82E1036340909F5
:10D260003F1B0D9405310E97B3EB810F4FEA8102FE
:10D2700001D39B1A0E93AC4E3368032B00F3378116
:10D280002B6B00220BA91F683846F4F7A7F8044659
:10D29000002800F0188190F8AC309F0640F10B8117
:10D2A000159F7A7B122A00F00483102A00F09D80DB
:10D2B000BB6814222846F4F7FFFD56E69B4B41F26B
:10D2C00054129B490320ECF787F99A4B04F126028C
:10D2D00099499A480095ECF7C5F982E7032E149115
:10D2E0007FF643AE04F1260394F82210FF1A0829B2
:10D2F000CDE90D377FF439AE0EE7169195E6072E8E
:10D3000016917FF632AE884E2A3433683F1B0D9457
:10D31000032B0E9700F3B4802B7F2BB1169B5A88FA
:10D32000B2F5884F00F084826B7F2BB1169C638826
:10D33000B3F5864F00F0E5812B6B01220BA918682D
:10D34000F4F74CF8044600283FF40FAE169A137811
:10D35000527843EA0223129A8385D3680F9AC361F5
:10D36000D2F80630C0F8C830036C5289B3F5401FBC
:10D37000A0F8CC2080F01283C26B0E99D21A8A4298
:10D3800007D219443830F7F767FD002800F03F82D4
:10D39000236CA06BDDE90D12184405F057F8236CDF
:10D3A0000E9AD4F88050134423641DB10EAA0721AD
:10D3B0002046A847A36F002B3FF4D7AD0EAA072144
:10D3C00020469847D1E5594B41F265125849032050
:10D3D000ECF702F9574A696B05F11C035848CDE98F
:10D3E0000026554AECF73EF968E6002294F8CE1084
:10D3F00084F8CF20002900F0A8825A06159AE76920
:10D40000537B4CBF04F1680504F13805D2F8048061
:10D4100013F0010F0E9B98FA88F800F08682013312
:10D420000121434484F8E010C4F8B43094F8AD30DE
:10D43000DB0604D594F8CE30042B00F0CB8294F8B0
:10D44000AD300421204643F0100384F8AD30F3F7EB
:10D4500063FE11233A463B4E00276568D4E92C1041
:10D46000CDE9046709BA00BA02910390A18D019138
:10D4700004F1C801208B0090E86BF4F757FC74E5C9
:10D48000314B41F21B322A49ECF7A6F816990E9857
:10D490000B88039049885BBA129A49BA9BB202F191
:10D4A00010000C3289B20190029123492748009163
:10D4B000ECF7D8F830E7159A527B520795D52449F6
:10D4C000F9F7ECFC51E538460122F3F787FF0746F0
:10D4D00000285ED0DDF8548098F80D9019F0040F04
:10D4E0003AD097F8AC305C077FF53FADE7E7164BD5
:10D4F00041F230320E490420ECF76EF815990E987F
:10D500000B88039049885BBA129A49BA9BB202F120
:10D5100010000C3289B20190029107490D48009128
:10D52000ECF7A0F8ACE600BF2C4601203C2D002013
:10D53000D8630020DD4A0100B14B0100B446002051
:10D54000CC460020B8500020342D00200447002095
:10D55000704700205447002019F0020F40F0C780A8
:10D5600019F0010940F0BC80B8F80000D8F8083084
:10D5700040BA93FA83FA80B20130824510D097F80E
:10D58000AC2050073FF5F1AC14222846F4F794FC88
:10D59000EBE4159B142228469B68F4F78DFCE4E429
:10D5A0007D681046296CB03107F0CCFA044600289B
:10D5B00000F08780EB694FF4007245604946013303
:10D5C000426742644265EB614363C0F8B0A0D8F89B
:10D5D00004301BBAC0F8B4300F9BD3F80600C4F86F
:10D5E000C80020465B89A4F8CC30F3F795FD129B68
:10D5F000159ADB683168E36113780229527843EAAF
:10D600000223A3854EDC97F8AD3007F10806B4F885
:10D61000AC2004F1080CC3F3C003796822F4006263
:10D62000DB0222F0040243F0040313430A68226081
:10D630000C60A4F8AC30D7F88080D7F884E0C4F848
:10D6400080800FCED7E91E57ACE80F003368CCF8C6
:10D650000030C4F884E0C4E91E57B8F1000F1ED0B2
:10D66000002201212046C047A56F9DB10022012163
:10D670002046A847D4F880301BB10022052120465F
:10D680009847A36F002B3FF470AC00220521204681
:10D6900098476AE4D4F88030002BEED165E4002D81
:10D6A000E4D162E4C04B41F23622C0490320EBF7DB
:10D6B00093FF04F11C03BE4A616BBE48EBF7D2FF37
:10D6C000A1E73368002B7FF750ACB74B41F22D2216
:10D6D000B6490120EBF780FFB748EBF7C3FF44E4FE
:10D6E000D8F8083011222846F4F7E6FB3DE4B8F8F4
:10D6F0000030122228465BBA9BB21BBAF4F7DCFB5F
:10D7000033E4DDE90B7204F59173174404F1080268
:10D710000D931792BB42A7EB03020E923FF625AC86
:10D7200018AB4FF48D72A54904F1F806184604F0C1
:10D730008DFEAA6803464FF0000CC2F30761026138
:10D740000131C17401E002310E44711C8F420DD9C8
:10D750003178FF290AD035297178F4D10129F2D125
:10D76000B01C874288BF96F802C0ECE70CF0FD06BB
:10D77000012E7FF4FAAB606A0421BCF1010FDFF8DF
:10D7800050E21F90208DADF8800083F8F41083F8EC
:10D79000FA104FF6FF7183F8F360A3F8081183F8CD
:10D7A0000A110CBF02210521C3F8FB2083F8F210F7
:10D7B000E968C3F8F51040F23511A3F8F0103621EE
:10D7C00083F8F9100C2183F8FF107D49C3E940E18B
:10D7D000D4F8F410C3F8EC10E1685960A97FE1B9FE
:10D7E000BCF1010F0F99284614BF1C694FF0FF349C
:10D7F00002934FF4884300944FF48D7401930631E3
:10D800004FF486430394F4F7D9F8FFF7AEBB6D49A4
:10D810002046F9F743FBFFF7A8BB0F991869286169
:10D82000D1F80600C5F852004989A5F85610D7E787
:10D8300003F1080295F884A0DDE90B41179203F586
:10D8400091720C4400210D92A01AA24209910E90EF
:10D850000A913FF68AAB0422A91C03F10C0007933E
:10D8600009F0B2F800287FF480AB079B0746834697
:10D87000804603F1F802814607E0032940F03B812E
:10D880005178042948D002310A44511C8C4240F29C
:10D890006F811178FF2900F06B810129EDD151785A
:10D8A0000429F0D102F1060C6445ECD9D2F802B09B
:10D8B000E9E7BB68284610221DBAC4F8B0507D685D
:10D8C0002DBA0135C4F8B450F4F7F6FA94F8AC3038
:10D8D000002120466FF3451384F8AC30F3F71CFCAD
:10D8E000D4F880301BB10022042120469847A36F52
:10D8F0001BB1002204212046984794F9AC2094F8EB
:10D90000AC30002ABFF631AB9E07204640F10881BB
:10D91000FEF784FCFFF729BB02F1060C6445B2D97F
:10D92000D2F80280D3F81890ADE7A3B994F8E030AC
:10D93000002B3FF41AAB94F8CE30042B7FF415ABD8
:10D94000012384F8E130FFF710BB2046F3F7E4FB36
:10D9500094F8AC3051E5D4F8B420904569D008EB88
:10D9600003053368AA4255D0032B42DCD4F8B0300B
:10D970000025606812BA05951BBA134D04F1C80161
:10D9800003923A46029310230495A58D0195248BAA
:10D990000094C06BF4F7CAF9FFF7E7BA0B49F9F73F
:10D9A0007DFAFFF7E2BA00BFBC2C0020D86300204C
:10D9B000854B0100D0470020084E0020C009002000
:10D9C0003304FFFF304F0020B850002038470020BC
:10D9D000036D69709268D4F8B03012BA93424FF078
:10D9E000100308BF52180121C4F8B02084F8E110D8
:10D9F00030E5BC4B41F2AC22BB490420EBF7ECFD17
:10DA0000D4F8B4202B464146B848EBF72BFED4F8A7
:10DA1000B420ABE7032B7FF7A8AAB24B41F2AA22AE
:10DA2000B1490420EBF7D8FDB148EBF71BFEFFF737
:10DA30009CBAD5E90121521A934207D919442846C4
:10DA4000F7F70AFA00283FF4E2AEA968286808440C
:10DA5000DDE90D1204F0FAFCAB680E9A1344AB60DA
:10DA60003368032B00F39181159BD4F8C4105B68D5
:10DA70000E9A1BBA13440A4440F6B831C4F8B430C5
:10DA80008A42C4F8C42040F27681D4F8C020934280
:10DA900000F071813368032B00F35F81002560681B
:10DAA0003A46D4E92C13CDE9045509BA1BBA0291C0
:10DAB00004F1C80103931023A68D0196268B0096CE
:10DAC000C06BF4F733F9D4F8B42094F8CE30C4E93D
:10DAD0003025002B40F03C8194F8AC3003F0C002BC
:10DAE000C02A3FF411AF5D0640F183802046FCF769
:10DAF0001DFFFFF73ABA95F81FC0BCF1000F13D015
:10DB0000062911D1517804297FF4BDAE02F1060C2B
:10DB100064457FF6B8AED2F8021009915178B2E6AA
:10DB2000FEF7DAF8FFF721BA95F820C0BCF1000F34
:10DB30000FD02A290DD1517804297FF4A4AE02F127
:10DB4000060C64457FF69FAED2F802100A91517818
:10DB500099E6332958D1517804297FF494AE02F123
:10DB6000060C64457FF68FAED2F802703FBA8AE6A3
:10DB7000062800F0E380022800F0C08005287FF42A
:10DB8000F4A9BAF1020F4CD0BAF1040F7FF4EDA959
:10DB9000AB684B457FF4E9A94FF47A72AB6D3168FD
:10DBA00007FB02F29B18AB66EB6D43F10003012902
:10DBB000EB667FF7DAA94F4B41F2B4124A490220D3
:10DBC000EBF70AFD4FF47A720023D5E91A0106F04B
:10DBD000F9FD02460B4648483946EBF743FD95F8F8
:10DBE000843053453FF4C1A92846F8F715F8FFF7EC
:10DBF000BCB9D4F88030002B3FF4DCAB0EAA07216F
:10DC000020469847FFF7D6BB352951787FF43BAEC5
:10DC100001297FF438AE02F1060C644588BF907884
:10DC200031E6B8F1000F18BFB9F1000F3FF49DA91C
:10DC3000002F3FF49AA94FF47A72AB6D316807FB5D
:10DC400002F29B18AB66EB6D43F100030129EB6612
:10DC500013DD284B41F2A61223495046EBF7BCFCDA
:10DC60004FF47A720023D5E91A0106F0ABFD0246A3
:10DC70000B4621483946EBF7F5FC0F9B03220821A0
:10DC8000D3F80600C5F8520018A85B8985F88420EF
:10DC9000A5F85630C5F80890C5F81080C5F80CB046
:10DCA000EBF752FC189CEBF749FC204407F074FAA0
:10DCB000EB7F3BB1099B2BB1EB6A1BB109AA012198
:10DCC0002846984795F82030002B88D00A9B002BD7
:10DCD00085D0EB6A002B82D00AAA022128469847F9
:10DCE0007DE700BFC82C0020D863002094470020A7
:10DCF0007C470020242D002020470020B9F1000F90
:10DD000018BFB8F1000F14BF01220022BAF1010FB1
:10DD100014BF002202F00102002A3FF426A9002FBE
:10DD20003FF423A9DA690AB9129BDA684946284602
:10DD3000F3F7FCFE022385F8843055E7AB684B45CA
:10DD40007FF413A90122002385F88420AB6046E705
:10DD500029462046F3F7E0F9BEE641F2C322134913
:10DD60000420134BEBF738FCD4F8C020616B11484A
:10DD7000EBF778FC92E694F8CE30012B3FF4ACAE92
:10DD800001212046F3F7C8F9A6E6094B41F2BC226F
:10DD900006490420EBF720FC159B616B5A68064886
:10DDA00012BAD4F8B430EBF75DFC5DE6D86300201E
:10DDB000C82C0020C0470020AC4700202DE9F04FC0
:10DDC00007468BB0EBF7BAFB02460B46CDE90601DE
:10DDD00007F13400FCF748FBFD6B002D00F03081AB
:10DDE000D5F824C0BCF1000F00F02A81DDE9063629
:10DDF000D5E9182413F57A7046F10001904271EBD1
:10DE0000040EC0F0208152EA040E00F01C819342FF
:10DE100076EB040EC0F01E81B3EB020940F2E93844
:10DE200066EB040EC1457EF1000E03D212F57A7046
:10DE300044F10001AB6595F88430EE65032BC5E92C
:10DE4000180100F06582DCF80C301BB30121284674
:10DE5000984795F88440002840F037822B7F002BAC
:10DE600040F05F8254B10023284685F88430F7F7EC
:10DE7000D3FE95F88440002C40F02D829F4E3368ED
:10DE8000002B00F36282EB6A002B73D00022042186
:10DE90002846984795F88440002C6BD02B7F002BA8
:10DEA00040F086816B6A9B68002B00F01E822A4638
:10DEB000D5E90D019847002840F0FE812B6B1C68C6
:10DEC000002C57D08D4EDFF83892DFF83882B4F846
:10DED000AC3003F48873B3F5807F48D094F8AC304D
:10DEE00013F0090F43D1A96DD4F8B800EA6DD4F846
:10DEF000BC30884293413AD294F8CE30D4F81CA07A
:10DF0000022B00F0B18194F8AD20D0072FD4012B63
:10DF100000F0AF81032B00F0E381042B00F09F8120
:10DF200094F8CF305A1C022B84F8CF2000F2928153
:10DF30003368032B00F3FD81D4F8B0305246D4F897
:10DF4000B4102846013B09BA1BBA039104F1C80179
:10DF500002930023CDE90433A38D0193238B009317
:10DF60001023F3F7E3FE00212046F3F7D5F82468E9
:10DF7000002CACD13D68002D62D0604EDFF8889156
:10DF8000DFF88081DFF884A12C462D68D4F880303A
:10DF90001BB106AA022120469847A36F1BB106AA0F
:10DFA0000221204698473368032B6CDC94F8AC3090
:10DFB00059060BD5226F22B9D4F8A82032B1926944
:10DFC00022B12046FCF7B2FC94F8AC3013F0280FD5
:10DFD00014D1226D002A00F09B8013F0900F15D110
:10DFE000590640F1C280A16C2046FCF7E7FB421CB9
:10DFF000089000F0C280002800F3C48094F8AD308F
:10E00000DB0603D5236D002B00F0878094F8E13008
:10E0100083B194F8AC305F0606D5236F53B9D4F8BA
:10E02000A8300BB19B692BB994F8AD3043F02003B5
:10E0300084F8AD3094F8AD30980619D4002DA3D1F2
:10E040000BB0BDE8F08F834276EB0102C5E9180101
:10E05000BFF4F0AEDCF80C20C5E9163612B1002191
:10E060002846904795F88430002B7FF41BAF81E75A
:10E07000002104F1D000F6F7EFFE2046F7F7D4FCBC
:10E08000002D81D1DCE74B4641F286424146042017
:10E09000EBF7A2FA94F8AC0094F8ADB010F0400F92
:10E0A000D4F8A8C0616B14BF5422742210F0200F62
:10E0B00014BF4323632310F0800F14BF4FF0480EAA
:10E0C0004FF0680E10F0080F14BF522072201BF0A2
:10E0D000200F14BF4FF0430B4FF0630BBCF1000F48
:10E0E00001D0DCF818C0276FCDF800E0CDE9010BB6
:10E0F000CDE903C75046EBF7B5FA57E72C460120A8
:10E10000882D0020D8630020982D00204842002050
:10E1100094F8AD30DB067FF579AF94F8CE30042B60
:10E120003FF474AF40F22112B4F8AC3013407FF4E6
:10E130006DAFD4F8B02011BAD4F8B42092FA82FCB2
:10E140006268D06BE269CDE9021CCDE90433A38D8E
:10E1500004F1C8010193238B00931123F3F7E6FD2B
:10E1600004212046F2F7D8FF50E7A16C2046F7F7CC
:10E17000E7FD421C08907FF43EAF9C492046F8F72B
:10E180008DFE3BE70246002104F14800F6F770FFE0
:10E19000D4F880301BB108AA082120469847A36F05
:10E1A000002B3FF42BAF08AA08212046984725E70B
:10E1B000012C00F0F380042C7FF474AED5E91A230F
:10E1C00052EA03013FF46EAED5E91601904271EBBD
:10E1D000030680F00181864E861941F1000CB2429F
:10E1E00073EB0C03BFF45EAE4FF47A72002306F0BB
:10E1F000E9FA4FF0EE337F4A00FB03F302FB0133F1
:10E200007D49A0FB02021344820842EA83729B0804
:10E2100043EA80734FF0443090429941FFF442AE9C
:10E22000764A2346A968284608920122744E009235
:10E2300008AAF3F73DFC3368022B7FF733AE714B2E
:10E2400041F2261270490320EBF7C6F96F48EBF74D
:10E2500009FA27E66E492046F8F720FE83E642F0E9
:10E26000200284F8AD2082E66A492046F8F716FEBF
:10E2700079E6D4F8B430D4F8C0209A423FF450AED6
:10E280003268032A7ADCD4F8B0101BBA524628460A
:10E29000039309BA0023029104F1C801CDE90433C4
:10E2A000A38D0193238B00931023F3F73FFDD4F844
:10E2B000B430C4F8C03056E6AB6F0246696B2846EE
:10E2C0000133AB67FEF71EFEF8E5002C4CD12B7F27
:10E2D0004BB30123C8E5EB6A002B7FF4D7ADDDE536
:10E2E0004D492046F8F7DAFD3DE608A905F134006E
:10E2F000F9F700FB044600283FF4E0AD0246089918
:10E300002846FEF7FFFDEB6B04332344EB63D5E5B2
:10E310000423284685F88430F7F77EFCD5F824C01E
:10E3200091E5A8609EE5AB68002B0CBF0123032399
:10E330009AE5414604204B4641F2DA32EBF74CF9BC
:10E34000616B3648EBF78EF9F6E5354B41F29832C2
:10E350002D490120EBF740F93248EBF783F9EB6ADE
:10E36000002B7FF493AD95E52B7F012BB3D0012CCF
:10E37000B1D1AB68002BAED0032375E54B4641F21B
:10E38000CD3241460420EBF727F9616B2648D4E9EA
:10E390002C23EBF767F9D4F8B43074E7234B08AAC1
:10E3A000174E93E80300082382E803000021284663
:10E3B0000091F3F77DFB3368022B7FF773AD1C4BA5
:10E3C0000320114941F23012EBF706F92A461949A8
:10E3D0001948EBF747F965E501220023284685F83F
:10E3E0008420AB60F7F718FC5CE500BF64420020B6
:10E3F00040771B00EFEEEEEE44444404350103FF8A
:10E400002C460120502D0020D863002048640020B5
:10E410003C420020084200202442002038420020D4
:10E42000882D0020D8410020144200206C4200209A
:10E43000742D0020DD4A0100E841002010B50422BF
:10E440001549044608F044FC28B106221349204629
:10E4500008F03EFC08B9012010BD062210492046F4
:10E4600008F036FC0028F6D004220E49204608F0B9
:10E470002FFC0028EFD004220B49204608F028FC8E
:10E480000028E8D005220949204608F021FCB0FA0E
:10E4900080F0400910BD00BFF4530020FC53002061
:10E4A000045400200C540020145400201C5400205C
:10E4B00030B589B004460D4601A8F1F70FFC069966
:10E4C000DDE904233BB1013B9B1A15442046636000
:10E4D000256009B030BD09B18B1AF6E7079B9B1A7E
:10E4E000F3E700BF70B5044688B0214601A8F1F7F4
:10E4F000F5FB05222449204608F0EAFB059E90B171
:10E500002378772B09D0042220492046002508F0E3
:10E51000DFFB80B940F2BB1517E06378732BF2D1B3
:10E52000A3783A2BEFD1042218492046502508F051
:10E53000CFFB0028EED006221549204608F0C8FB84
:10E5400040F2BB13002808BF1D4605221149204692
:10E5500008F0BEFB40F25B7306220F49002808BF9B
:10E560001D46204608F0B4FB42F2B323002808BF42
:10E570001D4616B9284608B070BDA01906F0DEFA8F
:10E5800085B2284608B070BD24540020F453002002
:10E59000FC5300202C540020045400202DE9F041AD
:10E5A0000D46016C07460120B0311646984606F02C
:10E5B000C9FA0446002848D0FA694FF4007347604E
:10E5C000013243674364436542632846FA61FFF7BB
:10E5D00089FF40BA04222E492083284608F078FBA0
:10E5E000B0FA80FCB4F8AC304FEA5C1C3A6823F413
:10E5F00080733C604FEA0C2C226023F001034CF046
:10E60000010C4CEA030CD4F88030C4E91E68A4F86D
:10E61000ACC023B10022012120469847A66F1EB14D
:10E62000002201212046B0472846FFF707FF28B106
:10E6300094F8AC3043F0400384F8AC30154B1B68C1
:10E64000022B14DC2046BDE8F081124B1B68002B26
:10E65000F8DD114B40F68F7210490120EAF7BCFF3C
:10E6600029460F48EAF7FEFF2046BDE8F08140F654
:10E670009D720A490320084BEAF7AEFF2B46094872
:10E68000D4E90C21EAF7EEFF2046BDE8F08100BF97
:10E69000544100202C460120002E0020D863002089
:10E6A0005C4100209C3E002008B5FFF777FF10B1C9
:10E6B000014BC0F8803008BD3D7F01002DE9F043DB
:10E6C00085B00D46044602AE3046FFF7F1FE2846FF
:10E6D000FFF708FF40BA04F11C02A08596E803008A
:10E6E000FBF7AAFD002851D1606890F81890B9F1A5
:10E6F000000F36D14168071DD0F81480002937D0AB
:10E700007B68002B63D01821012006F01BFA054618
:10E71000002866D061680A6B002A56D0138A01333C
:10E720009BB22B822A600D63EAF708FF94F8AC30A5
:10E7300018EB00006C6043F0080341EBE87184F8CB
:10E74000AC30294B1B68032BC5E902012BDC4B467F
:10E750002A8A31467868F8F73FFFE8B105B0BDE88E
:10E76000F083C16800F10C07D0F814800029C7D1EC
:10E770001E492046F8F792FB7B68002BC3D11C4949
:10E78000204605B0BDE8F043F8F788BB204605B049
:10E79000BDE8F043F7F772BC1649786805B0BDE8EC
:10E7A000F043F8F77BBB144B40F27112134904207D
:10E7B000EAF712FF2B8A616B01933B6810480093C4
:10E7C000DDE90232EAF74EFFC1E70123A9E71A4665
:10E7D00000F01CF878600028D1D00A4BC0F88030D7
:10E7E00091E709492046CCE72C4601208C440020C3
:10E7F000B8440020F4440020C82E0020D863002034
:10E80000D044002099540100C44400202DE9F04177
:10E8100019B11F460B780D46ABB93D4B1B68002B59
:10E8200003DC00242046BDE8F0813A4B40F67A72C2
:10E83000394901200024EAF7CFFE3848EAF712FFF1
:10E840002046BDE8F081016C064601209046B031BB
:10E8500006F078F9044600284BD0F369042246609C
:10E8600001332F494363F3614FF4007343674364FB
:10E870004365336830600360284608F029FAB0FA2F
:10E8800080F0B4F8AC304009214A23F48173C4F815
:10E89000788000021268E76740F00200022A40EA2E
:10E8A00003004FF0FF33A4F8AC00236313DCD4F86B
:10E8B00080301BB12A46012120469847A36F1BB127
:10E8C0002A4601212046984720462946FFF7F6FEB2
:10E8D0002046BDE8F08140F684720F4903200D4BBD
:10E8E000EAF77AFE2B460F48D4E90C21EAF7BAFE84
:10E8F000DDE7074B1B68002B93DD064B40F67C726F
:10E9000005490120EAF768FE0748EAF7ABFE89E708
:10E910002C460120342E0020D8630020F83D002032
:10E92000544100209C3E0020084E0020EAB16FEACE
:10E93000000C00B501EB020E0C4A11F8013B83EA12
:10E940000C00714500F00F0052F8200080EA1C1CFA
:10E950008CEA131303F00F0352F8233083EA1C1CD4
:10E96000EBD16FEA0C005DF804FB7047AC3200207D
:10E970002DE9F04F3E4B83B01E6802AF46B93D4BC8
:10E980001B68002B53DC30460437BD46BDE8F08FD2
:10E99000D36881468846144623B3B1FBF3F503FBE5
:10E9A00005F515B3DFF8E4A02A4623694946DAF8ED
:10E9B00000009847A84506461CD82F4C42464946B9
:10E9C0002068FFF7B3FF2B4B20601B68022B3DDC58
:10E9D000DAF80030304604374344CAF80030BD4608
:10E9E000BDE8F08F0D46002DDCD1A8452E46DFF89E
:10E9F0009CA0E2D9E668EB46FF21F31D324623F0E6
:10EA00000703ADEB030D02AB184608F089F8A8EB3D
:10EA1000050209EB050103F019FD0146DAF80000D3
:10EA2000324624692844A0470646DD46C5E7134B15
:10EA30004FF4E87212490120EAF7CEFD1148EAF7D7
:10EA400011FE30460437BD46BDE8F08F0B4B4FF446
:10EA5000EE720B490320EAF7BFFDDAF800104346D7
:10EA60004A46A1EB080108480096EAF7FBFDAFE72C
:10EA700070DE01202C4601204CDE01208C2E00206F
:10EA8000D86300207C430020A443002048DE0120FE
:10EA9000014AFFF76DBF00BF2047012082B002ABE3
:10EAA00003E9030003780146019A2E2B20D0002AA7
:10EAB00018BF002B14BF012000201DD0013104E03D
:10EAC000013A01F1010111D083B15C2B18BF2F2B4A
:10EAD0000B78F5D1012AF3D02E2BF1D191F801C09A
:10EAE000013A0131BCF12E0FEFD1002002B0704786
:10EAF00040782E28DBD1F8E70120F7E72DE9F04F29
:10EB00001346A9B00F461C6806925B6952680490D0
:10EB100007920593002B00F059812046002C00F04D
:10EB20005B8108F04DFE0346002800F09181002033
:10EB3000FA68814682460392224625460021AE4667
:10EB400015F8016B2C2E7FD001318B42F7D85B1A60
:10EB500004EB010E0025904612F8016B3D2E00F0EB
:10EB6000898001358D42F6D1039A002A79D001259A
:10EB70002046A046BE688946A84CAA4605F1FF3B40
:10EB8000013E621EA34402E0934500F0848012F827
:10EB900001CF16F8014FA445F6D07446002BCBD117
:10EBA0004B469F4A642100900FA8F7F77FFB831C18
:10EBB0000246632B00F24E8100238DF89F3000281F
:10EBC00073D1F968514500F284800FAB00250D9395
:10EBD00064238DF89F500E930DAB93E80300FFF76D
:10EBE0005DFF002800F03E810FA808F0E9FD012834
:10EBF00059D90FAB034402E001281D7053D013F81C
:10EC0000012D044601382F2AF6D0D7E902322AB165
:10EC100019782F2902D1012A00F0A0800022059B3B
:10EC20000FA81B68114698477E4B05461B68032BAF
:10EC30005CDC002D6DD1069B0FAA39460498FAF7CB
:10EC400019FA29B0BDE8F08F8B42A3EB010640F220
:10EC50001381AE46731E00297FF47CAF039A002A0D
:10EC600085D12046894674464FF0010A002B7FF477
:10EC700063AF95E7A942A1EB050640F2FB80904601
:10EC8000711E002900F0FA80039AAA4285D3BE685B
:10EC9000002D7FF473AF7446AA4640468946002B88
:10ECA0007FF44AAF7CE70446AFE700F1A001694476
:10ECB00011F8650C2F2884D02F2001F8640C02F184
:10ECC000A1010132694401F8643CF96851457FF6BD
:10ECD0007CAFB86800230FACA1EB0A01009350444D
:10ECE000C2F164032244FAF7C9FE6EE74E4B40F6C8
:10ECF0007A024E490420EAF76FFC0FAB04990195A4
:10ED000000934B48496BD7E90232EAF7ABFC002D80
:10ED100091D06A077DD4002D93DB079C002C8AD00C
:10ED20000FA808F04DFD0FAB0A902046099308F09C
:10ED300047FD0BAB09A9CDE90B40002400940CCB97
:10ED400003C9FAF711FC00283FF475AF394B22468E
:10ED500040F2F5110498F8F757F872E731490425A5
:10ED600009680329C2DC991811F8011C2F2940F009
:10ED700087800FABC4F164082F4A1E194146304604
:10ED8000F7F794FA30B10022059B0FA81B681146D3
:10ED9000984760B9294A41463046F7F787FAF0B1FB
:10EDA0000022059B0FA81B6811469847B8B10028A0
:10EDB000FFF647AF4307B0D5214B40F29311214AEC
:10EDC0000498F8F721F829B0BDE8F08F1E4B2046D3
:10EDD0000593002C7FF4A5AE2346A246E1E641460A
:10EDE0001A4A3046F7F762FA70B1059B00220FA865
:10EDF0001B681146984738B104F1A0030DEB0304DA
:10EE0000002304F8593CD2E700239D423370D3DA43
:10EE100017E7FA68002AACD0BB68A4E7E03E002000
:10EE2000583E00202C460120602E0020D863002090
:10EE3000643F002020410020B43F0020C03F00205C
:10EE4000E03F0020B850002004460120D03F0020C1
:10EE50008246A6E6104B4FF4C871104A0498F7F7A3
:10EE6000D3FFEEE60E4B4FF4C8710C4A0498F7F747
:10EE7000CBFFE6E6314604E733466BE6294673E608
:10EE8000049C08492046F7F7A7FF94F8AE306FF3CB
:10EE9000000384F8AE30D4E6403F0020B850002094
:10EEA000543F0020783F002040BA80B2704700BF36
:10EEB00000BA7047F0B5164685B090F8AC2005460C
:10EEC0000F4630461946C2F340026B46F2F76EF821
:10EED0000446694628462246F8F728FB18B9044636
:10EEE000204605B0F0BD324639462846F8F71EFBED
:10EEF0000028F5D0184B1B68032B1FDC95F8AC30AD
:10EF00009B0717D5A86CA8B12B6D9B1B18448EB11D
:10EF1000751E421EC0F101070544BB1812F8011FFF
:10EF200003F00303AA42034413F8043C83EA0103F9
:10EF30001370F2D13444204605B0F0BD074B0420D5
:10EF400044F62B420649EAF747FB3B463246314638
:10EF50000448EAF787FBD1E72C4601200C2E00205D
:10EF6000D86300208454002007292DE9F04FD0F801
:10EF7000846087B002D007B0BDE8F08F40F2022372
:10EF8000B0F8AC2004461340022B00F07A81236CC9
:10EF90000022A06B9B1B0292012BCDE90022EAD933
:10EFA0008119875D4D788DF8007045F3421205F0A8
:10EFB0007F057D2D02F0040200F219819342C0F01A
:10EFC0001681901C0295019005EB00084345D2D3B1
:10EFD000AAB101449DB105F1FF3C481EC1F1010EEB
:10EFE0008C440EEB000310F8019F03F0030360450F
:10EFF000A3EB0203CB5C83EA09030370F1D1B8F100
:10F00000000FB8D0DDF8048007F00F09A26B08EB01
:10F01000060308EB050A049502EB030B8DF8147048
:10F02000CDF80CB0B9F10A0F07D8DFE809F0551F89
:10F030001F0606060606C29E72004A4694492046EE
:10F040004FFA87FBF7F72AFFB9FA89F7BBF1000FF0
:10F050004FEA571780F2E880002F40F0E5805246D3
:10F06000314604F13800F6F703F890E74FFA87FBD2
:10F07000BBF1000FC0F2F58008F1FF3204F138084F
:10F08000711C0027404601926E18F5F7F1FF3B46D0
:10F09000C4F884601F40002F3FF479AFA36B721E49
:10F0A000D4F8805013F8011B04928DF814100393C8
:10F0B0001DB103AA0D212046A847A36F1BB103AAC7
:10F0C0000D21204698473246002640460021F5F79C
:10F0D000CFFFC4F884605AE7D4F880301BB103AA8C
:10F0E0000E2120469847A36F1BB103AA0E2120468C
:10F0F00098474FFA87FB0127424604F1380831460A
:10F100002E44404607EADB77F5F7B2FFC4F8846087
:10F11000C1E7D4F880301BB103AA0E2120469847DE
:10F12000A36F4FFA87FB1BB103AA0E212046984715
:10F13000BBF1000F93DB0027711C08F1FF3204F1D3
:10F1400038084E1901924046F5F792FFC4F88460E2
:10F150004FEADB73B9F1000F9CD0002B9AD02A46FE
:10F1600031464046F5F784FF95E74A4B1B68022B72
:10F170006BDC0A2359462A462046FFF79BFED4F84B
:10F1800080301BB103AA0E2120469847A36F1BB104
:10F1900003AA0E21204698474FFA87FBB9FA89F750
:10F1A000BBF1000F4FEA5717C6DA002F3FF457AFF5
:10F1B000C2E7384B1B68022B3BDCD4F880301BB114
:10F1C00003AA0E2120469847A36F1BB103AA0E2164
:10F1D0002046984708232046DDE90312FFF76AFE20
:10F1E00094F8AD3043F0100384F8AD30D4E77E2DB1
:10F1F00011D002F10A0083420AD3D1F806500190DF
:10F200002DBAB5F1804F029503D907B0BDE8F08F54
:10F2100000250198D8E6101D8342EAD34D8801905D
:10F220006DBAADB20295CFE6B9F1000F3FF464AF0D
:10F2300082E719490320194B44F66742EAF7CCF9F3
:10F24000616B1748EAF70EFAB7E713490320134B2F
:10F2500044F65B42EAF7C0F912491348EAF702FAAA
:10F2600087E7D4F880301BB103AA0D2120469847C8
:10F27000A36F002B3FF4E8AE03AA0D212046984768
:10F28000E2E6F8F703F900283FF481AE73E600BF29
:10F290004C5400202C460120D8630020A42D0020CF
:10F2A0003C54002034540020604100200CB42DE96F
:10F2B000F0410F460646A6B0474938460024F5F708
:10F2C0005DFB464BC6E92034002873D0054644490F
:10F2D0003846F5F753FB2DAB80460FA80193414B01
:10F2E0000F9303F18833109303F12943A3F5961389
:10F2F000A3F68B631193A3F1883312933A4BD5E9AC
:10F30000001213930DF10705CDE91444F8F718FB2B
:10F3100024220FA83549F8F713FB0FA902A8F8F724
:10F3200057FB22468DF81C400DF11B0415F8010F08
:10F3300007A9F4F7FDFE0246A542F7D106F14804FD
:10F34000014607A8F4F776FF07AB294A214629486A
:10F35000F7F7B4FC2C9B2BB101AB21462C9A254826
:10F36000F7F724FAB8F1000F05D023493046D8E961
:10F370000032F7F731FD022220493046F8F7D6F87F
:10F38000D6F8AC30D6F8804023F4813343F40073D0
:10F39000C6F8AC301CB13A460C213046A047B36FDA
:10F3A0001BB13A460C213046984726B0BDE8F041E3
:10F3B00002B07047124B4FF4D571124A3046F7F73E
:10F3C00023FD96F8AD3043F0100386F8AD3026B03B
:10F3D000BDE8F04102B070479854002069CD0100AB
:10F3E000C454002001234567F0E1D2C3DC5400205F
:10F3F00004550020C12D01006C550020B03F0020B5
:10F40000AC540020B85000202DE9F047204B4FF0BD
:10F4100000720A25DFF884901E4EDFF884801E4FAC
:10F420005A60D9F8004040F6370106EBC4034FEAB2
:10F43000C40A5A8893B212F4004F03EA010320D1A0
:10F44000B3F5006F0CD136F8341004EB44003A6881
:10F4500089B208EB4020042988BF0439F6F7BEFCC6
:10F4600006EB0A02013400215388032C9BB294BF9F
:10F47000C9F80040C9F80010013D43F4004353802F
:10F48000CFD1034B4FF080721A61BDE8F08700BF07
:10F4900000802D40C066012060DE01206CDE01206E
:10F4A000C04E01202DE9F0470D46904604464368C2
:10F4B0004FF400420021284698472368002128463F
:10F4C00098470304F9D40221236828469847236803
:10F4D00006460321284698474B4B07461B68012BDD
:10F4E00049DC4AF23123A6F500599F42B9FA89F95D
:10F4F0004FEA591921D1B9F1000F1ED0636828468F
:10F500001F220D219847636828464FF4B8720E21D8
:10F5100098476368284644F21F020D2198476368A4
:10F5200040F20D120E212846984718F0010F02D024
:10F53000B9F1000F17D1BDE8F08718F0020FF4D130
:10F540004AF231239F4244D0B9F1000F41D045F631
:10F55000A2439F42E9D06368812217212846984739
:10F5600018F0010FE7D0636828464FF42072182185
:10F57000BDE8F0471847254B44F64962244902206C
:10F58000EAF72AF8222E39D00CD8072E1DD0214BAD
:10F59000214A1C2E18BF13463A4631461F48EAF747
:10F5A00061F89EE7B6F5005F11D14AF240139F4221
:10F5B00026D04AF231239F4224D045F6A241184B6F
:10F5C000184A8F4218BF1346E6E7174BE4E7124B81
:10F5D000E2E7222EA9D123680021284666689847D1
:10F5E00020F48060002182B22846B0476368284634
:10F5F00048F280121F21BDE8F04718470B4BCBE7BC
:10F600000B4BC9E70B4BC7E72C460120DC2A002037
:10F61000D86300201C440020244400202C440020F7
:10F62000FC4300200C44002014440020EC43002044
:10F6300004440020F4430020F0B53B4A4FF400415D
:10F640003A4D06463A4802F5C064698083B06A6064
:10F65000066002F5406002F590526981EC606982B3
:10F6600068616983EA616A8B324B92B2324FD6F895
:10F6700028C042F400526A8303F5C0627B60FA60DE
:10F6800003F5406203F590537A61FB617B8B2B4A53
:10F690009BB243F400537B8301235362536ADB071D
:10F6A000FCD4BCF1000F09D0DCF80030002B05DBE6
:10F6B0005B0003F07E0343F4807301E04FF4987322
:10F6C0001E4C1F4A63646B4692E80300012283E8E4
:10F6D000030018469CF80410FFF7E4FE194B4FF4A2
:10F6E00081704FF08072C4F884300423C4F8C430B1
:10F6F0004FF4C063C4F88051C4F88471C4F88831F1
:10F70000737931791B0443EA01634FF00071C4F847
:10F71000E83033681BBAC4F8E43060620120A160AD
:10F720002261626103B0F0BDC04E0120C0660120BD
:10F7300060DE012000670120007F012000802D4055
:10F74000DC0A00200401EE052DE9F0410D460646D5
:10F750001F460121036828469046984700F024037D
:10F76000202B03D13368012128469847B8F1000FB8
:10F7700018BF002FC0F380040DD064B1336802219C
:10F7800028469847B0F5005F17D0222806D00728F2
:10F7900029D01C2833D02046BDE8F08133682846A4
:10F7A0001E219847C0F3800300F0030088F8003062
:10F7B000013818BF01203870EDE73368032128466F
:10F7C00098474AF2312398423368284623D01021C3
:10F7D0009847C0F3800380F0020088F80030C0F33F
:10F7E00040003870D7E7336828461F219847C0F398
:10F7F0000013C0F3C00088F800303870CBE73368DE
:10F80000284600219847C0F30023C0F3403088F811
:10F8100000303870BFE711219847C0F3403388F8B3
:10F820000030030454BFC0F3873002203870B2E7C1
:10F8300070B50C4684B011B9204604B070BD274B9A
:10F84000054602AC002293E803008DF806200DF176
:10F8500006038DF807200DF1070284E80300A96A6A
:10F8600020460979FFF770FF95F884300446002B95
:10F87000E2D10028E0D01A4B9DF80620D3F8C460EE
:10F88000D3F8845025F400750AB945F400759DF845
:10F89000073003B346F00406114B124AC3F8C460A4
:10F8A000C3F884501368022BC6DD0F4944F6E852B2
:10F8B0000E4B0320E9F790FE15F4007F0C4B14BFAC
:10F8C0000A21642116F0040F0A4A0B4808BF1A46A1
:10F8D000E9F7C8FEB0E726F00406DDE7DC0A002001
:10F8E00000802D402C460120D8630020D42C00201D
:10F8F000284600202046002030460020024B00EB26
:10F90000400053F830007047F00500200000000070
:10F9100010B42F23124C02E014F8013F3BB110F851
:10F9200001CB9C45F8D000205DF8044B704700786F
:10F9300068B911B14CF66B430B6022B106A1D1E955
:10F940000001C2E9000107485DF8044B7047184602
:10F95000EAE700BFAFF3008086CAE7670000000057
:10F96000DC530020706500202DE9F04385B00F4680
:10F9700004AB03E9030009B3134E8046134D06F1AF
:10F980000C0929680846019107F01AFF04460199FD
:10F990004046A74222460CD307F09AF948B9A7423D
:10F9A00003D918F804302F2B03D1284605B0BDE841
:10F9B000F0834E4502D056F8045FE2E70025284662
:10F9C00005B0BDE8F08300BFA4570020D446012055
:10F9D0002DE9F04F8946116887B00B1D13600B4667
:10F9E00053F8084B136023684A680592002B72D0C5
:10F9F00000258046DFF820B12E4611E0A268002ADB
:10FA00005FD0DAE90001CDE9000149464046F7F749
:10FA100055F9049D054454F8183F0136002B38D0A1
:10FA2000E76800222E49404602932E4B01929642EF
:10FA300018BF0B462C495A460091059901EB070A5D
:10FA40004946F7F73BF94319656828492846049366
:10FA500007F08AFC08B32649284607F085FC0028F1
:10FA6000CCD02449284607F07FFCD0B9059B224A18
:10FA7000D95D224B002908BF1346214A494640461A
:10FA8000F7F71CF9049D54F8183F01360544002B84
:10FA9000C6D1284607B0BDE8F08F059B194ADB594F
:10FAA000ECE72846184907F05FFC60B90E4B494661
:10FAB000164ACDE9000A4046F7F700F9049D0544CF
:10FAC000A9E7134A9DE7134A49464046F7F7F6F877
:10FAD000049D05449FE71D46284607B0BDE8F08F0A
:10FAE0008C200020B85000206DEC0000A8560020AB
:10FAF000AC560020B45600204C4100203C41002070
:10FB000060410020D41F0020BC560020C4560020B5
:10FB10009C56002044410020A056002013682DE987
:10FB2000F04F0F46191D03F10C0C87B011601946F8
:10FB30008246012051F8089B0646DFF8B4B01160F8
:10FB40005C68D9F81C1025686468C2F800C00022FF
:10FB50009B68039504940292D3E9004504F0F2FFF8
:10FB6000804611E0CDF804803946D9F81820504677
:10FB700000921D4AF7F7A2F8029B03440293013456
:10FB800006F1010645F10005039B204642469C42D2
:10FB9000049B75EB03031FD2D9F820302946984700
:10FBA000012E124A5B46DDD039465046F7F786F8FB
:10FBB000CDF80480D9F818303946059050460093A6
:10FBC0005B46094AF7F77AF8059B142E034418465A
:10FBD000029B03440293D2D1404605F019F80298E3
:10FBE00007B0BDE8F08F00BF945600208C200020A5
:10FBF000D1D70100052918D9052270B50C4682B06D
:10FC00000B49054607F064F860B96E46691D621F2E
:10FC10003046F9F7E1F996E8030002B0BDE870401C
:10FC2000FFF7A2BE002002B070BD0020704700BFE9
:10FC3000983700202DE9F04190F8883084B00446D0
:10FC400000F18806A3F15503B3FA83F35B09072992
:10FC500014BF002503F00105BDB9092900D113B96E
:10FC600004B0BDE8F081D0F8983080F888501BB11E
:10FC7000D0F8940000B198470023C4F8883073602E
:10FC8000B360F36033617361EAE7D0F88C30002B26
:10FC9000E6D0076C002FE3D0D0F890203A4493428E
:10FCA00048D927F4FF7727F00107002F42D1DFF86A
:10FCB0001C81D8F80030022B65DC3A46394604F145
:10FCC0003800F5F7D5F9D4E923319942C8D3D8F8EB
:10FCD0000030012B0EDD364B4FF49872354902206F
:10FCE000E9F77AFC616BD4F890203348E9F7BAFC65
:10FCF000D4F89010314B002200912046C821F7F72C
:10FD000083F80022D4F8983084F888201BB1D4F806
:10FD1000940000B198470023C4F888307360B36042
:10FD2000F3603361736194F8AD3043F0100384F8ED
:10FD3000AD3095E7D4F89C303A46A16BD4F89400E6
:10FD40009847D4F89030DFF8848005463B44C4F8E7
:10FD50009030D8F80030022B15DC3A46002104F12F
:10FD60003800F5F785F9002DADD1154B4FF4C8716A
:10FD7000144A2046F7F748F8D4F8983084F88850A9
:10FD8000002BC4D1C7E70A4B40F2271209490320D0
:10FD9000E9F722FC0295D4F88C303A460A480193E0
:10FDA000D4F890300093236C616BE9F75BFCD4E7E7
:10FDB000E82A00207C640020D0640020E464002055
:10FDC000C0640020B85000209C6400202C46012014
:10FDD00070B586B01C461346EC460A9D8CE80300BD
:10FDE00002A89CE80600F5F7D3FC039A012A03D980
:10FDF00002990B78222B01D006B070BD04AE013100
:10FE0000023A3046F9F7E8F82B46224696E8030016
:10FE100006B0BDE87040FAF7A5B900BF2DE9F04F74
:10FE20000A2990F8AD70C3B00446154607F00207E2
:10FE300002D1002F00F0A280022900F089800B2956
:10FE400057D1002F52D194F88830002B4ED1A846BC
:10FE50000DF16809E96858F8080FFFF7CBFEB849BB
:10FE600006464846F9F7ACF8009799E80C0098E880
:10FE70000300F9F779FB002840F0F0800DF17009DC
:10FE8000B0494846F9F79CF8009799E80C0098E8C3
:10FE90000300F9F769FB002800F0E7803A4629469D
:10FEA0002046FFF703FAA84B1B68022B1EDDA74B69
:10FEB0004FF40D72A6490320E9F78EFBEB6800931F
:10FEC000AB680193236DA06CD5F804220F2B00F1D1
:10FED000090005930292616BD5E9003204908CBF52
:10FEE0000320002003909B48E9F7BCFB43B0BDE82A
:10FEF000F08F0D2908D101232046D5E9001243B027
:10FF0000BDE8F04FFEF7D6BF0529EFD1E36F002B18
:10FF1000ECD016AD2422002129A806F001FE2846C7
:10FF20008D49F9F74DF82BAB95E8030083E8030002
:10FF300028468A49F9F744F82DAB95E8030083E891
:10FF4000030029A92046FAF7F1FA43B0BDE8F08F83
:10FF5000002FCBD194F88830412BC7D1D4F88C3006
:10FF600098470028C2D17E4BC8217E4A2046F6F72A
:10FF70004BFFC4F88870C4F88C70B7E790F88830ED
:10FF8000002BB3D1D2E90201FFF734FE0646002868
:10FF9000ACD047687449384607F0E6F928B1734990
:10FFA000384607F0E1F90028A0D1D6F820800DF1FD
:10FFB000800A6F490DF1880B5046D6E90697002656
:10FFC000C4F88860C4F88C60C4F89060C4F8946089
:10FFD000C4F89860C4F89C60CDE92266CDE9246637
:10FFE000CDE92666F8F7ECFF05F10801CDF800B081
:10FFF0009AE80C0003C9F9F7B7FA642329AA009616
:02000004600298
:10000000DDE92401F9F73AFDD5F8041229A8C8471B
:100010004D4BC4F894001B68022B62DC552384F816
:10002000883000286FD0D5F804320021D5F80C2292
:1000300004F13800C4F88C30C4F89870C4F89C807F
:10004000F5F716F84B48002304F14002A06707219A
:100050002046C4F88030F4F781FA47E7464BC821C0
:10006000404A2046F6F7D0FE1DE70DF178094349D6
:100070004846F8F7A5FF009799E80C0098E80300B8
:10008000F9F772FA00284CD1002E00F091807768C1
:100090003B49384607F068F9002800F09D8039494F
:1000A000384607F061F9002800F096803649384656
:1000B00007F05AF90146002800F0AB803349384672
:1000C00007F052F9002800F06A813149384607F0FC
:1000D0004BF9002840F07481B369294620469847BF
:1000E000E1E62C4B4FF4A47219490320E9F774FAA6
:1000F000294829A9D4F89430D5F80422E9F7B2FAAE
:10010000D4F894008AE7254B4FF4C871154A20466D
:10011000F6F77AFE94F8AD3043F0100384F8AD3072
:10012000E4E61F4920461F4A1F4B019709680292C7
:1001300000930391C8211D4B0A4AF6F765FEB2E60B
:1001400090390020A03900202C4601204C2C0020A2
:100150007C6400205C3A00207C3A0020583C00205F
:100160003C410020543900200C3900201439002073
:100170001839002035DA010098390020AC39002008
:10018000D0390020D8390020F0390020283A00204A
:10019000303A0020182B002024390020403900205C
:1001A00050DE0120C83900206DEC0000BC39002071
:1001B00094F88830002B7FF476AE904B2946904A15
:1001C00020462E938F4BCDE9292729AA2B93CDE9E1
:1001D0002C77FEF793FC66E6F169012004F0B2FC8F
:1001E000336A80469847D5F8043213B1F269002A81
:1001F0005BD1CDF808802046B269C821824B0192BC
:100200000093824A824BF6F7FFFD404604F000FD62
:1002100049E6242229902AA822AF06F081FC4FF05B
:10022000000AB36A4FF0000B9847282329AA0DF162
:100230008008CDE91801774905F11000CDE920AB20
:10024000F9F794FC29A93846F8F7BAFE08230A22E0
:100250000093434697E80300F9F7C4FA08B9CDE9DB
:1002600020AB18AB6C4800216C4A0E9069480D9188
:1002700008906B4807910191C8210C920692009258
:1002800002902046614ACDF84880CDE91063DDE94F
:100290002067644BCDE90A67DDE918670F93624B6D
:1002A000CDE90467F6F7B0FDFDE511460120159292
:1002B00004F048FC159A4146824602F0C7F8B76937
:1002C0003B68002B4CD04FF01809A34618E0574963
:1002D000204607F049F8002831D05549204607F05C
:1002E00043F8002833D02046524907F03DF8002853
:1002F0004BD0B76957F809304F4409F1180973B367
:1003000064214D4A29A8F5F7D1FF7C684B49204666
:1003100007F02AF80028DAD105F5007122AB29AAE6
:1003200003C9F5F751FA0028E3D0FB689DED227B65
:10033000BDEEC77B17EE102A4AF80320D9E7FB6809
:1003400029AA5344D5E98001F5F766FAD1E7FB689D
:1003500029AA5344D5E98001F5F736FAC9E75C4686
:10036000F2695146404606F02FFB18B1344A136833
:1003700001331360736A0BB150469847504604F03E
:1003800047FC336A4046984733E7D7E90332009287
:10039000534429AAD5E98001FFF71AFDA9E7D5F84A
:1003A0000422D6E90673A2B11146D5F80002984797
:1003B000B847E0B14123C4F88C7084F8883072E506
:1003C000204B4FF4FA71114A20460097F6F71CFDB6
:1003D00069E5B8471C4B1D490C4A002808BF19465F
:1003E0001B4B20460091C821F6F70EFD5BE5164B2E
:1003F000C821064A2046F6F707FD54E5DC450120F2
:10040000503A002074390020D1D70100543900201F
:10041000E8390020F8390020D83900206DEC0000C0
:10042000203A00201DD90100003A0020B4560020D7
:10043000AC560020BC560020E0390020A856002011
:1004400050DE0120383A00204C4100203C41002081
:10045000604100200FB4F0B585B00AAD02AC55F88C
:10046000047B20463946F8F7ABFD94E80300FFF71C
:100470007BFA019530B3466804462E49304606F0B3
:1004800073FF40B90B9B23626B68636205B0BDE8E4
:10049000F04004B070472849304606F065FF20B3AD
:1004A0002649304606F060FF40B32549304606F045
:1004B0005BFF18B32349304606F056FF50BB0B9B39
:1004C000A361E3E7204B1B68002BDFDD1F4BA72256
:1004D00001201F49E9F780F839461E48E9F7C2F8BC
:1004E00005B0BDE8F04004B070470B9A6B68C4E9F2
:1004F000062305B0BDE8F04004B07047019BD3E986
:1005000000129B68C4E90612236205B0BDE8F04002
:1005100004B070470C4B1B68002BB7DD01200B4B60
:10052000B9220B49E9F758F839460B48E9F79AF828
:10053000ACE700BFD8390020283A00201439002049
:100540000C390020303A00202C460120182E0020C3
:100550007C640020D0550020E855002010B51348D9
:10056000F5F728FD124C0320124B40F23E3212499F
:1005700020600220E9F730F81048E9F773F800230B
:100580000F4A10490948FEF78FF82368012B00DC59
:1005900010BD0220074B40F262320749E9F71CF810
:1005A0000948BDE81040E9F75DB800BFF8DA01205E
:1005B0002C460120F02C00207C6400208C5500206B
:1005C0001DDC0100A4550020B85500200A21014877
:1005D000FDF7F4BBF8DA012008B5F8F7E5FC044BA9
:1005E000D3E900239042994134BF0120002008BD87
:1005F000E8810120104B00B51B6883B0022B02AAD2
:1006000002E903000BDCF8F7CFFC10F57A700B4B16
:1006100041F10001C3E9000103B05DF804FB0D22C4
:1006200007490320074BE8F7D7FF0748DDE900211A
:10063000E9F718F8E7E700BF2C460120E881012020
:10064000EC370020002D00200C38002008B5F8F70A
:10065000ABFC044BD3E900239042994134BF012005
:10066000002008BDE0810120104B00B51B6883B05D
:10067000022B02AA02E903000BDCF8F795FC10F547
:100680007A700B4B41F10001C3E9000103B05DF842
:1006900004FB162207490320074BE8F79DFF074894
:1006A000DDE90021E8F7DEFFE7E700BF2C46012087
:1006B000E0810120EC3700205C2C00200C38002069
:1006C00070B5064608460D46F5F7A6FD0A4B0446EA
:1006D0001B68022B01DC204670BD084B1C22032046
:1006E0000749E8F779FF23462A4631460548E8F7E7
:1006F000B9FF204670BD00BF2C460120242B0020EE
:10070000EC370020C837002010B5002184B0064C1B
:100710004FF4FA72029000230448CDE90014F5F773
:1007200017FA012004B010BD25400100F8DA0120BD
:100730000F4B1B68022B70B50C46154605DC29468D
:100740002046BDE87040FEF7A3B90646094B2422B7
:1007500003200949E8F740FF31462B462246074867
:10076000E8F780FF29462046BDE87040FEF790B9C3
:100770002C460120F82A0020EC370020DC3700202E
:100780005422024908B501F061FE08BD3847012036
:1007900001465422024808B501F058FE08BD00BFCA
:1007A0003847012010B40023114C01E0142B0AD06B
:1007B0001A01D9B2013312598242F7D101315DF8E1
:1007C000044BC8B270470B490022094B0C6803F573
:1007D000A07059688C4203DD1A72DA60C3E9002206
:1007E00010338342F5D100205DF8044B704700BF01
:1007F000E8CF012038DF01202DE9F04F994603783A
:1008000089B0012B9DF848A003D0002009B0BDE8B5
:10081000F08F022300268478054688461746037029
:100820000681002C00F03A8100F11B0B5C441BF8A0
:10083000010F4FEAF66605F025FF5C4586EA0006E3
:10084000F5D1A8F1F00805F1F0040023B8F1000F8C
:1008500008DC0CE0352A00F0EC804A7802321344C0
:10086000984503DDE25CE118FF2AF3D100232B4415
:10087000304693F8F0300193FFF794FF019B8346D5
:10088000012B00F0BE80032B00F0AC80002800F0AC
:10089000AA8006230AF1FF3A3A68D3442A6185F810
:1008A00013B085F8F230B8F1000F40F23513A5F817
:1008B000F0300FDD3522002308E0372A00F0958064
:1008C0004A7802321344984504DDE25CFF2A04EBC7
:1008D0000301F2D100222146904605A84FF0040AF8
:1008E00001F0B4FD362385F8F4A085F8F3303B68B9
:1008F000DFF800B2C5F8F530794B85F8FAA0CBF8EF
:100900000030C5F80731332385F800A185F8F930A8
:10091000744B85F806A1C5F8FB303A2385F8FF3003
:10092000714BC5F801313B2385F80531B8F1000F53
:1009300000F0B08005AE1B276FF07F431399B044E1
:1009400016F8010B421E0E2A15D8DFE802F0081433
:100950001F14141F45141414141414142900E2193C
:100960000120CBF80030E055063782F801A0DBF813
:100970000000C2F80200B045E2D107F1F1003D44A9
:10098000FF2385F8F03009B0BDE8F08FE219E0559B
:10099000063782F801A0D9F80000C2F80200EAE7A1
:1009A0000029E8D00A78002AE5D00846139106F01D
:1009B00007FF4FF00F030246E019E3554270B81CE1
:1009C00013992044019201F041FD019A13996FF0AF
:1009D0007F4302321744CEE700220720CBF80020E5
:1009E000E219C0E778BB06235BE7E218023392F80E
:1009F0000180E118B8F10C0FA8BF4FF00C08424677
:100A00006BE7C0B1394A0BF1FF33D2F800C0DAB25C
:100A1000132A16D8364842F2107100EB03126144D3
:100A20001B015160C650012313720023D3600223BF
:100A300030E702331BE7FFF7B5FE83460028D2D02C
:100A4000E0E7022326E7B8F1000F0CDD002306E003
:100A50000C2A25D04A7802321344984503DDE25C23
:100A6000E118FF2AF4D100200BF1FF331F4AD9B25D
:100A70001268132932D81E49DFF87CC0944401EB78
:100A800003121B01C2F804C0CE500223D0601372BF
:100A90000523FFE64FF486701B2770E72646D0E655
:100AA000E21850780028DFD005F1F10201941A44D1
:100AB000F13302442B4400201446CDE902651D4663
:100AC0004FEAF06615F8010F05F0DCFDAC4280EA54
:100AD0000600F5D1039DDDE90146C5E70523D9E60A
:100AE00000012750000151800000A8C038DF01201C
:100AF000E8CF0120C4DD0120005C260501207047FD
:100B0000B0F84630B0F848209BB292B2934202D27D
:100B1000013AD01A7047416B01390A44D01A704724
:100B2000016972B6B0F84A20B0F84C3092B29BB26C
:100B30009A423CBF806B1218C86AD31A62B6C0F3DF
:100B400002601844704700BFB0F84A100246B0F87F
:100B50004C3089B29BB2994210B4046914D001336D
:100B6000906B116B984298BF0023994206D85B1A8C
:100B7000526AD05CC0B25DF8044B7047126A5DF8EF
:100B8000044BD05CC0B2704772B6B0F84A0080B275
:100B9000814201D062B6E2E7E36A13F0E06F03D16D
:100BA0004FF0FF3062B6E6E7E36901200024116AE6
:100BB000A2F84A00C3F30900DBB2A2F84C404B7024
:100BC000F0E700BFB0F84A100246B0F84C3089B2E6
:100BD0009BB2994230B4046925D00133946B9C4296
:100BE00016D9106B1FFA83FC984217D9106AC05CA3
:100BF000C0B2956DA2F84CC045B199421CD3CB1A36
:100C0000D16B994202D3D36DC5F8883030BC7047A0
:100C10004FF0000C106B63469842E7D8181A556ADB
:100C2000285CC0B2E5E7084672B6B2F84A1089B24D
:100C3000884204D062B6D0E70C44E31AE0E7E36AE6
:100C400013F0E06F03D14FF0FF3062B6DEE7E069EA
:100C5000C0F30900F9E700BF90F8443043B110B584
:100C6000044603F05FFA94F84430002BF9D110BD2C
:100C7000704700BF38B5D0E90453D3E903120968BF
:100C8000114228D090F84420044632B103F04AFAC9
:100C900094F84430002BF9D1636900210E4AA96110
:100CA000207E03EB0010007D02EB0010456805205C
:100CB0002860657E03EB051393F8343002EB0312D2
:100CC000A36D52681060A4F84A10A4F84C1013B138
:100CD000E26DC3F8842038BDA033002007EE901ADF
:100CE0009FED9A7A0421B6EE005AF8EE677A9FEDEE
:100CF000986A41F6FF7CC7EE275A2DE9F0478E46E9
:100D00000569012407EE901AF8EEE77A85EEA77AD6
:100D100077EE057AFDEEE77A17EE903A6345A8BFC5
:100D20006346012BB8BF012307EE903AF8EEE76A5D
:100D300076EEC76AC6EE877AF5EEC07AF1EE10FA63
:100D400048BFF1EE677AF4EEC67AF1EE10FA03D8F6
:100D5000B0EE676A8E461C4601312129D2D10021AE
:100D6000436902F40076A0F84A10B3F85AC08E42E4
:100D7000A0F84C10B3F85860A0F84610A0F848103E
:100D800080F84410816BDF68A1EB0606A1EB0C0133
:100D9000C0E90F6139681E6941EA0601396014BF74
:100DA00001210021817640F0AC80017E694E03EB89
:100DB0000118DFF8C09198F81470D8F81CA006EB61
:100DC0000717B968C1F800907968D8F818700F60F3
:100DD000BAF1000F03D0D8F82010CAF80010477EEF
:100DE000D92103EB071898F834C006EB0C1CDCF88B
:100DF00008703960DCF80410D8F838700F60417E54
:100E000003EB0111CF6B0FB1096C39600EF1FF31AB
:100E1000BEF1080F4FEA0161CCBF4FF0000E4FF05A
:100E2000010E01F0F85144EA4E4421435C68296107
:100E3000597801F110030021E960474941F8234046
:100E400041694FF0010E454C02F0030C4F7891F8C8
:100E50005610434B39554FF002174469617803EB44
:100E6000511301F01F019B000EFA01F11960EF62AE
:100E7000AB6A43F08803AB6253073ED44CF4701363
:100E800002F00F01042908BF43F0804397062ED5D6
:100E9000817E43F0805300293AD11607AB6103D518
:100EA0002B6943F000532B616B69D10623F080530B
:100EB00048BF43F080536B61D30503D52B6943F4DE
:100EC00000532B61A36883B1264E3478002C3AD0AE
:100ED000611E254DC9B22B1F05EB810101E099422E
:100EE00025D053F8042F9042F9D1BDE8F087817ED8
:100EF0000029D2D043F0A003CFE71C4B4CEA0303F8
:100F0000BEE7477E4FF2D901124E03EB07186AE79E
:100F1000417E43F0A00304EB011191F8341006EB7D
:100F20000116B668316821F440413160B5E7631CB1
:100F3000DBB20F4A3370137845F8240043F0020304
:100F40001370BDE8F0870123074DF2E7001BB74B94
:100F5000EC78AD60A0330020004C012000E400E0FC
:100F6000403800388CDF0120A8D5012010003C005B
:100F7000C0DF012038F00100EFF31380B8B9EFF3C0
:100F800010834BB9EFF305823AB94FF48073EFF356
:100F9000118050B1984208D270470F2AF7D9054BFB
:100FA0009B5CEFF311800028F4D1184670474FF096
:100FB000FF30F1E7F0E300E0B0F84C30826D9BB217
:100FC000A0F84A3012B1C36DC2F88830704700BF34
:100FD00010B4416299B1036B1A44446900218263E1
:100FE000B4F85830B4F85A40D31AA0F84A10121B7B
:100FF000A0F84C105DF8044BC0E90F327047026B4B
:10100000EBE700BF816241B1C36A1A440023426327
:10101000A0F84630A0F848307047C26AF6E700BF33
:10102000036D2DE9F04104460F46066913B1426D88
:10103000C3F88420A37E2BB172B6B36943F000538A
:10104000B36162B6B4F84650636BADB20135AB42E2
:101050004CD84FF000084546B4F848309BB29D424A
:1010600019D028E073691B0210D5B4F84830626BC0
:101070009BB201339A4236D99AB2E16A99422DD98C
:10108000E169CB5CDBB2F361A4F84820B4F84830E6
:101090009BB2AB420FD1FFF76FFF6369B3F85630D5
:1010A0008342DFDAFF28F1DD03F03CF8B4F8483082
:1010B0009BB2AB42EFD0E36AAB421AD9FFB2E3690D
:1010C0005F5572B6012084F84400A4F84680B369E5
:1010D00043F40003B36162B6BDE8F0815B1AA16A14
:1010E000CB5CDBB2CFE700221346C6E71FFA85F8D8
:1010F000B2E7ED1AFFB2A36A5F55E2E7FFF790BFD0
:101100000269536913F4401F70B543D0D36A13F0DA
:10111000E06FC3F3026E3AD0B0F84A50B0F84C60BA
:10112000ADB2B6B207E0016A01F803C00EF1FF33B9
:1011300013F0FF0E1DD0D1696B1C846BB0F84CC04E
:10114000C1F309019C4298BF00231FFA8CFC9C4507
:10115000ECD0046B5FFA81FC1D469C42A3EB0404B7
:10116000E1D8436A03F804C00EF1FF3313F0FF0E19
:10117000E1D1ABB2A0F84A30836D43B1B54254D34C
:10118000AD1B016CA94202D8C16DC3F8841053692C
:10119000D90245D49669330228D553691D0225D555
:1011A000B0F84650B0F84830ADB29BB206E0C16925
:1011B000C95CC9B2D161D16A4C0512D4AB4238D0F6
:1011C000446B0133C16A9C4298BF00239942A3EB50
:1011D0000104ECD8816A095DC9B2D161D16A4C05BC
:1011E000ECD599B2AB42A0F8481025D0710216D5C3
:1011F00053695B0213D50021036D80F8441013B1CD
:10120000416DC3F88810837E2BB172B6936923F0C9
:101210000053936162B6936923F48003936170BDB8
:10122000536943F480135361B4E7816B891B0D4408
:10123000A7E79BB2A0F84830936923F400039361B9
:10124000936943F480039361D0E700BF0148FFF73F
:1012500057BF00BF403301200148FFF751BF00BF17
:10126000A03301200148FFF74BBF00BF003401202D
:101270000148FFF745BF00BF603401200148FFF778
:101280003FBF00BFC03401200148FFF739BF00BF96
:1012900020350120084602F0B1BE00BFF8B5044673
:1012A0000D46C71D002308460A2214F8041F0C4EE1
:1012B00000F0DCF82B682E201B68B3420CD102F042
:1012C0009DFE14F8011F00230A22284600F0CEF8E4
:1012D000BC42EFD10420F8BD2E2128469847F0E704
:1012E00095F00100012A70B508BF0A228AB091B3B7
:1012F0004FF0210E01E05FFA86FE0EF1FF36B1FBE2
:10130000F2F502FB15145FFA84FC092C0CF137048A
:101310000CF1300C98BF5FFA8CF40EF1280C88BFEA
:10132000E4B29142EC4429460CF8244CE3D24BB190
:101330000EF1FF3E2D225FFA8EFE0EF128036B4464
:1013400003F8242C036801A9CEF122025B687144E2
:1013500098470AB070BD30224FF0210E8DF825203D
:10136000E5E700BF2DE9F0410C46D1B1EAB1804676
:101370008E1800250E4F04E002F040FEB4420544F2
:101380000CD0D8F8003014F8010B1B68BB42F3D026
:10139000014640469847B4420544F2D12846BDE88C
:1013A000F0810D462846BDE8F0811546F6E700BFFE
:1013B00095F001002DE9F0418C688AB0DCB1002580
:1013C000884606462F462B46212201A9404600F0BA
:1013D00053FA202C2246336828BF202201A9304628
:1013E0005B68A41A154498470744002CEBD1384693
:1013F0000AB0BDE8F081274638460AB0BDE8F08162
:10140000002903DB00230A22FFF76CBF49422D238A
:101410000A22FFF767BF00BF00B5036883B040F63C
:101420000D2C022201A95B68ADF804C0984703B0F7
:101430005DF804FB054B022888BF034610B41C6806
:10144000184663685DF8044B184700BF303301202D
:101450000EB400B582B003AA52F8041B019205F045
:1014600073FA02B05DF804EB03B070475AB9036831
:10147000C9B2074A1B68934200B506D108465DF819
:1014800004EB02F0BBBDFFF72DBF5DF804EB18477E
:1014900095F0010000000000B4EE400B70B5F1EED5
:1014A00010FA05462DED028B86B07CD6B0EEC07BDF
:1014B0009FED476BB4EE467BF1EE10FA6BDC9FEDCF
:1014C000467BB4EEC70BF1EE10FA5ADC9FED447B7D
:1014D000B4EEC70BF1EE10FA53D4B5EEC00B0C46C8
:1014E000F1EE10FA5BD40023B6EE007B002C5ED048
:1014F0004FF0000C9FED3C6B0CF1010C27EE067BCE
:101500005FFA8CF2A242F7D330EE070B0A2228468C
:10151000FCEEC07BB8EE678B17EE901A30EE488B6E
:10152000FFF7E0FE0F2C4FF02E03B2EE046B0646E1
:1015300028BF0F248DF808300DF1090302AA611E9F
:1015400053FA81F128EE060BFCEEC07BCDED017A5B
:101550009DF8043007EE903A3033B8EEE78B02F88E
:10156000013F914230EE488BECD12B68013402A947
:1015700028465B68E2B29847304606B0BDEC028B65
:1015800070BD2B6803221A495B6806B0BDEC028B64
:10159000BDE870401847036803221649F4E7B1EE2E
:1015A000400B0123A0E7036803221349ECE730EE68
:1015B000070B0A222846FCEEC07B17EE901A06B0F5
:1015C000BDEC028BBDE87040FFF78CBEAFF300802E
:1015D000FFFFFFFFFFFFEF7F000000E0FFFFEF4195
:1015E000000000E0FFFFEFC19A9999999999B93FDE
:1015F000702500208C3E0020983E002002F0EEBCBA
:1016000002F086BC2DE9F047884651B3914662B39B
:1016100082460027164C174E25680BE002F0DEFCD0
:10162000002810DA02F07EFD2368DAF808205B1B40
:10163000934210D2DAF800305B69B342EED05046E4
:1016400098470028EEDB013708F8010BB945E3D1D4
:101650003846BDE8F087012338468AF80C30BDE8EB
:10166000F0870F463846BDE8F0871746F0E700BF21
:1016700038DF0120FDF30100884200DB704730B401
:10168000124C091A2368EBB1114A124D82FB032C4C
:10169000DA179C44C2EB2C4244F2A71C05FB123320
:1016A0000D4D05FB02F20CFB0322002A0CDA6FF051
:1016B000004313442360B3FBF1F201FB123330BC4F
:1016C00018447047054BF5E71346F3E790D5012022
:1016D0005F0B4E831DF30100ECF4FFFF42CE0C1FA5
:1016E000F8B500260446C0E90066866029B10846C0
:1016F0000D4606F065F8074608B92046F8BD0130EA
:1017000003F07EFA0028F8D0294606702060C4E96C
:10171000017705F093FF2046F8BD00BFF8B5884279
:101720004FF0000504468560C0E9005502D08E6880
:101730000F680EB92046F8BD701C03F061FA00284E
:10174000F8D0394605702060C4E9016605F076FFDF
:101750002046F8BD10B50446006803F059FA20464B
:1017600010BD00BF2DE9F843044600680D4616463B
:101770008842A36809D8C218914206D20F1A4FF0C6
:10178000010936B92046BDE8F8834FF00009002E64
:10179000F8D003EB0608626890450CD908F1010106
:1017A00003F002FD0028EDD0A368C4E9000813B9D6
:1017B00003702068A368B9F1000F08D129461844C6
:1017C00005F03CFF2046C4F80880BDE8F8833246A7
:1017D000C119184400F03AFE2368002203F80820DB
:1017E000F0E700BF38B5054641B10C46084605F0A4
:1017F000E7FF024621462846FFF7B4FF284638BDDA
:1018000010B50B4684B004460A2201A9184600F020
:10181000EDFE01A805F0D4FF01A902462046FFF71E
:10182000A1FF204604B010BD10B50B4684B004469D
:101830000A2201A9184600F0D9FE01A805F0C0FF50
:1018400001A902462046FFF78DFF204604B010BDD7
:1018500010B50B4684B004460A2201A9184600F0D0
:1018600093FE01A805F0ACFF01A902462046FFF750
:1018700079FF204604B010BDC2B170B5B1FA81F64F
:101880000C46760919B185689D4201D80E7070BD6D
:10189000ED1A02F1FF3C016820466545194428BF56
:1018A00065462A4605F05AFA665570BD704700BF76
:1018B0002A2849D8F8B5254F04463B78E3B9244B8C
:1018C0001B5DFF2B29D0234A02EB041291680A68A2
:1018D00002F44050B0F5805F30D01C061FD41E4C7F
:1018E0002360236AD80704D402F01CFC236AD907BA
:1018F000FAD5194B586AF8BD174D184E01E002F0A1
:1019000011FCAB6C1B06FAD4B36C13F08003F6D158
:101910003B700F4B1B5DFF2BD5D10020F8BD0F4C4A
:1019200003F07F032360236ADA0704D402F0FAFB92
:10193000236ADB07FAD5094B586AF8BD22F48052B6
:101940001C060A60EBD4CAE70020704798DF01202C
:1019500068560020A033002000400C4000800C405E
:10196000082830B422D00A280CBF4FF405714FF478
:101970004671104C104D636C626C2B400F4802F0A6
:1019800003021A43636C03F0E00313430B436364E5
:10199000436C426C2B4002F003021A43436C03F089
:1019A000E0031343194330BC416470474FF4407166
:1019B000DFE700BF00400C4000FCFFFF00800C4050
:1019C00010B41F4C1F281F49A36C23F02003A364ED
:1019D000626C8B6C22F4404223F020038B644B6CCE
:1019E00023F4404312D942F4404243F4404362643A
:1019F0004B641349134A8B6C5DF8044B43F020038E
:101A00008B64936C43F02003936470470F2808D9CC
:101A100042F4004243F4004309480A4942644B64DB
:101A2000E7E7072804D942F4804243F48043F3E710
:101A3000032862644B64DCD85DF8044B704700BF38
:101A400000400C4000800C40A249A34B88422DE985
:101A5000F047A24C5E699A69D4F80C801BD9A04B60
:101A6000984240F20281C31A9E491B0AA1FB03134C
:101A700040F22761DB0903EB830303EB830303F2EB
:101A8000E2438B4228BF0B46A3F54877964BA3FB56
:101A90000737FF0804E0954FB8428CBF0E27062792
:101AA0008D4908F01F09D1F88030B94543F0C003D3
:101AB000C1F880300CD228F01F08A1F5F82148EABF
:101AC0000708C1F80C800B68002BFCDA08F01F092E
:101AD00016F0007324D186490C698649A14300F0B1
:101AE000EA8082F4805134464FF4805514F0605FF0
:101AF00004D026F060561E43774B5E6111F4405FC0
:101B000007D022F4405274492A438A618B6C1A0729
:101B1000FCD446F00076704A5661936C9B06FCD468
:101B2000754CA04200F2CE804FF0010C0146634696
:101B300003FB011203F1010E0CF10105A24218D8BA
:101B4000BEF1080F4FF0010340F08D80BCF1040F8F
:101B500000F291800A18A24200F2A48005FB00F175
:101B6000AC4603F1010E03FB01120CF10105A24288
:101B7000E6D90CF1FF318C0286EA81215F481044DE
:101B80005F4A90427FD9DFF8A4A16C225D48584D8E
:101B9000B0FBFEF0D5F800E0B0FBFCF0DFF890C140
:101BA0000EEA0C0CD44509D042F400524FF4805C8C
:101BB000C5F800C02A602A68002AFCDA464A15697E
:101BC00005F007059D4203D01361936CDD03FCD43F
:101BD00011F4E05F09D026F4E05604F4E0543E4AE4
:101BE00026435661936C9907FCD44749474A014400
:101BF00091423CD8464BC909A3FB0131090B4B1E4E
:101C00001B0286EA030212F4407F06D026F44076D7
:101C100003F44073304A334353612F4A536923F02E
:101C200000735361936C9B06FCD43A4B4F45A3FB66
:101C300000234FF0FF324FEA9343B0FBF1F1B2FBC8
:101C4000F3F3354A1060354A1160354A136008D203
:101C500028F01F08214A48EA0707D7601368002BBD
:101C6000FCDABDE8F087734662E7122718E74FF405
:101C700040730421C5E70CF1FF31204807238C0293
:101C8000104486EA8121274ADFF8A8A0A2FB0020A1
:101C9000020D2548362A38BF362202FB00F042EA00
:101CA0000A0A74E74FEA8C24002386EA8C214FF05D
:101CB000010EAC4662E71D4686F0C05411464FF057
:101CC000C05313E700244FF0010C0246314623466F
:101CD000E64653E700A4781F00C00F40000008400C
:101CE0000046C32323B24C001F85EB5100366E0122
:101CF00000800D4040300080FFB19F26808D5B004A
:101D0000FF7EF64D00643F4D7FD1F0087F17B42C65
:101D10009F10E50083DE1B432C3301202833012074
:101D200078DE0120819F5E16001BB7006C200080CA
:101D30007F3001800020008000B970472DE9F84F06
:101D400001218146214C224D224E54E8003F2A6851
:101D5000306844E80013002BF7D11F494B684FF45B
:101D60007A7BDFF878A01B1A01270BFB02F8DAF860
:101D70000020A3FB02325A4594BF9044D84454E853
:101D8000003F2A68306844E80073002BF7D14B68A5
:101D9000DAF800C01B1A0BFB02F2A3FB0C3CBCF5EB
:101DA0007A7F94BF624402F57A72A2EB0802B2F520
:101DB0007A7F06D3B9F1010908F57A78DFD1BDE859
:101DC000F88F02F0AFF90449D9E700BF3CDF0120EA
:101DD00038DF012034DF0120001000E078DE012030
:101DE00030B40F4B4FF0010C0E4D0F4C53E8002F49
:101DF0002868216843E800C2002AF7D10B4B5B68D2
:101E00000B4A5B1A4FF47A71126801FB00F0A3FBD6
:101E1000023230BC8A4294BF80184018704700BF1D
:101E20003CDF012038DF012034DF0120001000E01A
:101E300078DE0120362816D80201104B03EB001083
:101E40009B5810B4C2685C68144205D061B95DF853
:101E5000044BC3F888207047836851B1084A5DF885
:101E6000044B1A60704770475DF8044BC3F8842038
:101E70007047044A5DF8044B1A607047A033002095
:101E800038F001003830010036280BD8064B02012B
:101E900003EB00109A58C36892681A4214BF0120DD
:101EA0000020704700207047A0330020362829D832
:101EB000164B0201012903EB00109A5810B4536825
:101EC000C4680ED004290CD023EA0403536083684D
:101ED000A9B1022917D003290CBF0D4A0D4A1A6077
:101EE00007E0234301295360836808D040F6380295
:101EF0001A60436815225DF8044B1A607047382257
:101F00001A60F6E77047044A1A60F2E7A03300202F
:101F1000383001003800010038F0010030B4124AB6
:101F20000020124B0121124D124CC2F8F032C2F8BF
:101F3000F402C2F8B810C2F8A000C2F8A450C2F867
:101F4000B0105369DB07FCD551612378DB07F0D46F
:101F50001368054943F0010313600B68DB07FCD4E9
:101F600062B630BC704700BF00802A4005040124DF
:101F700001000F0000812A4070B50E4C4FF6FF7E25
:101F80000D4E04F17E05A6F58053002102E0B34218
:101F900081B204D21A88481C02337245F7D124F862
:101FA000021FAC4206F58056EDD1044B01221A7097
:101FB00070BD00BF7ADE012000107C60A1DF01202F
:101FC00041F2BB0398422FD8184B10B51B7804463A
:101FD0003BB3A008164B04F00301164CA3FB0023EF
:101FE000C21A03EB5203144A5B09C3EB831E9C46DF
:101FF000A0EB0E0341EA8C01FF2034F813C01A4411
:102000004FEA4C0C13030CEB023CBCEB023F07D92C
:102010001A880233D4B28C4208BF100A9C45F7D804
:1020200010BDFFF7A9FFD4E7FF207047A1DF012013
:10203000054110047CDE0120C0070600F8B50F46FC
:10204000164672B6344B40F20641344A9A61022277
:10205000DA610022C3F8A020C3F8F012C3F8F4221A
:10206000C3F8F822C3F8FC224FF47022C3F8A4206E
:102070000122C3F8B02020F01F038219BFF34F8F55
:102080004FF0E024C4F85C3F20339A42FAD8BFF303
:102090004F8FBFF36F8F204D6B69DA07FCD501239B
:1020A0001F49B2B220F07F406B6142F47022C5F844
:1020B000F01242F20121184CC5F8F412C5F8BC30F8
:1020C000C5F8A000C5F8A420C5F8B030154D01E052
:1020D0005B0609D4636913F00100F9D04123636101
:1020E000BDE8F840FFF71ABF082E0AD836B13246CD
:1020F000394637440646284600F0A8F94023636174
:10210000E8E7A6F108000826394632463744064675
:10211000284600F09BF9F1E700802A40F05AF05A77
:102120003204180880812A4010B472B6284B02216C
:10213000284C00229C614FF47024D96140F2064182
:10214000C3F8F0120121C3F8F422C3F8F822C3F84F
:10215000FC22C3F8A020A2F58052C3F8A44002409C
:10216000C3F8B010BFF34F8F02F5805102F1200386
:102170004FF0E02C994234BF0121802102EB411144
:102180008B42CCF85C2F1A4603F12003F8D1BFF341
:102190004F8FBFF36F8F0E4A5369D907FCD50124C7
:1021A0000D490E4B54610340C2F8F0124FF47020F9
:1021B0000749C2F8A030C2F8A400C2F8B0404B6989
:1021C000DB07FCD501235DF8044B4B61FFF7A6BE8E
:1021D00000802A40F05AF05A2004180800F0FF004E
:1021E00041F2BB03984200F28980464B2DE9F0474B
:1021F0001B78C2B005468946002B7CD0AB08424E06
:1022000005F00305414FA6FB03269A1B06EB520679
:10221000760945EA8605C6EB86169E1B3C4B37F8C9
:102220001640334460004FEA033800EB0330B0EB54
:10223000033F64D943464FF0FF0C1A880233D1B2F2
:10224000A94208BF4FEA122C9842F6D8E14541D086
:10225000B4F5006F41D302AC4FF48072FF212046E9
:1022600004F05EFC08F5805008F1020342469842F3
:1022700034BF01204FF4006008EB400013460232E7
:102280001B888242D9B24FEA13236354F6D104F873
:1022900005900DF107090DF2071A00254C4640463E
:1022A000FFF742FF14F801CF08EB450002220DF1C1
:1022B0000601631EBCF1FF0FA3EB090306D043EA3E
:1022C0000C230135ADF80630FFF7B8FEA245E9D181
:1022D00027F8165042B0BDE8F08745EA092502A963
:1022E00002220134ADF80850FFF7A8FE27F8164087
:1022F00042B0BDE8F087FFF73FFE7FE770474FF041
:10230000FF0CA3E7A1DF0120054110047CDE0120C2
:10231000C007060062B170B505460C468E1820460F
:10232000013415F8011BFFF75BFFB442F7D170BD14
:10233000704700BF704700BF362858D80001F0B47E
:10234000344C354D2358AB4256D049D8B3F1844F65
:102350004BD0A5F58045AB4240D1304D2044304EA6
:10236000304CC4F8B462D0E901C4C0684FF0E02634
:102370004FF00057042AC6F810712FD85E6926EA7C
:1023800000065E614FF00506CCF80060266846F452
:10239000803626605C6824EA00045C60224C54F8B5
:1023A000224090FAA0F2B2FA82F245F822106FEAC7
:1023B00000011DD0DD690F2A01EA0501D9611DDC8C
:1023C00052000325D968944005FA02F221EA02027C
:1023D0002243DA6098615A6902435A61F0BC70473F
:1023E000124DAB42FAD1124DB8E7124DB6E7704725
:1023F000DA690243DA61EDE70F4DAFE7103A0325E2
:1024000019695200944005FA02F221EA02022243BD
:102410001A61DFE7A0330020008000422844012039
:1024200085030000004C0120F00A002000C000429B
:1024300028450120A8430120A844012008B5EAF757
:102440008DFFEBF7E9FB01F06DFEFAE7844641EA08
:10245000000313F003036DD1403A41D351F8043B1C
:1024600040F8043B51F8043B40F8043B51F8043B6E
:1024700040F8043B51F8043B40F8043B51F8043B5E
:1024800040F8043B51F8043B40F8043B51F8043B4E
:1024900040F8043B51F8043B40F8043B51F8043B3E
:1024A00040F8043B51F8043B40F8043B51F8043B2E
:1024B00040F8043B51F8043B40F8043B51F8043B1E
:1024C00040F8043B51F8043B40F8043B51F8043B0E
:1024D00040F8043B51F8043B40F8043B403ABDD27D
:1024E000303211D351F8043B40F8043B51F8043B1F
:1024F00040F8043B51F8043B40F8043B51F8043BDE
:1025000040F8043B103AEDD20C3205D351F8043BAD
:1025100040F8043B043AF9D2043208D0D2071CBF79
:1025200011F8013B00F8013B01D30B8803806046A2
:10253000704700BF082A13D38B078DD010F0030318
:102540008AD0C3F10403D21ADB071CBF11F8013B88
:1025500000F8013B80D331F8023B20F8023B7BE7D7
:10256000043AD9D3013A11F8013B00F8013BF9D202
:102570000B7803704B7843708B788370604670479C
:1025800002F03EBB02F044BB01F1FF3C70B5664671
:10259000002400E00134B0FBF2F502FB1503092B27
:1025A00003F1370E03F130035FFA8EFE98BF5FFA36
:1025B00083FE9042284606F801EFEBD2631C00220E
:1025C000C818CA547CB162461CF8015F10F8016D4E
:1025D000A1EB0C0302328CF80060013B521A05702B
:1025E00023449A42EFDB084670BD00BF031E01DBA7
:1025F000FFF7CABF4FF02D0C584210B50C4601F83A
:1026000001CBFFF7C1FF204610BD00BFB4EE400A6A
:102610002DE9F04FF1EE10FA164680EAE072074617
:102620002DED028BA2EBE072B0EE408A85B080F116
:102630004881F0EEC07A9FEDC57AF4EE477AF1EE6C
:1026400010FA29DDB5EEC00AF1EE10FA00F1ED80C6
:10265000032A40F391800323002FA2EB0302C0F270
:102660008580B5EEC08AF1EE10FA00F16A81492149
:102670004E234620F41C3170B070737022B1204696
:102680002021144404F04CFA00232046237005B0A6
:10269000BDEC028BBDE8F08F89460D4602AA01A968
:1026A000484603F0C5FFDDF804A0044659EA0A03D2
:1026B00072D101230278A64C9A460193A54BD046CD
:1026C000342A88BF1C46029B002B7DD008F10108EC
:1026D000A7EB080B06EB0805BBF1000F40F3A18048
:1026E0005A46202130465D4404F01AFA06EB0B03EB
:1026F0002D2203F8012BBAF1000F77D1B9F1000FA9
:1027000006D01A46302102F8021B2E2159701346BA
:10271000AB421FD2A44619461CF8012B01F8012B2D
:10272000A94218D0019C2E20013C0BE058700233C6
:10273000013CAB4219460DD21CF8012B01F8012BCC
:10274000A94208D00194002CF0D00B46013CAB42CA
:102750001946F1D31D46002F6BDB3446002320467B
:102760002B7005B0BDEC028BBDE8F08F22B1304676
:102770002021164404F0D4F9B5EEC08AF1EE10FA27
:1027800040F1BD802D2149224E234620341D317059
:10279000F0707270B37077E7CAF10003994557DAA9
:1027A0004FF00108C9F1000A694CC2454046CDF816
:1027B00004A0B8BF08F10108BAF1000F52D1029B82
:1027C00008F10108002B81D1A7EB080B06EB0805E7
:1027D000BBF1000F27DD5A46202130465D4404F04E
:1027E0009FF906EB0B03BAF1000F87D0BAF1000F87
:1027F0008EDAB9F1000F8BD018462E22302100F866
:10280000021B5A7002465346013302F8011BFBD1EA
:10281000BAF1000F0193CAF10003A8BF01230344DA
:1028200076E7334664E7334665E7042AAADD0423E6
:1028300012E7B844B8F1000F6FEA08028DDA22EA15
:10284000E272202128460132154404F069F984E738
:1028500004F0B6FF8046C245B8BF08F10108BAF1DE
:10286000000FACD0BAF1000FBFF62DAFB9F1000FD9
:102870003FF429AF0AEB090309F102088342BFF4D0
:1028800022AFB9F1000F05DDF2EE047A013D28EE2A
:10289000278AFBD102AAB0EE480A284603A903F012
:1028A000C7FEDDF804A0039B09F101020446A3EB77
:1028B0000A0393427FF407AF0AF1010ACDF804A09E
:1028C00001E7B5EEC00AF1EE10FA4CBF0423032372
:1028D000934222DA0028A2EB030218DB10EE103A32
:1028E000002B02DA2D2306F8013B4E234121F41C74
:1028F00033707170B370002A7FF4C1AEC4E6492111
:102900004E224623F41C31707270B370BCE622B1C3
:1029100030462021164404F003F918EE103A002B3B
:102920004FF04E0305DB4122F41C33707270B3701C
:10293000AAE62D214122341D73703170B270F370FC
:10294000A2E62D2306F8013B91E600BFFFFF7F7F43
:10295000B4550020943700204FF0010C0CFA01FC14
:1029600001EB410100EB411170B5B1F80EE01FFA27
:102970008CF5254C1FFA8EFE24782E010EFB0333B6
:1029800006F0F006E340B0F888417345A4B228BFD2
:1029900073463443012AA0F888410DD0022A28D07A
:1029A000C2B10CF00F02B0F888C11FFA8CFC4CEADF
:1029B000020CA0F888C170BD9BB20CF00F022D0272
:1029C000CB82B0F8803105F470659BB22B43A0F840
:1029D0008031E8E7AEEB030E0CF00F021FFA8EFE1B
:1029E000A1F80AE0B0F880319BB21343A0F880311F
:1029F000D9E79BB20CF00F02CB83B0F880319BB2C9
:102A00001E43A0F88061CEE79748012001EB410307
:102A1000F6EE006A00EB4313B3F80EC0314B1FFA19
:102A20008CFC93ED007AB8EE477A70B5C7EE007A69
:102A30004FF0010E4E000EFA01FE1FFA8EF577EEF2
:102A4000A67AFCEEE77A17EE903AB3F5803F46D3CC
:102A500000224FF6FF745B080132A34201D9062A17
:102A6000F9D9120142F4806292B2022B4FF6FF7440
:102A70004FEA0515314438BF02230EF00F0EEDB2B8
:102A8000A34200EB411128BF2346B0F88841A4B20D
:102A90002C43A0F88841CA805A1E92B2CA814A8942
:102AA00092B203FB02F2B2FBFCF292B24A81CA8AF2
:102AB00092B203FB02F2B2FBFCF292B2CA82CA8B60
:102AC00092B202FB03F3B3FBFCF39BB2CB83B0F8EF
:102AD00088319BB243EA0E03A0F8883170BD4FF4F1
:102AE0008062C2E728330120214BF6EE006A4FF6E0
:102AF000FE7C93ED007AB8EE477AC7EE007A77EE67
:102B0000A67AFCEEE77A17EE903A63452CD90022BC
:102B10005B080132634501D9062AF9D9083242F22D
:102B2000260C4CEA422C1FFA8CFC022B00EB4111C4
:102B30004FF6FE7038BF02230A8A834292B228BF42
:102B40000346C88880B2C0F10110104403FB02F2B2
:102B5000B2FBF0F29B1A92B2C3F101039BB2CB809D
:102B60000A82A1F80CC0704743F2260CDDE700BFD3
:102B70002833012036284BD8F8B52A4D044615F8DD
:102B8000202005EB8005012A2DD0022A3FD16B7849
:102B9000C3F3011003283ED0234A02EB803203F036
:102BA000030C224889B2634602EB4C1C0678BCF841
:102BB00006E05801BCF810301FFA8EFECEF1011E5F
:102BC0001EFA83F303F1FF3E0EFB01F1F1408E4547
:102BD00023D95B1AC3F101039BB289B20244ACF85A
:102BE000063011820DE06A78C2F30113032B10D076
:102BF0000F4800EB83308BB202F00301AA78FFF795
:102C0000ABFE0C4BEA7803EB04135B681A60F8BD6B
:102C100070470948EFE7094AC1E7991E4FF6FF736D
:102C2000DBE700BFC856002000C01D4097480120C8
:102C300000C03D40A033002000803E4000801E4088
:102C4000362808D8154B13F8202003EB8003012AFF
:102C500002D0022A0DD070475978C1F30112032A1D
:102C600013D00F4801F0030100EB82309A78FFF790
:102C7000CDBE5978C1F30113032B0CD0094800EBEA
:102C8000833001F00301FFF72FBF074801F0030174
:102C90009A78FFF7BBBE0548F3E700BFC85600208F
:102CA00000C03D4000C01D4000803E4000801E40EE
:102CB00000230F2248F2B82C194610B54FF4704487
:102CC0004FF4806EA0F88C414FF46044A0F88E2140
:102CD0000A46A0F89031B0F888319BB243F0F00377
:102CE000A0F8883101EB4103013100EB43130429C3
:102CF0009C80A3F806E05A841A865A805A81A3F869
:102D00000EC05A82DA825A83DA83EBD1B0F8883166
:102D10009BB243F00F03A0F88831B0F888319BB222
:102D200043F47063A0F8883110BD00BF374B384AB8
:102D3000996F384841F47F0170B5996741F20106F7
:102D4000D3F8801045F6C05543F226040A43C3F871
:102D50008020FFF7ADFF00F58040FFF7A9FF00F5E9
:102D60008040FFF7A5FF00F58040FFF7A1FF00229C
:102D7000A0F503104FF00F0E114600EB42134FEA7F
:102D8000421C01329981042A5981A3F80EE09E82E7
:102D9000DD8020F80C1019829C81EED100221E48A3
:102DA0004FF00F0E41F20106114645F6C05543F2B1
:102DB000260400EB42134FEA421C01329981042A97
:102DC0005981A3F80EE09E82DD8020F80C10198254
:102DD0009C81EED1002211480F2641F201051146D7
:102DE00045F6C05443F2260E00EB42134FEA421C54
:102DF00001329981042A5981DE819D82DC8020F88C
:102E00000C101982A3F80CE0EED170BD00C00F4089
:102E1000000003FC00C03D4000001E4000401E407A
:102E200072B6EFF30583524CC4F884301EF0040FE1
:102E30000CBFEFF30882EFF309824FF0E0234D4E11
:102E40004D4DD3F8280DD3F82C1DC4E92201D3F839
:102E5000341DD3F8383DC4E924139369C4F898307D
:102E6000D369C4F89C3000F0D1F884ED280A01F051
:102E7000F9F90B214FF0FF32C4F8A4000B46C4F857
:102E800080103E49301D5A40202402F00103013CCD
:102E900001FB03F383EA5202F7D1A84202D0736820
:102EA0000646EFE7324BC3F8A820BFF34F8F4FF031
:102EB000E0233049324AC3F8701FC3F8702FBFF3C4
:102EC0004F8FBFF36F8F2F4A02252F48D36E2F49A4
:102ED00043F44053D3660560D3692D4823F07F0344
:102EE00043F04003D3610B6883423DD8264D002157
:102EF0004FF0E0234FF0FF3229600126C5F808119A
:102F00002449C5F80011C5F80861C3F88021C3F849
:102F10008421C3F88821C3F88C21C3F8902101E0F3
:102F200000F066F9D5F80C31002BF9D00134C5F862
:102F30000C614F2CF4D9184B022018494FF0004275
:102F4000C1F840015A63D5F80C313BB91448154912
:102F50000D4A0163D2F80C31002BFAD04FF0E02378
:102F6000114AC3F80C2DFEE7FEF76EFDBEE700BF69
:102F700000FF272080FF2720A8FF27202083B8ED0F
:102F8000A0FF272000C00F40004008402C33012044
:102F9000803DCD0B009F240000900D4000002E408E
:102FA00000800F40F100AD0B0400FA050A490A68E1
:102FB00038B108B513180948834204D810460B608D
:102FC00008BD1046704704F091F90C234FF0FF3212
:102FD0000360104608BD00BF8C3B01200000282084
:102FE000002070474FF0FF30704700BF4FF4005390
:102FF00000204B60704700BF012070474FF0FF304A
:10300000704700BF30BFFDE7FFF70ABF124AD2F892
:1030100080305B07FBD5D2F880301048C3F30B2318
:103020000F4990ED007A07EE903A91ED006AB8EE04
:10303000477A0C4AF8EEE77A0B4BD2ED006A77EE4E
:10304000C77A93ED007AB8EE477A67EE867A87EE14
:10305000A60A37EE400A704700810D4054DE012079
:103060005CDE012068DE012058DE0120836BF0B4B5
:103070001BB1536843F40043536072B6446B3CB3D6
:103080001A4B2260D3F8B0410C421DD1184E77681C
:1030900004E07468E41BB4F5166F0BD2D3F840411A
:1030A00044F48044C3F84041D3F8B851D3F84041C8
:1030B0006404EED50D4007D10C4CC0E90225D4F8CC
:1030C000B0310B43C4F8B031426362B6F0BC704714
:1030D000064DC0E90224D5F8B0310B43C5F8B03134
:1030E0000263426362B6F0BC704700BF00002E402E
:1030F000001000E070B5056B9DB106462A4600241D
:1031000003E012680134012A0CD0536813F08003E5
:10311000F7D032632CB12846B36B2D689847013C39
:10312000F9D170BDC6E90C33F4E700BF30B4D9B9AA
:103130001F4C204B0021204A01254FF001109960BF
:103140001D60C4E9023180245C60C2F8BC01D2F881
:10315000B0311A482B43C2F8B0310160D2F8B03117
:10316000002BFBD130BC70470904154B104C0125D6
:1031700041F080019860104A596000F580511D604F
:10318000D96000F50051A364196100F5405100F5C4
:103190008040596100219861E164D2F8B03143F474
:1031A0008033C2F8B031D2F8B031002BFBD1C0E788
:1031B00000000020207F012000002E40DCDA0120EA
:1031C000407F0120084901220B7802FA00F023EA2F
:1031D0000000087030B9054AD2F8483123F0800366
:1031E000C2F84831704700BFB1DF012000002E4017
:1031F0002DE9F04F974C83B0D4F84471FB07C4F825
:10320000447153D5D4F8AC21002A4AD0924EDFF84D
:1032100060A2DFF87492DFF874B2DFF87482C4F849
:10322000AC21D6E90A20D4F8403143F40053C4F865
:103230004031D4F840319D04F5D5D4F8403123F421
:103240000053C4F840314FF00113C4F8B431D4F83E
:10325000B45115F00115FAD193B28446CAF8005062
:10326000B3F5086F00F0CF8100F2DB8040F202314D
:103270008B4200F0E78100F29A80822B00F0CB8134
:10328000B3F5817F40F08A8010F0780F83B200F0B0
:1032900003824FF00113C4F8C031D4F8AC21002AE6
:1032A000BDD16C4AD2F8BC31002B42D17E0616D576
:1032B000684BD3F8AC21C3F8AC21D3F8BC21C3F8D8
:1032C000BC21D3F8B041002CFBD14FF0FF32C3F842
:1032D000B421D3F8843100F029FD604B1C60FC015F
:1032E00003D55F4B1B6803B19847B80103D55D4B0D
:1032F0001B6803B19847790708D5564BD3F884313A
:1033000013F4007347D0584B01221A70514BD3F875
:1033100048311A060AD53B0608D5544A13782BB112
:10332000013BDBB21370002B00F0728203B0BDE8EA
:10333000F08F4F49C2F8BC310868034240F0D18198
:10334000464A14681C40B1D05FEA144810D0424E7F
:103350004FF0010998FAA8F5B5FA85F506EBC51006
:1033600009FA05F54030FFF7C5FE38EA0508F1D146
:10337000A4B2002C9AD0384E4FF0010894FAA4F56C
:10338000B5FA85F506EBC51008FA05F5FFF7B2FEAC
:10339000AC43F3D18AE7344A1370B7E7802B7FF44C
:1033A00078AF344802210580FFF7C0FE75E7B3F51A
:1033B000A06F00F00B81A3F5D063012B3FF669AF3E
:1033C0002D4B5D68002D3FF464AF1FFA8CFC4FEA73
:1033D000124E04E01D690C33002D3FF45AAF1A88D9
:1033E0007245F7D15A886245F4D14FEA1E22032A6A
:1033F00000F0A5811A89000C824228BF0246BEF562
:10340000007F40F0A181184B1C4918781C4B019299
:10341000002818BF19461B48FFF718F8194D019AE4
:10342000E1E142F221218B427CD033D942F22131B9
:103430008B4200F081804FF6C0018B427FF429AFB0
:1034400010F47F4F83B27FF424AF43F46E4363F3F1
:103450000F0CB5E700002E4000000020E0DA01204C
:1034600050DF012054DF0120BCDF0120BDDF01203F
:10347000DCDA012010DE0120EC6400202C21006049
:103480009021006000002020D4DA01205DCFC6B872
:10349000C0012E40B3F5106F66D042F221018B427D
:1034A0007FF4F7AE030C072B7FF4F3AEB24BB349B6
:1034B000F560D960B249B360C3F80890C1E9002053
:1034C00001221A60AF4A5A60AF4A1A61D4F8B011AB
:1034D00041F00101C4F8B01102F5805102F500522B
:1034E00059619A61D4F8B031002BFBD1A74AF3643B
:1034F00093600123B264136048F2800353604FF07D
:103500000113C4F8BC31D4F8B03143F48033C4F8AB
:10351000B0314FF48033CAF80030D4F8B031002B0A
:10352000FBD1BAE680B238B9994BC2F307421968A9
:10353000984B1960984B1A70944B00229A60F26471
:103540000122B3641A6080225A604FF00113C4F85C
:10355000BC31D4F8B03143F48033C4F8B031D4F87E
:10356000B031002BFBD198E6C2F307428B4B1A70A7
:103570008B4BC4F8C8318B4BC4F8CC318A4BC4F8A0
:10358000D03100F0D5FB80222946884803F0C8FAE4
:10359000874B8022C6F8A0B0C6F8E0307B4BF564BC
:1035A0005A600122B3649D601A604FF00113C4F8A1
:1035B000BC31D4F8B03143F48033C4F8B031CAF828
:1035C0000050D4F8B031002BFBD166E66F4B0121DF
:1035D000F564196080219D60B36459604FF0011358
:1035E000C4F8BC31D4F8B03143F48033C4F8B031FE
:1035F000D4F8B031002BFBD1130C5B0643F0807381
:10360000C4F8543149E6654B01216A481B780370C0
:10361000FFF78CFD41E683B210F078007FF439AEFD
:1036200003F07F0258F82210624A1080180600F159
:103630009E80CB0701D50123137002215D48FFF75F
:1036400075FD2AE610F0780F83B27FF422AE03F006
:103650007F0213F0800F58F8223014BF43F48033F8
:1036600043F0010348F822300022484BF2649A608C
:103670000122B3641A6080225A604FF00113C4F82B
:10368000BC31D4F8B03143F48033C4F8B031D4F84D
:10369000B031002BFBD100E603F07F0213F0800F66
:1036A00058F8223014BF23F4803323F0010348F884
:1036B00022300022354BF2649A600122B3641A6012
:1036C00080225A604FF00113C4F8BC31D4F8B031F5
:1036D00043F48033C4F8B031D4F8B031002BFBD1BF
:1036E000DBE50020086026490C88486842F2210189
:1036F0008C427FF425AE80B200287FF421AE2E49A3
:103700002E4C03C9A18086284FEA11412060A17187
:103710007FF416AE72B62A48017841F008010170B4
:10372000D2F848110D0605D480200143C2F84401A7
:10373000C2F8481162B6234A5021117000E6000C0D
:103740002A78824228BF0246BEF5E06F44D11E4B64
:103750001E4D18781E491F4B0192002818BF1946AC
:103760002846FEF773FE07236B70019A3BE0C903FE
:103770003FF561AF61E700BF407F0120D4EA01203F
:10378000E880012080000700D4FA0120207F01207A
:1037900038DF01204CDF0120BADF0120BBDF012030
:1037A0000200CC00C80002000200C8008000002017
:1037B0001993D57410DE0120D4DA012044DF0120F2
:1037C000B1DF0120BDDF0120BCDF0120000020208F
:1037D000902100602C2100602946104D019228465E
:1037E000FEF734FE019A25F01F031544BFF34F8FF7
:1037F0004FF0E021C1F8703F20339D42FAD8BFF36B
:103800004F8FBFF36F8F05481146FFF78FFC44E5DC
:103810000320FFF7D7FC0AF0CBF800BF0000202000
:103820002DE9F0471F46831E022B01D9BDE8F08722
:10383000DFF84C9015460C463C2209EBC0180646B2
:103840004FEAC01A002108F10400240403F068F9CB
:10385000B5FA85F20123520944EA427449F80A4054
:10386000C8F83870C8F80830002FDFD0034AB340DA
:1038700011680B431360BDE8F08700BFE0DA012058
:10388000000000202DE9F0470D46811E022901D9D4
:10389000BDE8F087C701DFF84C90924604464037F8
:1038A0003C2200211E4609EB07082D0408F1040004
:1038B00003F036F9BAFA8AF2520945EA427249F837
:1038C00007200122C8F83860C8F80820002EDFD091
:1038D000034B10341968A2400A431A60BDE8F08710
:1038E000E0DA01200000002012048160C36101F5CC
:1038F000405342F0800210B40124426001F50052AE
:10390000046001F5805401F58041C46081615DF877
:10391000044BC0E904237047831E0A46022B00D9DA
:103920007047064B00F110014FF0010C03EBC01083
:103930000CFA01F14030FFF799BB00BF00000020F6
:10394000831E0A46022B00D970470121024B814099
:1039500003EBC010FFF78ABB0000002040687047EF
:10396000124A134BD2F8200220F07F40984210B543
:1039700084B002D200EB800040000E4C01A90A2264
:10398000FEF702FE01A90023204611F8012B0133A6
:103990003AB10A2B20F8022FF7D11623237004B076
:1039A00010BD5B00DBB2237004B010BD00441F40AB
:1039B000809698005C48012000F0D8BA00F0CABA9E
:1039C00000F066BB00F03CBB0846114600F02CBB83
:1039D000F8B5144C4FF0E025134E4FF4003204EBD1
:1039E0004024124F06EB40160346C5F88C212146B1
:1039F0003A883046FFF778FF3B882344BFF34F8F68
:103A0000C5F85C4F2034A342FAD8BFF34F8FBFF301
:103A10006F8F03203146FFF793FF4FF40033C5F853
:103A20000C31F8BD80002020607F012080DF012064
:103A3000244B2DE9F0411C884368C569C3F30E434C
:103A4000E41A002C24DD204920480A780078D3B2FB
:103A50001F4E82421F4807D010F8038036F81870B6
:103A6000C7F50072944218D90133002226F8154098
:103A7000082B194E88BF134626F8152098BFDAB2D6
:103A8000C554164B0A701A6814441C60BDE8F081D6
:103A90002846BDE8F041FFF79BBF07EB48201049DF
:103AA00022462744084401EB4521FEF7CFFC0B4A90
:103AB000284626F8187013682344BDE8F0411360C7
:103AC000FFF786BF80DF0120AEDF0120AFDF0120DE
:103AD0001CDE01203CDE01202CDE012018DE01204E
:103AE000800020201D4B1A78002A36D102F0FF03F7
:103AF0001B4A12788AB32DE9F0411A4D2A8852B335
:103B0000194EC2F50068194F3278194C07EB42176D
:103B100004EBC224424638462146FFF7E5FE04EB9B
:103B20000802BFF34F8F4FF0E023C3F8704F2034EB
:103B3000A242FAD8BFF34F8FBFF36F8F04203946EC
:103B4000FFF7EAFE33780133DBB2032B88BF002393
:103B5000337000232B80BDE8F0817047B9DF01206E
:103B6000BBDF012084DF0120B8DF0120608001205D
:103B7000801020202DE9F04F85B0CDE901100029FB
:103B800000F0BF800023604CDFF89881DFF898A137
:103B90005E4F009301235E4A23705E4B1978B8F89C
:103BA000003002EB4119002B40F0A7801E461D4655
:103BB0009B464846FFF7D2FE10F0800000F08C8054
:103BC000BFF34F8F9AF8003084F800B005B93E6813
:103BD000002B7DD13B689B1B782B00F287804E4BDE
:103BE0001B78002B74D000F09DFA0122B8F8003049
:103BF00015462270002BDCD0464AC3F500601178D0
:103C00001A4600EBC120454DC9022844019D95424A
:103C100017D20393DDE901512A46FEF717FC039BF7
:103C20004FF040425B1BA8F800303D4BC3F88420A6
:103C3000BFF34F8F009800232844237005B0BDE8E0
:103C4000F08F364BCD180299FEF700FC00234FF49D
:103C5000006229464846FFF747FEBFF34F8F05F144
:103C6000200205F50063934234BF012340234FF047
:103C7000E02205EB4313C2F8705F2035AB42FAD166
:103C8000BFF34F8FBFF36F8F04204946FFF744FE09
:103C9000204A13780133DBB2032B84BF00231D4A73
:103CA0001370B8F80030019AD11A009A1A440191A1
:103CB0000092029A1A4400230292194AA8F800308E
:103CC000C2F88430BFF34F8F237000297FF462AFB6
:103CD000009805B0BDE8F08F4FF400620D4B8AF8F4
:103CE000000019781346A8F800208AE701230098FD
:103CF0008AF8003005B0BDE8F08F1A46C3F50060C1
:103D00007FE70198E5E700BFB9DF012038DF012038
:103D100060800120B8DF0120BBDF0120801020205F
:103D200000002E4084DF0120B7DF0120704700BF74
:103D30002D4B002180222D4870B51B7800242C4D7E
:103D40008B422C4E0CBF40234FF400732B803380EA
:103D500002F0E6FE284A2146284B14704FF4807288
:103D600027481C8002F0DCFE264A1021264B022048
:103D7000C2E90044C2E90244244AC3E90044147081
:103D8000234AC3E90244234B1C7023461460224695
:103D9000FFF778FD2246318803201F4BFFF740FDD7
:103DA0002346012229880420FFF76CFD20460134B8
:103DB000FFF70EFE082CF9D1184B00214A221848B3
:103DC000184C0460C3F88410C3F88020D3F848214D
:103DD000154942F08072C3F8482121B1134A137883
:103DE00043F00103137070BDBCDF0120608001202F
:103DF00086DF012080DF0120B8DF012084DF012081
:103E0000607F01201CDE01202CDE0120AEDF0120BE
:103E100018DE0120AFDF01203118020000002E4023
:103E200050DF0120E518020000000000C0DF012083
:103E30002DE9F04F4FF0E0234FF40032DFF8C8A037
:103E400083B0C3F88C218B469AF8004000294FD0EC
:103E50008046E4B20027DFF8B490264BABEB0702B4
:103E600025491B78A34204F101043FD0092C234BC0
:103E7000404628BF00241E5D39F816C00CEB4623CF
:103E800019441F4B33F81650A5EB0C05AA421CD25F
:103E90000CEB462C18491B4C61440192FEF7D6FAF4
:103EA000216839F816505846019AA1EB0B012A44B3
:103EB000394429F8162021604FF0E0234FF40032F6
:103EC000C3F80C2103B0BDE8F08F2A462F44FEF75B
:103ED000BDFA0C49E3B230460A68A844521B0A6096
:103EE0008AF80030FFF774FDBB45B6D83846E3E7E3
:103EF0000846E1E7AEDF0120800020203CDE012003
:103F00001CDE012018DE0120AFDF01202CDE0120A5
:103F10000B4B0C4A12781978D3B28A420DD0013378
:103F200009480A4A092B0A4928BF0023C35C31F813
:103F3000131002EB4323585C70474FF0FF3070477B
:103F4000AEDF0120AFDF01203CDE01208000202019
:103F50002CDE0120044B10B51C680CB1204610BDAE
:103F600000F0E0F8204610BD18DE01202DE9F84FE2
:103F7000144E154D33782A78934221D0DCB2DFF805
:103F80005090DFF850B0DFF85080104F0134082C0B
:103F90005FFA84FA01D90024A24619F80400DBF87C
:103FA000003038F8102037F81010521A9B1ACBF84E
:103FB0000030FFF70DFD86F800A02B78A342E5D175
:103FC000BDE8F88FAFDF0120AEDF01202CDE01203D
:103FD0003CDE012018DE01201CDE012000B583B08C
:103FE00001210DF10700FFF723FF20B19DF8070025
:103FF00003B05DF804FB4FF0FF30F9E7094B00B563
:1040000083B01B788DF807003BB101210DF107004B
:10401000FFF7B0FD03B05DF804FB03F0FF0003B051
:104020005DF804FBBBDF0120044B1B7803F0FF02AB
:104030000BB1FFF79FBD1046704700BFBBDF0120EB
:104040002DE9F0410024DFF8448001230D4D27467F
:104050000D4E88F80030337828462035A34204F10D
:10406000010405D0FFF77AFC030658BF07F5006787
:10407000042CF0D1BFF34F8F0023384688F800306E
:10408000BDE8F08160800120B8DF0120B9DF0120A8
:104090002DE9F8431D4B1B7813B11D4D2A880AB931
:1040A000BDE8F8831B4EC2F500691B4933784A46C8
:1040B0001A4C01EB43181A4F04EBC324012340466A
:1040C0003B7021460023FFF70FFC04EB0902BFF30E
:1040D0004F8F4FF0E023C3F8704F2034A242FAD83C
:1040E000BFF34F8FBFF36F8F04204146FFF714FCDF
:1040F00033780133DBB2032B88BF002333700023F6
:104100002B80BFF34F8F3B70BDE8F883BBDF0120EE
:1041100084DF0120B8DF0120608001208010202092
:10412000B9DF01202DE9F8432D4B1E7866B12D4FE4
:104130003B784BB90123F1073B7043D4B20726D437
:1041400000233B70730701D4BDE8F883264B1A683F
:10415000002AF9D0EFF30582002AF5D1EFF310859C
:1041600072B61868002834D0204C2178002930D14C
:104170000122227042691A60002A2ED0916105B98D
:1041800062B600258368457798472570DCE7DFF83D
:10419000648098F80030002BD2D00025DFF85890CA
:1041A0002B4659F823400135236820461B69984760
:1041B00010B163699B68984798F80020EBB29A4267
:1041C000EFD8BDE7FFF7C6FE0028B7D0AFF30080F9
:1041D000B4E7002DB8D162B6B6E7054B1A60CEE75A
:1041E000C0DF012090DF012098D501208BDF012066
:1041F000A4D501208CDF0120A8D5012070B5EFF3F4
:10420000108272B60C4C206880B10C4E00254369B8
:10421000236073B19D6102B962B6836845779847A0
:10422000EFF3108272B620680028F0D102B962B6AE
:1042300070BD3360EFE700BFA0D501209CD5012001
:10424000FFF7DCBF0449054A4968054B196013684C
:1042500001331360704700BF001000E038DF012019
:1042600034DF0120074A506A936A19468446506A2F
:10427000936A9942F9D18445F7D1DB0B43EA404078
:10428000704700BF00400D4008B5D0E900325BB177
:10429000BAB10F4BA3FB0213DB0803EB4303B2EBF2
:1042A00083030AD1012008BD094BA3FB0213DB08DD
:1042B00003EB4303B2EB830301D0D21A4260F02A2E
:1042C000F0D803F013F81C22034600201A6008BD42
:1042D000ABAAAAAA70B5044638B319B1B2FA82F6ED
:1042E0007609A2B9206800B36268F2B1184B194987
:1042F00002FB03F3B1EBB30F17D3A368E3B90022BA
:10430000012322606260A260E260184670BD1D4613
:10431000049BC0E90012C360FFF7B6FF0346002804
:10432000F3D06DB90123184670BD02F0DFFF1622ED
:1043300000230260184670BD002102F0F1FBDEE7A9
:10434000626831462068A56002F0EAFB0123DCE7E1
:10435000ABAAAAAA5555551503460846194602F0B8
:1043600061B900BF4FF0000C42602022017080F85C
:1043700008C0C260704700BF38B5044640680D46AB
:1043800009F01EFB012121720DB9084638BD2078C5
:104390006268884082F8301182F82F1182F8A500F7
:1043A0006068E9F785FEB0FA80F0400938BD00BFCB
:1043B0002DE9F041079F15469846C3683A449A4252
:1043C00016D80278044643680E46520083F8A520AA
:1043D000012283F8302183F82F2167B1069B53B166
:1043E00040683A46069903685B689847874202D05E
:1043F0000020BDE8F081606831462A4603685B68AA
:1044000098478542F4D141466068E9F751FEB0FA19
:1044100080F04009BDE8F0812DE9F84315460646D5
:104420000F46D2B201784068E9F7C2FE854224D136
:1044300005B30024DFF84C90A04613E090F8A2C02A
:1044400090F8A32062450CF10102844418D980F849
:10445000A2209CF81A30013407F80830A4B2A54213
:10446000A04607D97068026852694A45E6D090476D
:10447000C3B2F0E70120BDE8F8830020BDE8F8836F
:10448000FF23E8E7C5BC00002DE9F041002482B01D
:104490001F4606469DF82430089DCDE90044FFF7ED
:1044A00087FF28B94FF00008404602B0BDE8F08110
:1044B000804615B9F8E7A542F6D92A1BF3683919E1
:1044C00030469A4228BF1A46AB1AA34214448CBF06
:1044D00000230123FFF7A0FF0028ECD1E2E700BF93
:1044E00008B52DED048BB0EE408B00F039F8B4EE3A
:1044F000488BF1EE10FAB0EE409B0AD6B0EE480BB6
:1045000000F01AF8B7EE007BB4EEC70BF1EE10FA2C
:1045100004DCB0EE490BBDEC048B08BD02F0E6FEF6
:10452000BDEC048B034621221A600248BDE8084016
:1045300000F00EB8B850002051EC100B10EE102A0D
:1045400021F0004343EC102B704700BF0000000037
:104550009FED010B704700BF000000000000F87FD6
:1045600038B510EE905A924B25F000449C422DED48
:104570000A8B1DDD10EE103A04F1404404F580145E
:104580001C4308D030EE400B80EE007BBDEC0A8B64
:10459000B0EE470B38BDBDEC0A8B9FED677B9FEDFE
:1045A000686B20EE077BA0EE067BB0EE470B38BDB4
:1045B000804B9C420EDCB4F1795F80F28380B7EED1
:1045C000006B9FED617B30EE077BB4EEC67BF1EEB6
:1045D00010FA74DCB6EE008BFFF7AEFFB7EE007B8F
:1045E0009FED5B9B37EE400B20EE088B9FED5AABA7
:1045F000B0EE480B9FED5A1B9FED5B3BA8EE0A1BEC
:104600009FED5B4BA1EE083B9FED5B6BA3EE084B70
:104610009FED5BCBA4EE086B9FED5B2BA6EE08CB6A
:104620002CEE08CB9FED5A5BA8EE092B9FED5ABBF1
:10463000A2EE085BA5EE08BBABEE087BB0EE479B95
:1046400000F0BCF85C4B9C422ADCB0EE004B8CEED8
:10465000093B53EC102B9FED526B9FED377B0022F3
:1046600043EC122B30EE025BA2EE428B30EE000BDD
:1046700088EE051BB0EE465BA1EE447BA2EE445BE8
:1046800090EE037B37EE457B36EE477B002D3FF700
:104690007DAFB1EE477BB0EE470BBDEC0A8B38BD6A
:1046A0009FED417B8CEE094BB0EE005B9FED246BE0
:1046B000A0EE040BA0EE057B36EE477BE6E7B0EEFE
:1046C000407B63E79FED248B20EE006B9FED245B26
:1046D0009FED253BA6EE085B9FED254BA5EE063B27
:1046E0009FED252BA3EE064BBDEC0A8BA4EE062B0B
:1046F0009FED237B9FED161BA2EE067B27EE067B2C
:104700009FED215B9FED223BA6EE015B9FED224BCF
:10471000A5EE063BB7EE005BA3EE064BA4EE065BF0
:1047200087EE056BB0EE407BA0EE067BB0EE470B4C
:1047300038BD00BFAFF30080075C143326A6913C60
:10474000182D4454FB21F93F9C7500883CE4377ECA
:1047500082922EB1C5B8B33F09F7FD0DE13D023F8E
:1047600088B20175E0EF493F3B8F68B52882A4BF4E
:104770005544880E55C1C93F7D6FEB0312D6D4BF97
:10478000555555555555C53F59018D1B6C06E6BF0E
:10479000C88A599CE52A00404B2D8A1C273A03C041
:1047A000182D4454FB21E93F075C143326A691BC25
:1047B000FFFFEF3FFFFFDF3F3233EF3FB1EEC00BB4
:1047C000704700BF53B94AB9002908BF00281CBF71
:1047D0004FF0FF314FF0FF3000F0AAB9ADF1080CF7
:1047E0006DE904CE00F040F8DDF804E0DDE90223D5
:1047F00004B0704708B502460B4643EC172BB5EEE4
:10480000C07BF1EE10FA03D4BDE8084000F00CB80C
:10481000B1EE477B51EC170B00F006F8404261EB1C
:10482000410108BD000000009FED0B6B41EC170B30
:104830009FED0B5B27EE066BBCEEC66BB8EE464BEE
:10484000A4EE457BFCEEC77B16EE101A17EE900A1D
:10485000704700BFAFF30080000000000000F03D93
:10486000000000000000F0412DE9F047089E0D46D1
:1048700004460F46002B4AD18A42944665D9B2FAC3
:1048800082F343B102FA03FCC3F120029F4020FAF5
:1048900002F217439C404FEA1C4E1FFA8CF5B7FBFF
:1048A000FEF1220C0EFB117742EA074201FB05F0F4
:1048B00090420AD91CEB020201F1FF3780F01C8103
:1048C000904240F2198102396244121AA4B2B2FB3A
:1048D000FEF00EFB102244EA024400FB05F5A5425F
:1048E0000AD91CEB040400F1FF3280F00781A542D5
:1048F00040F204816444023840EA0140641B002114
:104900001EB1DC400023C6E90043BDE8F0878B42BE
:1049100008D9002E00F0ED800021C6E90005084608
:10492000BDE8F087B3FA83F1002949D1AB4202D345
:10493000824200F2F880841A65EB030201201746D8
:10494000002EE2D0C6E90047DFE702B9FFDEB2FA87
:1049500082F3002B40F090808A1A4FEA1C471FFA1E
:104960008CFE0121B2FBF7F507FB1520220C42EA71
:1049700000420EFB05F0904208D91CEB020205F143
:10498000FF3802D2904200F2CB804546121AA4B200
:10499000B2FBF7F007FB102244EA02440EFB00FED4
:1049A000A64508D91CEB040400F1FF3202D2A6454B
:1049B00000F2BB801046A4EB0E0440EA05409FE7DE
:1049C000C1F120078B4022FA07FC4CEA030C05FAE0
:1049D00001F420FA07F3FD404FEA1C492343B5FBDD
:1049E000F9F81FFA8CFE09FB18551C0C44EA054423
:1049F00008FB0EF5A54202FA01F200FA01F00BD90C
:104A00001CEB040408F1FF3A80F08880A54240F2D4
:104A10008580A8F102086444641B9DB2B4FBF9F3DD
:104A200009FB134445EA044403FB0EFEA64508D9DE
:104A30001CEB040403F1FF356CD2A6456AD9023B96
:104A4000644443EA0843A3FB0295A4EB0E04AC4282
:104A5000C846AE4656D353D056B1B0EB080264EB0D
:104A60000E0404FA07F7CA40CC401743C6E90074A5
:104A700018460021BDE8F087C3F1200102FA03FCCB
:104A800020FA01F225FA01F19D402A434FEA1C4722
:104A90001FFA8CFEB1FBF7F007FB1015110C41EA71
:104AA000054100FB0EF58D4204FA03F408D91CEB16
:104AB000010100F1FF382FD28D422DD90238614417
:104AC000491B92B2B1FBF7F507FB151142EA01420F
:104AD00005FB0EF1914208D91CEB020205F1FF38EB
:104AE00016D2914214D9023D6244521A45EA00415D
:104AF00038E73146304608E73946E6E61046FBE639
:104B00004845A9D2B9EB020865EB0C0E013BA3E7BF
:104B10004546EAE72B4694E74046D1E7D0467BE797
:104B2000023D624432E708460AE76444023842E73D
:104B3000704700BF002101F067BC00BF0A220021BE
:104B400001F014BD10B4044C03460A4620685DF819
:104B5000044B194600F002B81C41012038B5A1FBF6
:104B600002148CBB00F05CF80546E0B150F8042C50
:104B700022F00302043A242A17D8132A1AD91B2A2E
:104B8000C0E900441DD9242A14BF00F1100200F12D
:104B900018024FF00003C0E9024404BF04614461FD
:104BA000C2E900339360284638BD214601F0B8FFC2
:104BB000284638BD02460023C2E9003393602846E8
:104BC00038BD00F10802F6E702F090FB0C23002547
:104BD0000360E8E7931E222B10B50C460CD80A2A76
:104BE00003D001F0D1FC204610BD0028F9DA2D23B6
:104BF00001F8013B4042F4E700230B70184610BD5A
:104C0000024B0146186800F00BB800BF1C410120A0
:104C1000024B0146186802F0D5BE00BF1C410120BE
:104C20002DE9F04F01F10B06162E83B0044624D86F
:104C3000102900F2BA8000F0A3FA102618220220F0
:104C4000B54F3A44A2F1080153688B4200F0BA8094
:104C50005A68D96822F003021A449D68E9608D60A1
:104C6000516841F001012046516003F1080500F050
:104C70008DFA284603B0BDE8F08F36F0070600F144
:104C80009480B14200F2918000F07AFAB6F5FC7F90
:104C9000C0F09A81730A00F08F80042B00F26F81BC
:104CA000B30903F1390003F1380CC3009A4F3B44B8
:104CB000A3F108055B689D4206D10CE0002980F253
:104CC0002781DB689D4206D05A6822F00302911BBF
:104CD0000F29F3DD60463D69DFF850C265457CD0A1
:104CE0006A6822F00302931B0F2B00F37B81002BD9
:104CF000C7E904CC80F26C81B2F5007F80F01A81A4
:104D0000D308796801334FEA521E012202FA0EF2EB
:104D10000A4357F833E0C5F808E007EBC301083948
:104D2000E9607A6047F83350CEF80C5083100121C7
:104D30009940914257D8114206D120F00300490012
:104D4000114200F10400FAD007EBC0094D46864637
:104D5000D5F80C80454508D11DE1002B80F2248157
:104D6000D8F80C80454500F01681D8F8042022F0D0
:104D70000302931B0F2BF0DD2046D8E9025408EB09
:104D8000060146F00106C8F80460EC60A56043F037
:104D90000104C7E90411C1E902CC4C6048F80230B3
:104DA00000F0F4F908F1080502E00C232360002567
:104DB000284603B0BDE8F08F4FF4007340204FF059
:104DC0003F0C73E7D3689A4208BF02307FF440AFCC
:104DD0003D69DFF858C1654582D17A6883100121A9
:104DE00099409142A7D9BD686B6823F003094E45ED
:104DF00003D8A9EB06030F2B7ADCDFF834B1474B5D
:104E0000DBF800201B680132334405EB090A00F08F
:104E1000338103F580530F3323F47F6828F00F08A4
:104E20004146204602F03AFA411C024600F0F38067
:104E3000824500F2EE803A4B1968414419600846F9
:104E400000F04E81DBF80010019301311BBFA2EB93
:104E50000A010918CBF80020196012F0070B00F0C6
:104E60001781CBF108010A44CBF5805190440831F9
:104E7000A1EB0801C1F30B0A51462046009202F053
:104E80000DFA421CDDE9002300F04F81801A00EB8F
:104E90000A081968BA6048F001005144BD425060E8
:104EA000196000F02981B9F10F0F40F2278168687D
:104EB000A9F10C0C2CF0070C00F0010040EA0C00EA
:104EC00068604FF0050E05EB0C00BCF10F0FC0E958
:104ED00001EE00F2328150681546124B1A688A4280
:104EE00038BF1960104B1A688A4238BF196094E0C5
:104EF000AA1943F0010346F001066E602046BA602D
:104F0000536000F043F90835284603B0BDE8F08F40
:104F1000D9681A44A1E600BF003D0120C0D8012095
:104F200090D80120B8D80120BCD80120083D01202C
:104F300008410120B2F5206F4FEA522363D3142BAE
:104F400000F2B78003F15C01C9005B3307EB010E8F
:104F50007958AEF1080E8E4500F091804B6823F031
:104F60000303934202D989688E45F7D1D1F80CE04A
:104F70007A68C5E9021ECEF80850CD60D6E6142B3B
:104F800059D9542B00F29D80330B03F16F0003F1CC
:104F90006E0CC3008AE60EF1010E1EF0030F05F140
:104FA00008057FF4D5AE51E0424445465368D8F831
:104FB0000C1043F00103536055F8083F2046D960B8
:104FC0008B6000F0E3F8F3E6F00806F1080237E63C
:104FD0002A442046536843F001035360083500F02B
:104FE000D5F8E5E6A919204646F0010643F001048C
:104FF0006E60C7E90411C1E902CC4C60AB5000F00F
:10500000C5F80835D4E6930903F13901C9003833EE
:105010009CE7BD425FD0BD68686820F00308464544
:10502000A8EB060302D80F2B3FF762AF204600F033
:10503000ADF80025BCE603F15C0003F15B0CC30096
:1050400034E659F808394B4540F0968010F0030FCC
:1050500000F1FF30F5D17B6823EA01037B60490052
:1050600099423FF6C0AE19B9BDE649000EF1040EF3
:105070001942FAD0704667E603F11008D0E69A109C
:105080004FF001087B6808FA02F21A437A6070E771
:1050900002EB08014942C1F30B0A51462046009237
:1050A00002F0FCF8431CDDE900237FF4EFAEDA46A2
:1050B000EFE6542B25D8130B03F16F01C9006E33B3
:1050C00044E7B3F5AA7F25D8F30B03F1780003F189
:1050D000770CC300EAE5294B186840441860B1E634
:1050E000CAF30B0CBCF1000F7FF4ACAEBD68C84432
:1050F00048F001006860F0E61546EEE601235360D3
:1051000094E7B3F5AA7F23D8D30B03F17801C90044
:1051100077331BE740F25452934223D8B30C03F188
:105120007D0003F17C0CC300C0E5ABF1080BD84453
:10513000A8EB02084FF0000AABE605F10801204693
:10514000009302F03FFCBD68009B68681968C4E6E4
:1051500040F254518B420BD8930C03F17D01C900EE
:105160007C33F3E64FF47E737F204FF07E0C9DE599
:105170004FF47E717E23E9E67B6870E790D80120CA
:10518000014802F0E1B800BF88D80120014802F0D0
:10519000DDB800BF88D80120024B1B680022C3E99C
:1051A000260270471C41012010B4044C03460A46F5
:1051B00020685DF8044B194600F002B81C4101203C
:1051C0002DE9F84F1746002900F098800C4607F1AA
:1051D0000B058046FFF7D4FF162D54F8041C5BD84E
:1051E00010252A46AF425CD821F003069642A4F16E
:1051F000080962DABC4BD3F808C009EB0600844505
:1052000000F09780D0F804C02CF0010303445B68E1
:10521000DB0768D42CF0030C06EB0C03934247DA4F
:10522000CB0710D454F8083CA9EB030ADAF8043091
:1052300023F003018C44B444944580F21181731827
:10524000934280F2E88039464046FFF7E9FC074682
:10525000E0B154F8043C23F001034B44A0F10802F0
:10526000934200F0D280321F242A00F2F580132AE4
:1052700000F2AC80034622461168196051685960FB
:1052800092689A602146404602F09CFB4046FFF738
:105290007DFF3846BDE8F88F25F00705002D2A462A
:1052A000A0DA0C23C8F8003000273846BDE8F88F94
:1052B0001E46D0E90223D3609A60731B0F2B22D8BD
:1052C000D9F8043003F0010333434E44C9F80430E5
:1052D000736843F00103736040462746FFF756FFAB
:1052E0003846BDE8F88FC907ADD454F8083CA9EB9F
:1052F000030ADAF8041021F00301A0E7BDE8F84F33
:105300001146FFF78DBCD9F8042009EB050102F026
:1053100001024E4443F001032A43C9F804204B60C4
:10532000736843F0010308317360404602F04AFBA2
:10533000D2E7DCF8040020F0030B06EB0B0C05F1C0
:10534000100084454DDAC9073FF57DAF54F8081CBD
:10535000A9EB010ADAF8041021F003018B44B344ED
:1053600058453FF76CAF5746DAF80C1057F8080F5E
:10537000321F242AC160886000F2DB80132A40F2C9
:10538000D6802168CAF808106168CAF80C101B2A78
:1053900000F2DF8008340AF11002216811606168B0
:1053A0005160A16891600AEB0501ABEB050242F088
:1053B000010299604A60DAF8043003F001032B43DC
:1053C0004046CAF80430FFF7E1FE6EE72368036049
:1053D000636843601B2A68D804F1080200F10803DF
:1053E0004AE709EB05029A60ACEB050343F00103C1
:1053F000536054F8043C03F001032B43404644F847
:10540000043CFFF7C3FE27464FE750F8043C23F067
:1054100003031E4451E75746DAF80C1057F8080FFB
:10542000321F242AC16088604CD8132A48D92168C9
:10543000CAF808106168CAF80C101B2A56D808343C
:105440000AF110021E462368136063685360A36864
:105450009360D1463C4630E7214601F0E5FA11E77A
:10546000D0E902135746CB60996057F8081FDAF865
:105470000C30CB60321F242A99602DD8132A29D9E9
:105480002368CAF808306368CAF80C301B2A42D86F
:1054900008340AF1100322681A6062685A60A26830
:1054A0009A606646D1463C4607E7A3688360E36896
:1054B000C360242A26D004F1100200F11003DBE6B9
:1054C0003A46BFE7214638461E46D14601F0ACFABF
:1054D0003C46F2E63B46DEE7214638466646D14684
:1054E00001F0A2FA3C46E8E6003D0120A168CAF8B6
:1054F0001010E168CAF81410242A20D010340AF1E0
:1055000018029FE7236903616169416104F1180290
:1055100000F11803B0E6A368CAF81030E368CAF8CF
:105520001430242A21D010340AF11803B3E73A4684
:1055300033E72146384601F077FA164B33E7226904
:10554000CAF818206269CAF81C2018340AF120022F
:1055500078E7A168CAF81010E168CAF81410242A84
:105560000DD010340AF1180217E72369CAF8183071
:105570006369CAF81C3018340AF120038BE72269EA
:10558000CAF818206269CAF81C2018340AF12002EF
:1055900003E700BF003D01202DE9F04F2DED108BFA
:1055A00097B08A4600210792129100220021CDE98E
:1055B00004128046514611910F4611F8012B2D2AF5
:1055C0005ED801A050F822F0693502008134020053
:1055D00081340200813402008134020081340200EF
:1055E000813402008134020081340200B7330200AA
:1055F000B7330200B7330200B7330200B7330200FB
:1056000081340200813402008134020081340200BE
:1056100081340200813402008134020081340200AE
:10562000813402008134020081340200813402009E
:10563000813402008134020081340200813402008E
:105640008134020081340200B73302008134020049
:10565000813402008134020081340200813402006E
:10566000813402008134020081340200813402005E
:1056700081340200A33B0200813402008F3B020010
:1056800000210991302A7DD0002308932F2A144647
:1056900040F2CD844FF0000938464E464D4612E0A8
:1056A0000130082D1190C8BF09EB89090478C6BFE5
:1056B00002EB4902A2F13009A3F130062F2C05F1CB
:1056C000010522466FDD06EB8603392C02EB43030E
:1056D000E6DD9F49012201F0FBFA002837D1119B3A
:1056E0001A46013311935478002D40F04385302C35
:1056F00040F02485C3F101029818013311931C78FE
:10570000302CF9D0A4F13103082B00F20183119F52
:10571000431CA4F1300B0B930125BC464FF0000E47
:1057200006EB86060BEB460600200CF101031193F5
:105730009CF80140A4F13001092900F2BB8201303C
:105740008B46002940F04F84DDF844C0EDE700208F
:10575000652CAE460B90844601D0452C30D1002DEF
:105760006BD1089B034367D1079B9FED778B13B1E8
:10577000079BC3F800A0B0EE480B17B0BDEC108B30
:10578000BDE8F08F7A7802F0DF02582A00F00C842E
:10579000013711973A78302AFAD0002A00F0B78002
:1057A0000123089372E76A49012201F091FA002867
:1057B00000F0C080AE464FF0000CCDF82CC0604623
:1057C0004FF0000B002D7ED007EE906A0B9BB8EED9
:1057D000677BABEB0303BEF1000F08BFAE46102D95
:1057E0000A932B46A8BF1023092D8DED047B0CDDF9
:1057F000584A02EBC30212ED125B06EE909AB8EE25
:10580000666BA7EE056B8DED046B0F2D00F3A88082
:105810000A9A002A00F0E4830A9A40F33C83162A8D
:1058200040F398840A99C5F125028A4280F2A68441
:105830000A9AEB1A134499E00025DDF844A00AF116
:10584000010311939AF801402B2C00F05E822D2C5D
:1058500000F0F78100230A93A4F13003092B00F232
:10586000EB81302C05D1119B013311931C78302C26
:10587000FAD0A4F13103082BA2D8119A0C92531C30
:105880001193A4F1300B54782F2C07DCDEE30133A5
:1058900011934C782F2CA2F1300B06DD0BEB8B0211
:1058A000392C194604EB4202F1DD0C9A9B1A082BA5
:1058B00040F3CC8344F61F6B0A9B002B82D0CBF1C4
:1058C000000B002D80D1089B034320D1BCF1000FB9
:1058D0007FF44AAF692C00F0CF8300F3F382492CA8
:1058E00000F0CA834E2C7FF43FAF1B4911A802F091
:1058F0008BFC00283FF438AF119B1B78282B00F05D
:10590000F2841648FEF724FEB0EE408B01E09FEDD6
:105910000E8B079A0AB1119B1360099B002B3FF471
:105920002AAFB1EE488BB0EE480B17B0BDEC108B30
:10593000BDE8F08F119B0B905A1C11925C78AE461B
:10594000F8E600BFAFF30080000000000000000098
:10595000243E0020A80200206C320020B850002015
:105960000A9AEB1A1344002B40F3B08213F00F0194
:105970000AD0C34A02EBC1029DED046B92ED007B9D
:1059800027EE067B8DED047B33F00F0240F038826A
:105990000023089300962B4672463946404602F093
:1059A000BFFD8146002800F0E1820B9BA3EB0B0BAF
:1059B0000A9B9FEDA9EB002B9FEDA9CB9FEDAADBE6
:1059C0009FEDABBBB4BF5A4600224FF0000A23EA5A
:1059D000E3730B920C935446D9F80410404602F03E
:1059E0001DFD0646002800F00E81D9F810209DED1F
:1059F000048B0232920009F10C010C30FCF726FDF9
:105A0000B0EE480B14AA13A9404603F045F91290D2
:105A1000002800F0E4800121404602F029FE0446FF
:105A2000002800F0F080139A002AC0F2DE800B9B61
:105A30000C9F02EB030B089B149DD21A2A44914B36
:105A4000013A9A42C5F1360580F29880991A1F29C9
:105A5000A5EB010500F3E380012202FA01F30D93A7
:105A600000230E932F44089B5D44AB455A461F44C8
:105A7000A8BF2A46BA42A8BF3A46002A03DDAD1A9B
:105A8000BF1AABEB020B0B9B002B00F38880002DA1
:105A900000F39C800A9B002B00F3B780002F00F3DB
:105AA000A980BBF1000F08DD21465A46404602F0AE
:105AB0001BFF0446002800F0A6801299324640469B
:105AC00002F0ACFF8246002800F09D800023C568EC
:105AD000C360214602F080FF0028C0F2C78300F0B7
:105AE00061832146504603F041F9B0EE007BB4EEED
:105AF000C70BF1EE10FA46D8002D00F0CB80B7EEC0
:105B0000009B0598604B00226049DFF884C100EAE1
:105B10000107674500F0D480089959B1B7F1D46FF7
:105B200008D8B4EECB9BF1EE10FA40F2568103F1A7
:105B3000D661CB1BB0EE480B43EC1A2B03F018F8E0
:105B4000AAEE008B8DED048B18EE903A089A22B9DC
:105B50004E4A1A40974200F0E4801299404602F003
:105B600083FC3146404602F07FFC2146404602F06D
:105B70007BFC5146404602F077FC2DE701230021D3
:105B8000CDE90D316EE7B6EE009B20EE099B002DAE
:105B90005FD1B1EE497B059853EC172BB4E7214652
:105BA0001A46404602F040FE044660B30146129A8F
:105BB000404602F08BFD30B30F901299404602F040
:105BC00053FC0F9A1292002D7FF764AF12992A4668
:105BD000404602F089FE129000287FF45BAF22233A
:105BE0009FED258BC8F80030BCE00C9BDDF82CB095
:105BF0009F1A20E731463A46404602F075FE0646B7
:105C000000287FF44EAF1298E9E731460C9A4046DF
:105C100002F00AFE064600287FF440AFF3E7C2F127
:105C20007F4202F57F0202F57B420121E23201FA56
:105C300002F3CDE90D1315E7CDF844A04FF0000BAA
:105C4000C0E501230A930AF1020311939AF8024076
:105C500002E6B0EE497B9EE79535A094FFFFCF3F6B
:105C60009535A094FFFFDF3F35E5AF350000E03FFD
:105C70000000C0FFFFFFDF41000000000000F07FD8
:105C8000A802002002FCFFFF0000F03F0000F07FB0
:105C90000000E07FDDE90412002900F08580DDE9E5
:105CA0000412012900F0D8811046B74BB7EE009BD3
:105CB000002229E7652C4FF0010C3FF4BEAD4CE506
:105CC00043EC1A2BA0F1547305939DED04FBB0EE49
:105CD0004F0B02F04DFFAD49AAEE00FB1FEE903ACC
:105CE000AB4A194091428DED04FB72D9A94B18EED5
:105CF000902A9A4203D118EE103A013383D0A54A74
:105D00004FF0FF33CDE9043227E700230A939AE7E7
:105D1000652C00F0D080452C00F0CD804FF0010CB8
:105D2000D1E551EC190B0D93FEF764FD07F012FE5F
:105D3000049B1D430D9B41EC170BC3F313031D4341
:105D400039EE479B00F0A080B4EECC9BF1EE10FA48
:105D500005D4B4EECD9BF1EE10FA7FF7FEAE9DEDCB
:105D6000048B12980146404602F07EFB31464046C5
:105D700002F07AFB2146404602F076FB4946404657
:105D800002F072FB5146404602F06EFBC1E5012273
:105D90000992791C11917A78002A3FF4E5AC0F46FC
:105DA00070E400220992F4E7C2F313031046002BBB
:105DB0007FF47BAFB7EE007BB4EEC70BF1EE10FAC9
:105DC00000F1D381B6EE009B20EE099BB1EE497B3A
:105DD000E2E603F154730593B8E6BCEEC99B19EEF5
:105DE000103A012B38BF012309EE103AB8EE499B57
:105DF000002D40F03E81B1EE497B53EC172B96E627
:105E0000B2F59A7F00F3B280102A4FEA221340F3D2
:105E10008682614C9DED047B00202246014613F0F2
:105E2000010F01F101014FEA630304D092ED006B11
:105E3000012027EE067B012B02F10802EFD108B109
:105E40008DED047B059BA3F15473059304EBC10412
:105E50009DED046B94ED007B4C4B27EE067B17EE1B
:105E6000902A4E4913408B428DED047B7ED8A1F5DC
:105E700080118B4240F2D681464C4FF0FF33CDE982
:105E800004340023089385E5B4EECE9BF1EE10FABE
:105E90007FF563AE63E71632FFF662AD0B9BA3EBB3
:105EA0000B0B3F4B03EBCB0393ED007B9DED046BA2
:105EB00086EE078B2DE54FF0000ECDF82CE04FF06D
:105EC000010C4EE46E2C3FF410AD4DE43FF460AD98
:105ED0005B4213F00F010AD0314A02EBC1029DED83
:105EE000046B92ED007B86EE077B8DED047B1B112E
:105EF0003FF44EAD1F2B33DC13F0100218BF6A22A3
:105F00009DED047B0892274A0021D80704D592ED25
:105F1000006B012127EE067B5B1002F10802F4D131
:105F200009B18DED047B089B93B1DDE90401C1F358
:105F30000A52C2F16B03002B0ADD1F2B40F32F82A4
:105F40000020342B049040F340824FF05C730593A3
:105F50009DED047BB5EE407BF1EE10FA7FF41AADB7
:105F600022239FED058BC8F80030D2E422239FED59
:105F7000048BC8F80030CCE40000000000000000F2
:105F8000000000000000F07F0000F0BF0000F07F84
:105F9000FFFF9F7CFFFFEF7F800200200000A07CBE
:105FA000A8020020200600200293099B019312AB57
:105FB0000093A74A13AB11A9404601F05BFE10F015
:105FC0000F0504463FF4A3AC062D74D1079B9FED4B
:105FD0009A8B0137002B3FF4CEAB1F60FFF7CBBB92
:105FE0009DED048B95E40B9BDDF844C003440B93BB
:105FF000012805F101031A4614D02844441E03E089
:1060000046009C420DD001332A46082A1D4606EB65
:106010008600F5D9102BDCBF09EB89094FEA490945
:10602000EFE70232082D3CDC1546FFF779BB8949C2
:106030000122384600F04CFE002800F082804FF02C
:10604000000EF14676467546FFF7B5BB44F61F6372
:106050009B45A8BF9B462FE4DDE904231846002B8F
:106060007FF423AE22239FED748B1298C8F8003082
:1060700078E6B0EE497BC0E6774911A802F0C4F893
:1060800000283FF471AB119B7449013B11A8119397
:1060900002F0BAF810B9119B013311939FED688B90
:1060A00037E4102ADCBF09EB890901EB49091546E1
:1060B0000020FFF73ABB129A3AB1352114A802F03A
:1060C00087FE1299404602F0CFF9013D139B042D43
:1060D00000F28F81DFE805F0032D2A1F0300149AD8
:1060E000049203F23342159B23F4801343EA0253D4
:1060F0000593E50502D543F000430593584A1A403D
:106100009DED048B002A7FF404AC01F0EFF822230C
:106110000360FFF7FEBB4FF0FF336FF00046CDE9A1
:106120000436E3057FF55CAF059BE4E74C4B059334
:10613000F7E7149B0493159B0593DAE70020FFF71C
:10614000E1BA119B1A4601331193547806468146F1
:10615000FFF7CDBA434B03EBC20393ED008B9DEDEC
:10616000047B28EE078BFFF7D4BBBEEE007BB6EEB8
:10617000009B11E5AE460B90FFF7DCBA394BC5F139
:106180000F054A1B03EBC50503EBC20395ED008B1E
:1061900093ED007B9DED046B28EE068B28EE078BBC
:1061A000FFF7B7BB002D00F09580DDE904BC2E4B56
:1061B000CCF313019942624600F0D2800E9B002B73
:1061C00000F0A580DDE90412134217461AD0B0EEA4
:1061D000480B002D00F0A68002F0CAFC089B7BB1A2
:1061E000C7F30A53C3F16B03002B09DD1B0503F151
:1061F0007F51002001F5401141EC170B20EE070BF9
:1062000038EE008B089B5BB19FED0F7B144B28EEA3
:10621000078B18EE902A134013B92223C8F80030D8
:1062200012989FE502F15473059300230893FFF73A
:10623000B1BB00BFAFF30080000000000000000011
:10624000000000000000F07F000000000000503956
:10625000A0370020243E002060320020643200205D
:106260000000F07FA8020020FFFF0F00DDE904120C
:106270000D43C7D1C2F313031746002BC2D122F03E
:1062800000431B0D1B05B3F1D66FBBD9DAF81430F0
:106290001BB9DAF81030012BB4DD5146012240461B
:1062A00002F022FB2146824602F096FB0028A9DD7F
:1062B000089B002B7ED1504B3B40A3F580136FEA27
:1062C00013536FEA035305934FF0FF3304939DED8F
:1062D000048B97E7DDE90412C2F313030B4317465F
:1062E0007FF46CAFE4E7454911A814AA01F0A8FFB8
:1062F00005287FF406AB159B43F0FF4343F4E0030E
:106300000593149B04939DED048BFFF702BBDDE91D
:1063100004010D9B03423FF475AF0F4657E7384C1D
:1063200000218FE502F024FC089B002B55D0C7F319
:106330000A53C3F16B03002B09DD1B0503F17F51E9
:1063400001F54011284641EC170B20EE070B38EE03
:10635000408BB5EE408BF1EE10FA7FF455AF81E63D
:10636000089B04991BB3244B1340B3F1D46F1ED880
:106370001B0DC3F16B034FF0FF3000FA03F399429A
:106380007FF41CAF1F4B9A4230D01B4B134003F5D8
:1063900080130593002304939DED048B32E74FF0A7
:1063A000FF3202FA03F3049A1A400492D0E54FF048
:1063B000FF33E4E7104B3B40B3F1D66F3FF77DAFBF
:1063C000B3F15C7F3FF720AF4CE6C2F14B024FF0D8
:1063D000FF3393400B400593BAE538EE408BB5EEA2
:1063E000408BF1EE10FA7FF41BAF3BE60131CCD1CC
:1063F00009E400237DE600BF0000F07FB4370020F1
:1064000080020020FFFFEF7F10B4054C054B84464F
:106410000A4620685DF8044B6146FFF7BDB800BF2F
:106420001C410120943B0120012B2DE9F84F40D065
:10643000242B98463DD84C4D8E4676461EF801BB1F
:1064400015F80B4014F00804F7D1BBF12D0F72D0F2
:10645000BBF12B0F08BF9EF800B06FF0004908BFDA
:1064600006F1020E002B42D0102B57D0B9FBF8F7E3
:1064700000252E4608FB179A05E033D008FB06C618
:1064800001251EF801BBABF1300CBCF1090F06D998
:10649000ABF1410CBCF1190F12D8ABF1370C6345CD
:1064A00017DDB5F1FF3FECD0B742E6D24FF0FF3534
:1064B000E7E700F01BFF162303600020BDE8F88F1C
:1064C000ABF1610CBCF1190F03D8ABF1570C63456C
:1064D000E7DC6B1C27D08CB90AB1A5BB1160304634
:1064E000BDE8F88FE245C9DA4FF0FF35C9E7BBF1E7
:1064F000300F05D04FF00A084346B7E77642EBE786
:106500009EF8003003F0DF03582B21D14FF0100824
:106510009EF801B043460EF1020EA7E7BBF1300F23
:106520001AD09846A2E72223036072B10EF1FF3120
:106530004E461160D3E79EF800B04FF0004906F1D7
:10654000020E01248EE7B146F0E74E463046C7E71B
:106550004FF00808434689E79EF8005005F0DF0534
:10656000582DD3D0984681E7F130002010B4054C67
:106570008446134620685DF8044B0A466146FFF7DF
:1065800053BF00BF1C410120F0B5254FA2F1020E00
:10659000164605460C460FCF8BB0EC46ACE80F0014
:1065A0000FCFACE80F0097E803004CF8040BBEF1E6
:1065B000220F8CF800102ED804F1FF3E70464FF0E9
:1065C000000CB5FBF6F206FB125328336B44614610
:1065D00013F828CC00F801CF2B469E4201F1010CA4
:1065E0001546EED9002304F80C3089B1A444724654
:1065F0001EF8010F1CF8015D8EF80050A4EB0E038D
:106600000232013B121B0B449A428CF80000EEDB75
:1066100020460BB0F0BD0023184623700BB0F0BD30
:10662000C830002013460A460146022001F036B960
:10663000B7EEC00A002302F039BC00BF024B184479
:10664000407800F007007047F0300020054B1844F8
:10665000407800F00300A0F10200B0FA80F0400999
:10666000704700BFF0300020054B1844407800F020
:106670000300A0F10100B0FA80F04009704700BFAC
:10668000F0300020034B1B5C03F00303012B08BF19
:1066900020307047F1300020024A0349034800F0DF
:1066A000BBB800BF104101209588020008320120CC
:1066B0000C4B4168994210B5044601D004F0EAF948
:1066C000A168094B994202D0204604F0E3F9E16841
:1066D000064B994204D02046BDE8104004F0DAB9D8
:1066E00010BD00BFC4D801202CD9012094D90120AD
:1066F0002DE9F8432A4C2B4B2B48DFF8C090DFF8EC
:10670000C0802A4F1860002504230822294604F17E
:106710005C00274E6566C4E90253C4E90055C4E92C
:106720000455A56100F0FCF9224B63670822294655
:1067300004F1C400C4E90749C4E90987C4E91A554A
:10674000C4E91E55C4F8CC502567C4F88050E662F1
:1067500000F0E6F9184BC4F8DC30294604F1680370
:10676000082204F59670C4F88430C4E92298C4E97C
:106770002476C4E93455C4E93855C4F83451C4F812
:10678000D850C4F8E85000F0CBF904F1D003C4E9C4
:106790003C98C4E93E76C4F8EC30BDE8F88300BF0D
:1067A000C4D80120FCD9012099440200D54602003A
:1067B000F5460200090001001200020071460200C5
:1067C0009546020010B504460A4800F0BDFD636B13
:1067D00023B9094B094A1B68626323B1BDE8104025
:1067E000044800F0B3BDFFF783FFBDE81040014847
:1067F00000F0ACBD8CD80120FCD90120B1440200CE
:10680000014800F0A1BD00BF8CD80120014800F074
:106810009DBD00BF8CD801202DE9F84380460F466E
:1068200016464FF00009D6E90154013D11D4A38961
:10683000012B05F1FF3508D9B4F90E30013321469B
:1068400003D04046B84749EA00096B1C04F16804CC
:10685000EDD13668002EE6D14846BDE8F88300BF8A
:10686000024B01461868826804F03ABA1C410120C4
:1068700010B50C46B1F90E1000F0FAFC002803DB4D
:10688000236D0344236510BDA38923F48053A381A2
:1068900010BD00BF2DE9F0410C46B1F90C101F46A8
:1068A000CB05054616460BD421F48051A1813B4609
:1068B000B4F90E1032462846BDE8F04100F000BDA4
:1068C000B4F90E100223002200F0BCFCB4F90C1045
:1068D000EAE700BF10B50C46B1F90E1000F0B2FCAB
:1068E000A389421C0EBF23F4805343F480532065D8
:1068F000A38110BDB1F90E1000F092BCF0B5ADF55A
:10690000057D04AF009313464FF400720E460392C8
:10691000394603AA054600F025F888B10446024628
:10692000039B3146284600F0CBFCBC42039004D0C8
:106930002846214601F046F803980DF5057DF0BD87
:106940004FF0FF30F9E700BF10B4054C8446134602
:1069500020685DF8044B0A466146FFF7CFBF00BFD1
:106960001C41012030B5146815469BB01A4609B188
:10697000002C19D100214FF42273ADF80C30009196
:1069800004914FF6FF7302910591ADF80E30694600
:106990001E9B02F0DDFA002813DB009B286000221A
:1069A0001A7004981BB030BD4FF4C163009104917C
:1069B000ADF80C302146E4DA8B23036000201BB0D5
:1069C00030BD0020EEE700BF032A70B514D940EABD
:1069D00001039B0722D104460B46194620460E6848
:1069E0000568B54204F1040403F1040316D1043A26
:1069F000032A20461946F0D8541E9AB1421E013986
:106A000001E0C3180CD012F801EF11F801CFE645F0
:106A1000A4EB0203F5D0AEEB0C0070BD541EEDE705
:106A2000184670BD104670BD88420DD98B18834240
:106A30000AD900EB020CBAB1624613F801CD02F894
:106A400001CD9942F9D170470F2A0ED8034602F1C1
:106A5000FF3C4AB10CF1010C013B8C4411F8012BB5
:106A600003F8012F6145F9D1704740EA01039B0704
:106A700050D1A2F1100370B501F1200C23F00F05E5
:106A800001F1100E00F11004AC441B095EF8105C1B
:106A900044F8105C5EF80C5C44F80C5C5EF8085C32
:106AA00044F8085C5EF8045C44F8045C0EF1100ED7
:106AB000E64504F11004E9D1013312F00C0F01EBAB
:106AC000031102F00F0400EB031327D0043C24F061
:106AD00003064FEA940C1E441C1F8E465EF8045BAE
:106AE00044F8045FB442F9D10CF1010402F003024E
:106AF00003EB840301EB840102F1FF3C4AB10CF18A
:106B0000010C013B8C4411F8012B03F8012F614566
:106B1000F9D170BD02F1FF3C03469BE72246EBE74B
:106B2000830730B548D0541E002A3FD0CAB203466E
:106B300001E0013C3AD303F8012B9D07F9D1032C66
:106B40002DD9CDB245EA05250F2C45EA054536D9A4
:106B5000A4F1100222F00F0C03F1200EE6444FEADC
:106B6000121C03F1100242E9045542E902551032A9
:106B70007245F8D10CF1010214F00C0F03EB021274
:106B800004F00F0C13D0ACF1040323F0030304331F
:106B9000134442F8045B9342FBD10CF003042CB184
:106BA000C9B21C4403F8011B9C42FBD130BD6446B2
:106BB0001346002CF4D1F9E703461446BFE71A4602
:106BC000A446E0E7830710B5044610D10268A2F19D
:106BD000013323EA020313F0803F08D150F8042F59
:106BE000A2F1013323EA020313F0803FF6D00378C9
:106BF0001BB110F8013F002BFBD100F01FFD204618
:106C000010BD00BF11F0FF01034644D0820732D10E
:106C100010B5046841EA012E4EEA0E4E8EEA0402D7
:106C2000A2F1013323EA0203A4F1013222EA0402B1
:106C3000134313F0803F0FD150F8044F84EA0E0C39
:106C4000A4F10133ACF1013223EA040322EA0C027D
:106C5000134313F0803FEFD0037823B936E010F8E8
:106C6000013F002B32D09942F9D110BD8A4211D098
:106C70009A071846CCD0184613F8012B002AF5D1F4
:106C8000104670479907184607D018460133027816
:106C9000002AF7D170478207F7D10268A2F10133C9
:106CA00023EA020313F0803F08D150F8042FA2F129
:106CB000013323EA020313F0803FF6D00378002B60
:106CC000E8D010F8013F002BFBD17047184610BDEB
:106CD000002A3ED040EA01039B0730B584462FD1FD
:106CE000032A2DD90B4608E0043A8446194625D0DC
:106CF0001EF0803F22D1032A22D90468194653F896
:106D0000045BA4F1013EAC4284462EEA040E00F17D
:106D10000400E9D09CF800000C78A0421BD1E646A4
:106D200068B11EF8010F11F8014FA2EB0E03A0424B
:106D300003F1FF330FD11CEB0303F1D1002030BD71
:106D40009CF800000C78844205D1012AF6D0E64672
:106D5000E6E710467047001B30BD00BF40EA010364
:106D60009B0730B501D1032A0FD8844601F1FF3EBD
:106D700007E01EF8011F03F8011B541EC1B19C4619
:106D800022466346002AF4D130BD0B46844619469C
:106D900053F8045BA5F1013424EA050414F0803FA4
:106DA000E4D1043A032A4CF8045B1946EFD8DDE736
:106DB0009444002CE8D003F8011B6345FBD130BD9F
:106DC00038B511F0FF040CD00346002501E0431C48
:106DD000054618462146FFF715FF0028F7D128463B
:106DE00038BD2146BDE83840FFF70CBF01292DE929
:106DF000F0415BD94FF00108C64600244FF0FF3543
:106E0000434608E0A3EB05081C464FF0010E04EBD7
:106E10000E038B4210D200EB0E0CC75C1CF8056011
:106E2000B742EFD332D04FF001082546C64644445E
:106E300004EB0E038B42EED30127C2F80080BE465E
:106E400000244FF0FF363B4607E09F1B1C464FF0E7
:106E5000010E04EB0E038B4210D200EB060C10F86F
:106E600003801CF80EC0E045EFD817D00127264656
:106E7000BE463C4404EB0E038B42EED30136681C45
:106E8000864201D317603046BDE8F081C6450ABF8F
:106E900074440EF1010E4FF0010EB8E7BE450ABF73
:106EA00074440EF1010E4FF0010ED2E701270026C7
:106EB000E8E700BF2DE9F04F9246ADF21C4D05AA60
:106EC00081460F46504619461D46FFF78FFF134671
:106ED00083460DF2144243F8045F9342FBD1002D28
:106EE00000F0DF806C1E06AE0AF1FF320AEB0400F0
:106EF000009612F8011FAB1A013B5344824246F838
:106F00002130F6D105995A4651445046FFF75CFDB1
:106F100000286FD10BF1FF330393CBF101038046BF
:106F20000646019309EB060E009A1EF8043052F84B
:106F30002330DBB1B8F1000F03D0059A9A4200D993
:106F4000AB1A1E444FF000087B1B9E42EAD909EBA6
:106F5000070045F4006103F0BDFF07447B1B9E4220
:106F6000E0D900200DF21C4DBDE8F08FC3455B4613
:106F700038BF4346A34210D2591EF21851444A4426
:106F800002E00133A34208D212F8010B11F801CF3D
:106F90008445F6D0019A1644D3E7C345039B7ED9B6
:106FA00006EB0B024A440AEB0B01029602E0434552
:106FB00015D0034612F8010D11F8016D864203F158
:106FC000010C03F1FF30F2D0029E634608F1010884
:106FD00098450AD8059B1E44A5EB0308B4E7434631
:106FE00008F101089845029EF4D970460DF21C4D37
:106FF000BDE8F08FA5EB0B035B4538BF5B46013363
:1070000005930BF1FF330193CBF1010300260293AB
:1070100045F4006809EB0601009A0B5D52F8233035
:107020006BB11E447B1BB342F4D209EB070041460F
:1070300003F050FF07447B1BB342EBD291E7A3451B
:1070400014D2019B0BEB06020AEB030C4A445B468D
:1070500002E00133A34209D212F8010B1CF801EF40
:107060008645F6D0029A16441E44DBE7BBF1000FBA
:1070700010D00BEB060048440AEB0B0201E053452D
:1070800008D012F801ED10F801CDE6451346F6D010
:10709000059BC6E708460DF21C4DBDE8F08F5B4628
:1070A00094E706AB4FF0FF3400932BE72DE9F04156
:1070B0000D46097890B00446002954D06A78002A19
:1070C00000F08380AB78002B51D0E8782E68002840
:1070D00000F082802B79002B57D0284600F070FBFF
:1070E000064640F40071204603F0F4FE86425BD869
:1070F000FE2E00F28680801B27184022711C6846F5
:10710000FFF70EFD7EB16A1E5FFA86FC901912F839
:10711000013F03F03F0340336B44A91A61448242AC
:1071200003F8401CF3D1013CA35D03F03F0340335F
:107130006B4413F8403C1C44A74203D239E044445A
:10714000A74236D314F806C00CF03F0C0CF14003F4
:107150000DEB030C2046324629461CF8408CFFF705
:1071600033FC0028EBD1204610B0BDE8F081007858
:1071700042EA014200E00C4640EA0343611C98B138
:107180009A426078F7D1013CEDE7227862B131BADA
:1071900001E099421ED042EA0323204614F8012F51
:1071A000002AF6D1994215D00024204610B0BDE83F
:1071B000F081BB5DB819002BF6D04FF4006103F0ED
:1071C00089FE0744BC42AED9EEE710B0BDE8F041FD
:1071D000FFF718BDC41EC6E7120442EA016242EA84
:1071E00003232178024600E02C4641EA0200651C98
:1071F00002020029D8D0B3EB002F6178F4D1023C11
:10720000B1E7014633462A46204610B0BDE8F041BA
:10721000FFF750BE014B93F828017047943B0120C3
:1072200038B5074D0022044608462A60FBF7DAFE0F
:10723000431C00D038BD2B68002BFBD0236038BD29
:10724000E4DA012038B50C46084D84461146204644
:107250001A4600232B606446FBF7D0FE431C00D087
:1072600038BD2B68002BFBD0236038BDE4DA012049
:1072700038B50C46084D8446114620461A46002370
:107280002B606446FBF7ACFE431C00D038BD2B6876
:10729000002BFBD0236038BDE4DA012038B5074D60
:1072A0000022044608462A60FBF780FE431C00D0FB
:1072B00038BD2B68002BFBD0236038BDE4DA0120F9
:1072C00038B50C46084D8446114620461A46002320
:1072D0002B606446FAF7AEF8431C00D038BD2B682B
:1072E000002BFBD0236038BDE4DA0120014B186885
:1072F000704700BF1C41012070B50D4E0D4D761B2F
:10730000B61006D0002455F8043B01349847A64235
:10731000F9D1094E094D761B06F04EFBB61006D08A
:10732000002455F8043B01349847A642F9D170BDBA
:107330000020006000200060082000600020006045
:10734000704700BF704700BF704700BF704700BF65
:10735000000000000000000000000000000000002D
:10736000A2EB0300704700BF02780B78012A28BF08
:107370009A42F5D16DE9044540EA0104CDE902677E
:107380006FF0000C4FEA447212B380EA010414F06B
:10739000070F6AD100F0070420F0070004F003058E
:1073A00021F007014FEAC505F0E8042314F0040FAB
:1073B000F1E804670CFA05F462EA040266EA0406DE
:1073C0000AD063EA0403624667EA0407664603E0FC
:1073D000F0E80423F1E8046782FA4CF582EA060437
:1073E000A4FA8CF46CBB83FA4CF583EA0705A5FA82
:1073F0008CF595B950E9022351E9026782FA4CF500
:1074000082EA0604A4FA8CF483FA4CF583EA0705B1
:10741000A5FA8CF52543DBD09CB92DBAB5FA85F4D5
:1074200024F0070427FA04F1DDE9026723FA04F3E4
:1074300003F0FF0001F0FF01FDE80445A0EB0100AF
:10744000704724BAB4FA84F424F0070426FA04F14D
:10745000DDE9026722FA04F202F0FF0001F0FF0109
:10746000FDE80445A0EB0100704714F0030F3CD188
:1074700010F0030428D150F8082B51F8083B82FA89
:107480004CF582EA0305A5FA8CF55DB950F8042C99
:1074900051F8043C82FA4CF582EA0305A5FA8CF512
:1074A000002DE8D02DBAB5FA85F424F0070423FAAC
:1074B00004F122FA04F202F0FF0001F0FF01FDE8FE
:1074C0000445A0EB010070474FEAC40420F003001C
:1074D00050F8082B21F0030151F8083B0CFA04F492
:1074E00062EA040263EA0403C9E710F003041AD055
:1074F000A1EB040120F00300E40750F8042B06D0B0
:107500000FD28B785FFAA2F4E41A06D12BB1CB78B4
:107510005FFAB2F4E41A00D11BB920465DF8104BB3
:10752000704701F1040150F8042BCC0721F003014E
:1075300051F8043B48D824D222F07F4482FA4CF51B
:1075400094EA1325A5FA8CF50AD165B951F8043BE4
:1075500084EA0204B4EB036F0ED150F8042BEBE77E
:107560004FEA132355E035F07F454DD10878FDE80B
:107570000445C0F1000070474FEA126203F0FF03B8
:1075800047E002EA1C4482FA4CF594EA1345A5FA56
:107590008CF50AD165B951F8043B84EA0204B4EBD6
:1075A000034F0CD150F8042BEBE74FEA134330E0C4
:1075B00015EA1C4528D10B884FEA124229E04FEA10
:1075C000124203EA1C4324E002F0FF0482FA4CF565
:1075D00094EA1365A5FA8CF50AD165B951F8043B14
:1075E00084EA0204B4EB032F09D150F8042BEBE733
:1075F0004FEA13630DE015F0FF0F05D10B684FEA5A
:10760000122223F07F4304E04FF00000FDE8044520
:10761000704712BA1BBA82FA4CF482EA0304A4FA45
:107620008CF5B5FA85F402FA04F203FA04F34FEA92
:107630001260FDE80445A0EB1360704780EA010288
:10764000844612F0030F4FD111F0030F32D14DF8E1
:10765000044D11F0040F51F8043B0BD0A3F101329B
:107660009A4312F0803F04BF4CF8043B51F8043BAE
:1076700016D100BF51F8044BA3F101329A4312F026
:10768000803FA4F101320BD14CF8043BA24312F02D
:10769000803F04BF51F8043B4CF8044BEAD023462A
:1076A0000CF8013B13F0FF0F4FEA3323F8D15DF8DC
:1076B000044B704711F0010F06D011F8012B0CF8A4
:1076C000012B002A08BF704711F0020FBFD031F81C
:1076D000022B12F0FF0F16BF2CF8022B8CF80020A3
:1076E00012F47F4FB3D1704711F8012B0CF8012B26
:1076F000002AF9D1704700BF000000000000000020
:1077000001F0FF01102A2BDB10F0070F08D010F852
:10771000013B013A8B422DD010F0070F42B3F6D156
:10772000F0B441EA012141EA014122F007047FF06F
:1077300000070023F0E80256083C85EA010586EAC6
:10774000010685FA47F5A3FA87F586FA47F6A5FA02
:1077500087F68EB9EED1F0BC01F0FF0102F007020E
:1077600032B110F8013B013A83EA010313B1F8D1B9
:107770000020704701387047002D06BF354603389A
:10778000073815F0010F07D1013015F4807F02BFD3
:10779000013015F4C03F0130F0BC0138704700BF24
:1077A00000000000000000000000000000000000D9
:1077B00000000000000000000000000000000000C9
:1077C00090F800F06DE9024520F007016FF0000C21
:1077D00010F0070491F820F040F049804FF00004C9
:1077E0006FF00700D1E9002391F840F000F10800A4
:1077F00082FA4CF2A4FA8CF283FA4CF3A2FA8CF3DC
:107800004BBBD1E9022382FA4CF200F10800A4FA42
:107810008CF283FA4CF3A2FA8CF3E3B9D1E9042396
:1078200082FA4CF200F10800A4FA8CF283FA4CF3CD
:10783000A2FA8CF37BB9D1E9062301F1200182FA87
:107840004CF200F10800A4FA8CF283FA4CF3A2FA8D
:107850008CF3002BC6D0002A04BF04301A4612BA9B
:10786000B2FA82F2FDE8024500EBD2007047D1E99E
:10787000002304F00305C4F100004FEAC50514F02D
:10788000040F91F840F00CFA05F562EA05021CBFFE
:1078900063EA050362464FF00004A9E72DE9F047CB
:1078A000DFF87CA00646DAF8000098460F469146BD
:1078B000FFF74AFD184B1C6824B365681F2D24DCB4
:1078C0005EB96B1C0235DAF80000636044F825707D
:1078D000FFF73CFD0020BDE8F08704EB85010123A4
:1078E000C1F88890D4F88821AB401A43022EC4F81E
:1078F0008821C1F80881E4D1D4F88C211A43C4F856
:107900008C21DEE7054C1C60D7E7DAF80000FFF7B2
:107910001DFD4FF0FF30DEE7F0D60120F4D6012048
:10792000883B0120F8B5244F0C460646FDF728FC9D
:10793000BB685D68C4F57E610F3125F003054B1906
:1079400023F47F6323F00F03A3F58054B4F5805F25
:1079500007DB00213046FFF7A1FCBB682B449842AF
:1079600004D03046FDF712FC0020F8BD61423046DD
:10797000FFF794FC01300DD0104ABB682D1B45F079
:1079800001055D60136830461B1B1360FDF7FEFBAD
:107990000120F8BD00213046FFF780FCBA68831A49
:1079A0000F2BDEDD43F001035360054B03491B68D9
:1079B000C01A0860D5E700BF003D012090D8012023
:1079C00008410120002961D0F8B50C460646FDF7B4
:1079D000D7FB54F8042C7B4FA4F1080522F00101D9
:1079E00005EB010CB868DCF80430604523F00303B4
:1079F00000F08B80D207CCF8043032D454F8082C35
:107A0000AD1A1144AA6807F1080082426AD00CEB53
:107A10000304D4F804E0EC68D4601EF0010FA26007
:107A200000F0978041F001036B60CCF80010B1F5D5
:107A3000007F35D27868CB080122490901338A409A
:107A4000024357F833107A6007EBC302083AC5E9DE
:107A5000021247F83350CD603046BDE8F840FDF7DC
:107A600095BB0CEB03025268D00710D4194407F100
:107A70000800DCF80830834273D0DCF80C20DA60B0
:107A8000936041F001036B606950D0E7704741F0AB
:107A90000103B1F5007F44F8043CCCF80010C9D3D1
:107AA000B1F5206F4FEA512348D28B0903F1390019
:107AB00003F13802C300F818FB580838984259D02F
:107AC0005A6822F003028A4202D99B689842F7D191
:107AD000D868C5E902308560DD603046BDE8F84011
:107AE000FDF754BB0CEB03025268D20763D40B447E
:107AF000DCE90212CA60916043F001026A6030461C
:107B0000EB50BDE8F840FDF741BB0B44D10707D46B
:107B100054F8082CAD1A1344D5E90212CA609160DA
:107B200043F001026A60284ABD6012689A4293D805
:107B3000264B30461968FFF7F5FE8DE7142B0AD95E
:107B4000542B1FD80B0B03F16F0003F16E02C3001F
:107B5000B1E719448DE703F15C0003F15B02C30058
:107B6000A9E741F00103C7E90455C5E902006B60CC
:107B7000695071E779689210012404FA02F20A430D
:107B80007A60A6E7B3F5AA7F06D8CB0B03F178009D
:107B900003F17702C3008EE740F25452934206D8B5
:107BA0008B0C03F17D0003F17C02C30083E74FF4EB
:107BB0007E737E227FE741F001036B60CCF80010FA
:107BC0004AE700BF003D01200C410120C0D8012040
:107BD0002DE9F0410469B4EB611F2FDD00F1140EB3
:107BE0004E1111F01F0C0EEB84050EEB86032BD00B
:107BF0005EF8261004339D4221FA0CF1CCF12008E6
:107C000018D977461A6802FA08F20A4347F8042B93
:107C100053F8041B9D4221FA0CF1F3D8A31B9B00DF
:107C2000053B9B0801330EEB83044EF82310C9B1CA
:107C3000043417E0416174460029F9D1002303613F
:107C400000234361BDE8F0819D4288BF00F110022E
:107C5000F4D953F8041B42F8041F9D42F9D8A41B21
:107C60000EEB8404A4EB0E039B1074450361E7D074
:107C7000BDE8F0812DE9F04F2DED028B0C688B46AD
:107C8000A17885B0302908EE100A9246029340F0A0
:107C9000CE816FF00100001BE21C8318144612F81D
:107CA000011B3029F9D0DFF8008318F80120002AE1
:107CB00000F0E5802278002718F802203D4626468D
:107CC0002AB116F8012F18F80220002AF9D1B54977
:107CD000019301223046FEF7FBFF019B81460028FD
:107CE0004DD0002D4ED13278A94602F0DF02502A45
:107CF000354650D0CBF80060002F69D12B1B013BDB
:107D0000072B394604DD5B10072B01F10101FADC7A
:107D100018EE100A00F082FB8346002800F066820D
:107D200000F11406AC42019680F0D2810027CDF814
:107D30000C909C49A1463C460CE0202F19D03846B7
:107D400004372A7818F8022002F00F028240144308
:107D50004D4547D015F8012D2E2AEED14D45ECD3D7
:107D600001222846FEF7B4FF8E490028F0D0202FCC
:107D7000E5D1002046F8044B04270446E1E7002D36
:107D800000F04281327802F0DF02AD1B502A4FEA48
:107D900085093546AED16A782B2A00F025812D2A37
:107DA00000F0A5806E1C002018F802104A1E182A48
:107DB00000F29B80727818F8022010390136002AF0
:107DC0005AD100B149428944CBF80060002F95D0C8
:107DD000002B14BF00250625284605B0BDEC028BFC
:107DE000BDE8F08FDDF80C90234646F8043B1846BA
:107DF000019BF61AB610CBF8106000F0E9FB760193
:107E0000DAF80040301AA04275DCC0F2EF8000279B
:107E1000DAF808304B45C0F25181DAF804304B45AE
:107E20004ADDA3EB09094C4500F38280DAF80C2007
:107E3000022A00F06581032A00F08181012A00F006
:107E40006F8118EE100A594600F00EFB5025109A6B
:107E500000232846136005B0BDEC028BBDE8F08F0F
:107E600001EB810102EB4102A2F1100116F8012F92
:107E700018F80220002AA4D0192AF1DDA1E7494907
:107E8000019301222046FEF723FF019B00286DD1BC
:107E9000617818F80120651C002A69D030292C4629
:107EA00005D114F8013F302BFBD018F80320B2FAAB
:107EB00082F77F09012302E7012557B1DAF80C3078
:107EC000022B5DD0032B5FD0012B00F0848045F0A6
:107ED0001005109BC3F800B0029B2846C3F8009021
:107EE00005B0BDEC028BBDE8F08F2E4602E7012005
:107EF000AA78AE1C58E7061B3146584600F096FF9C
:107F0000074678B1721E53110199012751F82310C9
:107F100002F01F0307FA03F30B4203D0BA4200F347
:107F2000E280022731465846B144FFF751FE6FE721
:107F300009F1FF35002F40F0CE80002D40F0CD80BC
:107F40006B11019A05F01F0552F823200123AB4065
:107F500013424946584618BF47F00207A4EB0904EC
:107F6000FFF736FE0225DAF80490A6E721782546C9
:107F700001F0DF01502900F0BF80CBF8005027E767
:107F8000119BC3F101031193119B002B9FD0DBF8D0
:107F90001070DDF80480BA004346019208EB8700B8
:107FA000002107E0243E00206C2F0020984243F877
:107FB000041C3FD91E4653F8042BB2F1FF3FF5D005
:107FC0000132022D326000F0BF8014F01F0440F037
:107FD000E78021257DE7BA077FF579AF019B1B6814
:107FE0001F43FB07D3D472E7002081E7221A5946CA
:107FF00018EE100AA9EB020900F076FC00F1140358
:1080000083460193002703E7727818F80200711C79
:10801000002800F0A0800D4611F8012F18F802008A
:108020000028F8D1751B4FEA85090E465DE602343B
:10803000002338E6DBF808309F4280F28E803B4612
:108040000BEB830201210133022DCBF8103051617B
:108050007AD09F42B9DA002B40F39B80DBF81420E2
:1080600008EB83030BF1180083424FEA520240F2FF
:10807000B1804446016842EAC17244F8042B50F8CA
:10808000042B83424FEA5202F4D8A3EB0B03193BB3
:108090009B08013348F8232008EB8303002A40F0B3
:1080A0009D80A3EB080292104345CBF8102073D0BB
:1080B000DAF8083009F101094B458ADA18EE100A9E
:1080C000594600F0D1F9109A00231360A32583E6E6
:1080D000019E002389E6012732E72946584600F031
:1080E000A5FE07462CE7B11E584600F09FFE00286B
:1080F0003FF417AF032715E74FF0000901274AE6C1
:10810000119A002A7FF49DAE02990B60019B012217
:10811000CBF810201A60109B6225C3F800B05BE614
:108120004C457FF48EAE012CEED0611E584600F017
:108130007DFE00283FF485AEDAF80430E4E7119ABA
:10814000002A3FF47EAEDFE7DAF80030013BA342BD
:1081500034D02225BDE60E46C7E5DBF8041018EE44
:10816000100A013100F05AF90646C8B3DBF81030A6
:1081700002339A000BF10C010C30FAF767F95946FB
:1081800018EE100A00F070F906F114083369B346CE
:1081900056E70023CBF810300023CBF8143087E7E4
:1081A000019B4344C4F1200453F8040C00F010FA7E
:1081B000A042BFF60EAFDBF810304CE7631104F0BD
:1081C0001F0458F823200123A34013420CBF22258B
:1081D00021257EE6C8F8002043466AB1043360E7F3
:1081E000074B08483246842102F0C6FE044B05487E
:1081F0005A46E42102F0C0FECBF81020CCE700BFC5
:10820000F42E0020082F002010B4046809E014F8B0
:10821000013FA3F1410CBCF1190F98BF20339342E9
:1082200009D111F8012B002AF1D101340460012099
:108230005DF8044B704700205DF8044B704700BFA9
:108240002DE9F04F096885B04B1111F01F01029024
:1082500002EB8303039140F08F801D1F0193029B6B
:1082600001991C68002341F8043C6178013400291D
:1082700000F09880DFF87491A846AC469A461E46F6
:108280000EE0202900F28C80564506DDC44501D25F
:10829000072B5BDD624551D3082314F8011FA1B100
:1082A00019F801000028ECD00133082B06F1010673
:1082B0003ADCDCF80010090100F00F000843CCF8AC
:1082C000000014F8011F0029EAD1002E6AD0C4452D
:1082D00001D2072B74DD624552D2111F634653F859
:1082E000040B41F8040FAB42F9D9A5EB0C0323F0C2
:1082F0000303691C04330CF1010C614538BF0423EE
:108300001344002143F8041BAB42FBD9019B53F8F3
:10831000043C2BB9AA4249D055F8043D002BF9D0B2
:10832000052005B0BDE8F08F6245B6D200234CF8B9
:10833000043C1946ACF1040C0123BDE70023ACF169
:1083400004084CF8043CB246C446A6E7C3F1080151
:10835000DCF800308900C1F1200E60469B4647687A
:1083600007FA0EF343EA0B0327FA01FB036040F818
:1083700004BF4045F3D38DE7191D01911D466EE7FB
:10838000039B002BC2D0039B0198C3F120014FF047
:10839000FF33CB4050F8041C0B4040F8043CB8E7D6
:1083A000292909D0042005B0BDE8F08F012305205C
:1083B0002B6005B0BDE8F08F029901340C6084E7B2
:1083C000DCF80010C3F108039B00C3F120076446EA
:1083D0000846666806FA07F1014326FA03F02160B1
:1083E00044F8040F4445F4D375E700BF6C2F002018
:1083F00082B049B15AB16BB113780B601278101E7C
:1084000018BF012002B0704701A9002AF3D110461D
:1084100002B070476FF00100F4E700BF436C70B525
:1084200005460C464BB153F8240080B1026843F86E
:1084300024200023C0E9033370BD21220421FCF76E
:108440008DFB034668640028EDD1002070BD01213A
:1084500001FA04F6721D92002846FCF77FFB002803
:10846000F3D0C0E90146E4E731B1436C4A6853F800
:108470002200086043F82210704700BF2DE9F04148
:108480000E6980460F461D4601F1140E0020DEF8ED
:1084900000108CB202FB0453090C4FEA134C02FB90
:1084A00001CC01309CB204EB0C4486424EF8044BE4
:1084B0004FEA1C45EBDC3DB1BB68B34207DD07EB7F
:1084C000860301365D613E613846BDE8F08179681A
:1084D00040460131FFF7A2FF0446B0B13A690232CB
:1084E00007F10C0192000C30F9F7B0FFD8F84430D6
:1084F0007A6853F82210396043F82270274607EB58
:10850000860301365D613E61DEE7034B0348224688
:10851000BA2102F031FD00BFF42E00206C300020A3
:108520002DE9F8431746274A1E4608330C46092E04
:1085300082FB03124FEAE3730546C3EB620339DDA6
:108540004FF0010C00214FEA4C0C634501F1010191
:10855000F9DC2846FFF762FF014668B3089B4361D8
:10856000092F4FF00103036112DC0A340927BE42D0
:108570000BDDF21BA61814F8013B0A22303B2846FB
:10858000FFF77CFFA6420146F5D10846BDE8F88317
:1085900004F10909C8463C4418F8013B0A22303B63
:1085A0002846FFF76BFFA0450146F5D1A7F1080467
:1085B0004C44DCE70021CCE70A46034B0348D321B7
:1085C00002F0DAFC398EE338F42E00206C30002003
:1085D000030C1B04D3B90004102310F07F4F04BF19
:1085E0000002083310F0704F04BF0001043310F094
:1085F000404F04BF80000233002805DB10F0804F9D
:1086000003F1010308BF2023184670470023E4E765
:10861000036813F0070208D0D9071FD49A0722D5A0
:108620005B08036001221046704799B209B91B0C20
:108630001022D9B209B908321B0A190704BF1B0955
:108640000432990704BF9B080232D90703D45B08A0
:1086500002F1010205D00360104670470022104667
:1086600070472022DFE79B08022203601046704714
:1086700038B5436C04460D464BB15868B0B102683A
:108680005A6000220123C0E90435C26038BD2122AE
:108690000421FCF763FA034660640028EDD1094B1E
:1086A0000948002240F2451102F066FC1C2201211B
:1086B0002046FCF753FA0028F1D001220223C0E93A
:1086C0000123DEE7F42E00206C3000202DE9F04F6E
:1086D0000E691569AE4285B08846144605DB2A4608
:1086E000234635460C4616469846A3686168AF197E
:1086F000BB42B8BF0131FFF791FE0190002800F0A6
:108700008780019B03F1140909EB870AD14505D243
:108710004B46002243F8042B9A45FBD808F1140875
:1087200008EB860B04F11403D8451A4603EB8505C4
:108730005FD22B1B153B23F0030304331534A542F2
:1087400038BF0423CDE902A7AC461F46924605E098
:10875000090C29D1C34509F1040948D958F8041B6B
:108760008DB2002DF4D056464C46002356F8041B1B
:1087700022681FFA81FE90B2090C05FB0E00120C54
:10878000034405FB012202EB13429BB243EA02437E
:10879000B44544F8043B4FEA1243E7D849F80730A0
:1087A00058F8041C090CD5D0D9F8003050461A46A8
:1087B0004C4600260588120C01FB052216449BB28C
:1087C00043EA064344F8043B50F8045B22682D0C4E
:1087D00093B201FB053303EB164384454FEA13467E
:1087E000E8D8C34549F8073009F10409B6D8DDE9EE
:1087F00002A7002F02DC05E0013F03D05AF8043D38
:10880000002BF9D0019B18461F6105B0BDE8F08F21
:10881000034B0448019A4FF4B17102F0ADFB00BF65
:10882000F42E00206C30002012F003032DE9F041FB
:108830001446064632D10D46A41020D0D6F840800A
:10884000B8F1000F33D0E3074FF0000707D46410EE
:1088500015D0D8F80000A8B18046E307F7D5424606
:1088600029463046FFF732FFB5B16968736C641072
:1088700053F821202A6043F821500546E9D12846C3
:10888000BDE8F081424641463046FFF71FFFC8F879
:10889000000007608046E0E70546D8E7013B0F4A45
:1088A00052F823200023FFF7E9FD0546C4E7012124
:1088B0003046FFF7B3FD804640B1012340F27122FC
:1088C000C0E90432002330640360BCE7044B054870
:1088D000424640F2451102F04FFB00BF5C560020BB
:1088E000F42E00206C3000202DE9F0470D46144690
:1088F0002F69AB68496807EB62177E1C9E42804671
:108900004FEA621904DD5B009E4201F10101FADCCD
:108910004046FFF783FD8446002852D0B9F1000F8E
:1089200000F114020EDD09F105014FEA810E134634
:1089300000EB8101002043F8040B8B42FBD1AEF128
:1089400014031A44296905F1140314F01F0E03EBF4
:1089500081012ED0CEF1200910464FF0000A1C688C
:1089600004FA0EF444EA0A0440F8044B53F8044BAA
:10897000994224FA09FAF2D84B1B153B23F0030362
:10898000043305F11500814238BF0423BAF1000F0A
:1089900018BF374642F803A0D8F844306A68CCF8CC
:1089A000107053F822102960604643F82250BDE849
:1089B000F087043A53F8040B42F8040F9942F9D8AF
:1089C000EAE7034B034862464FF4EF7102F0D4FA32
:1089D000F42E00206C3000200B6984460069C01A18
:1089E00016D10CF1140C14310CEB830210B401EB12
:1089F000830301E0944508D252F8044D53F8041D56
:108A00008C42F7D005D24FF0FF305DF8044B704731
:108A1000704701205DF8044B704700BF2DE9F84F07
:108A20000F691369FF1A002F0E4690467FD101F19E
:108A30001405143202EB830205EB830301E09D422F
:108A400078D253F8041D52F8044DA142F7D069D3EF
:108A50007168FFF7E3FC8146002877D03569D8F8C4
:108A60001020C76008F1140E06F1140009F1140A71
:108A700006F110010EEB820200EB850756464FF01F
:108A8000000C5EF8044B51F804BFA3B21CFA8BFC37
:108A9000ACEB03034FEA144CCCEB1B4C0CEB234C1C
:108AA0009BB243EA0C43724546F8043B4FEA2C4C18
:108AB000E7D8A2EB0801153908F11508424521F065
:108AC000030404F1040438BF0424204421F0030209
:108AD00038BF002287425244544418D926460146E2
:108AE00051F8043B1CFA83FC4FEA2C4202EB134280
:108AF0001FFA8CFC4CEA02438F4246F8043B4FEAD3
:108B0000224CEDD8013F3F1A27F00307E21923B9A1
:108B100052F8043D013D002BFAD0C9F810504846E8
:108B2000BDE8F88F334601274646984690E7F9DBC3
:108B300000278DE70021FFF771FC814668B1012213
:108B40000023C9E904234846BDE8F88F064B0748CF
:108B50004A4640F2452102F00FFA034B03484A46C9
:108B600040F2372102F008FAF42E00206C30002089
:108B700082B08DED000B164B019A1340A3F1507398
:108B8000002B06DD00221946104641EC100B02B006
:108B900070475B42B3F1A07F4FEA235209DA4FF4EA
:108BA0000023134100221946104641EC100B02B07D
:108BB0007047A2F114031E2BDABF4FF00042DA40D7
:108BC000012200231946104641EC100B02B07047F9
:108BD0000000F07FF8B5046900F1140606EB840488
:108BE000271F54F8045C2846FFF7F2FCC0F120036D
:108BF0000A280B601BDDBE420BD20B3854F8081C50
:108C00002ED145F07F5343F440130A4643EC102B1A
:108C1000F8BDB0F10B01F4D005FA01F141F07F533A
:108C2000002143F440130A4643EC102BF8BDC0F179
:108C30000B0C25FA0CF1BE4241F07F5338BF54F8BB
:108C4000081C00F1150034BF21FA0CF1002105FACF
:108C500000F0014343F440130A4643EC102BF8BDE7
:108C6000C0F1200C854021FA0CF345EA0307A4F17A
:108C70000805AE4201FA00F13CBF54F80C0C20FA92
:108C80000CF047F07F5338BF014343F440130A46CA
:108C900043EC102BF8BD00BF2DE9F043884683B0AC
:108CA000012157EC106B1546FFF7B8FB044600286E
:108CB00051D0C7F30A59C7F31303B9F1000F01D01C
:108CC00043F48013002E019318D101A8FFF7A0FCF4
:108CD000019A6261012200F120032261B9F1000FC3
:108CE00025D0A9F2334909EB03022046C3F135032D
:108CF000C8F800202B6003B0BDE8F08368460096FA
:108D0000FFF786FC034610B3DDE90002C3F1200142
:108D100002FA01F10143DA4061610192002AA26185
:108D200014BF022201222261B9F1000FD9D1A3F2AE
:108D30003243C8F8003004EB82031869FFF748FC9F
:108D4000C0EB421320462B6003B0BDE8F083009ACD
:108D50006261019AE2E7034B0348224640F20F3179
:108D600002F00AF9F42E00206C300020F0B583B038
:108D70000E4669460746FFF72DFF01A9304655EC20
:108D8000104BB0EE407BFFF725FF33693A69D21AEA
:108D9000DDE900315B1A03EB4213002B09DD17EE0E
:108DA000902A02EB035545EC174B87EE000B03B0FE
:108DB000F0BD10EE902A51EC100BC3EB033302EB25
:108DC000035141EC100B87EE000B03B0F0BD00BF68
:108DD0000139491101F1010C116902F1140303EB8E
:108DE00081018B4200EB8C0C17D210B5A0F1040E60
:108DF00053F8044B4EF8044F9942F9D88A1AA2F15D
:108E0000150323F0030304331844844504D90023D5
:108E100040F8043B8445FBD810BD844505D90023A8
:108E200040F8043B8445FBD87047704703694A11FA
:108E3000934200F1140009DA00EB830302E053F8D7
:108E4000042DC2B98342FAD80020704710DD11F01A
:108E50001F010DD010B450F8224000EB820324FA19
:108E600001F28A4094420CD001205DF8044B704717
:108E700000EB8203E6E70120704753F8042D002A37
:108E8000F2D18342F9D800205DF8044B704700BF4F
:108E900049B1FF2A02D80A70012070478A23036073
:108EA0004FF0FF3070470846704700BF2DE9F04390
:108EB0000E46264987B00F68044690461D4653B3B8
:108EC00005AA3346019203212246CDF80080384698
:108ED00002F006F9059B326898428446C2F100020E
:108EE000294609D2101A1CF8013B01F8013B059BE9
:108EF000634500EB0C02F6D8944224DDA21A0A4422
:108F0000302301F8013B9142FBD100231370284626
:108F100007B0BDE8F083BA6C00F123039A4201DD8B
:108F2000FD6CCDE700F12409F96C4A4638468DED19
:108F3000020BFCF745F905460028E8D0C7E9129076
:108F40009DED020BBCE70A46DFE700BF1C41012094
:108F50002DE9F04F2DED088BD1B00C460BEE101A19
:108F600090460893834601F0C7FF036812931846A2
:108F7000FEF726FC20AF1090082200213846FDF7AE
:108F8000CFFDA3891B0603D52369002B00F055876D
:108F900000239FED838B9FED849BCDE92533CDE9A5
:108FA0001333CDE9153327AA0E93249292461193D9
:108FB00004934446A1467E4BD3F8E450FEF72AF9C9
:108FC0004A4603461CA900975846A847002800F0C7
:108FD000B080C0F2A6801C9A252A034601D099448D
:108FE000E9E7B9EB0405064640F0A78000234FF0FF
:108FF000FF328DF867309846069309F1010999F818
:10900000003003922B25202609F10109A3F120024B
:109010005A2A00F2CF80DFE812F0E802CD00CD003E
:10902000E302CD00CD00CD006A00CD00CD000502E9
:109030008402CD001002C902CD00BD025B005B00BE
:109040005B005B005B005B005B005B005B00CD00D6
:10905000CD00CD00CD00CD00CD00CD005301CD0021
:1090600083011A02530153015301CD00CD00CD00FD
:10907000CD001502CD00CD009602CD00CD00CD0073
:10908000AB01CD00AA02CD00CD00E306CD00CD009E
:10909000CD00CD00CD00CD00CD00CD005301CD00E1
:1090A0008301DE015301530153017702DE017F008A
:1090B000CD008902CD005F02E0062F027F00CD00C7
:1090C000AB017C00B806CD00CD00BD06CD007C0014
:1090D000A3F13002002119F8013B01EB810102EB01
:1090E0004101A3F13002092AF5D906918EE75846CD
:1090F00001F002FF436815931846FEF761FB1690D6
:10910000584601F0F9FE83681393169B002B40F03C
:109110002D8699F8003077E799F8003048F020085C
:1091200072E7082200213846FDF7FAFC0123994432
:1091300041E7B9EB0405064611D0269B2B44269344
:10914000259B0133072BCAE9004525931CDC0AF156
:10915000080A049B2B440493002E7FF447AF269B00
:10916000002B41F00B821BEE103AB3F90C3013F0D8
:10917000400F049B18BF4FF0FF330493049851B085
:10918000BDEC088BBDE8F08F1BEE101A24AA5846E0
:1091900002F062FE0028E6D10DF19C0AD9E700BF7B
:1091A0000000000000000000FFFFFFFFFFFFEF7F57
:1091B000943B01200B93002BD1D00021CDE90C1161
:1091C0008DF8DC3001238DF8671002930791059329
:1091D00003910F9137AC18F00203099302D0029B60
:1091E0000233029318F084030A9305D1069B029A76
:1091F0009D1A002D00F36983269A89B125990DF1F6
:10920000670001310132CAF8000007294FF0010060
:1092100026922591CAF8040000F3A2830AF1080AF5
:10922000099B83B1259B1AA901330232CAF80010A9
:10923000072B4FF0020126922593CAF8041000F381
:10924000A3830AF1080A0A9B802B00F06C82039B1F
:1092500005995D1A002D00F3A58218F4807F40F077
:109260000D82059BCAF804301A44259BCAF80040B9
:109270000133072B2692259300F31B830AF1080A7A
:1092800018F0040F05D0069B02995C1A002C00F31D
:109290008883049B069902988142ACBF5B181B1817
:1092A0000493002A40F0B08200232593079B1BB152
:1092B00007995846FEF786FB0DF19C0A4C4679E665
:1092C0000B93089B073323F00703B3EC028BB0EE3C
:1092D000C87BB4EE497BF1EE10FA089340F3E984C1
:1092E000B5EEC08BF1EE10FA01F159809DF86710D0
:1092F000AB4CAC4B28F080080B9A472AC8BF1C46E1
:109300000023CDE90C3303220793029205920393C5
:109310000F9300293FF45FAF029B013302935AE79A
:10932000432B0B9303D018F0100F00F05D85089DC0
:109330000822002122A837ACFDF7F2FB22AB55F83A
:10934000042B2146584602F041FD034601330590A7
:1093500001F0EE82059B089523EAE3730293002156
:10936000CDE90C118DF86710079103910F9132E749
:109370000B93089B1A4600238DF86730134653F869
:10938000044B0893002C00F048850B9B532B00F0F6
:10939000EC8618F010030C9340F0E786039B5D1CED
:1093A00001F0E5800C991A462046FEF7A9F90790CE
:1093B000002801F02883079B1A1B05920C9B03933E
:1093C00022EAE2720F930D93079373239DF86710BF
:1093D00002920B939DE718F0200F0B93089B3DD052
:1093E000073323F007031A4611465B6851F8082B30
:1093F00008911946002BC0F20C84039B013300F046
:109400009E8228F0800052EA0103029040F0998287
:10941000039B002B40F09A82804600230393059320
:1094200050AC06E1089B53F8042B0692002A80F208
:109430001984069A08935242069299F8003048F02F
:109440000408E1E599F8003048F00808DCE548F048
:10945000100818F0200F0B93089BC1D118F0100FC3
:1094600040F00B8418F0400F00F0038433F9042B14
:109470000893D1170B46BDE7089B48F00202029201
:1094800053F8042B089347F63003ADF86830782082
:10949000454B1193002102230B900020039C8DF873
:1094A0006700601C00F0AD80029820F0800852EA4E
:1094B000010040F0A480002C40F0AE86002BACD11F
:1094C000029B13F00103059300F0D18330238DF844
:1094D0003F310DF23F14ACE018F0200F40F0D48380
:1094E00018F0100F40F09F8618F0400F40F097875B
:1094F00018F4007F00F09786089B049953F8042B1A
:10950000089311704C4655E599F80030682B03BF5D
:1095100099F8013048F4007809F1010948F0400851
:1095200072E599F800308DF867506DE599F80030D4
:109530006C2B03BF99F8013048F0200809F10109AC
:1095400048F0100860E50B9348F0100818F020016F
:1095500000F05183089B073323F00703596853F841
:10956000082B089328F480630293002395E70B935C
:1095700048F010030293029B13F0200100F02983AE
:10958000089B073323F00703596853F8082B089307
:10959000012382E799F8003048F0800834E500BFE5
:1095A000703200208C3E002064410020494611F8B2
:1095B000013B2A2B01F04982A3F13002092A894696
:1095C00098BF002101F2448119F8013B01EB8101B0
:1095D00002EB4101A3F13002092AF5D9039115E507
:1095E00099F8003048F001080EE59DF86730002B2F
:1095F0007FF48FAD99F800308DF8676004E5CDF801
:109600000880012B00F09D81022B50AC20D11198D5
:1096100002F00F031209C35C04F8013D42EA017233
:10962000090952EA0103F3D150AB1B1BDDF8088096
:109630000593059A03989DF8671082424FF0000346
:10964000B8BF0246CDE90C33079302920F9360E650
:1096500002F00703D20842EA4172C908303352EAE5
:109660000105204604F8013DF2D1029AD10700F12C
:109670004D8250AB1B1B90460593DAE70B9B652B85
:1096800040F3D480B5EE408BF1EE10FA40F0C1818A
:10969000259BBA49CAF80010013301320121072B7A
:1096A00026922593CAF8041000F351850AF1080A9E
:1096B0001B9B0E998B4280F2D082109B12991A4408
:1096C000CAE90013259B26920133072B259300F34B
:1096D00097830AF1080A0E9B5C1E002C7FF7D0AD21
:1096E000102C259B40F36E851BEE106A102505E0BB
:1096F0000AF1080A103C102C40F364850133A0499C
:109700001032072BCAE90015CDE92532F0DD24AA75
:109710003146584602F0A0FB00287ED1DDE9253213
:109720000DF19C0AE6E7069B02995D1A002D7FF772
:109730008EAD102D259B21DD099410261BEE104ABD
:1097400004E0103D102D0AF1080A16DD01338C49A2
:109750001032072BCAE90016CDE92532F1DD24AA23
:10976000214658460DF19C0A02F076FB002854D1A0
:10977000103D102DDDE92532E8DC099C8049CAF84E
:10978000045001332A44072BCDE92532CAF80010D2
:1097900000F32685039B05995D1A002D0AF1080A3E
:1097A0007FF75BAD102D259B1FDD514610261BEE6C
:1097B00010AA04E0103D102D01F1080114DD013361
:1097C0006F481032072BC1E90006CDE92532F1DDE3
:1097D00024AA5146584602F03FFBF0B9103D102D27
:1097E000DDE9253227A9EADC8A4601336449CAF853
:1097F00004502A44072BCDE92532CAF8001000F3A3
:10980000DA810AF1080A28E51BEE101A24AA584644
:1098100002F022FB00283FF447AD079B002B3FF4EA
:10982000A2AC07995846FEF7CDF89CE40E9B012B9D
:1098300040F37A81259BCAF80040013301320121AF
:10984000072B26922593CAF8041000F3F8810AF139
:10985000080A1099129801330A44072BCAE900013B
:10986000CDE9253200F3DD810AF1080AB5EE408B1F
:10987000F1EE10FA00F077810E99013301390134CD
:109880000A44072BCAF800402593CAF80410269210
:1098900000F35B810AF1080A1499CAF80410013335
:1098A0000A44072B1EA9CDE92532CAF800107FF71C
:1098B000E5AC1BEE101A24AA584602F0CDFA002897
:1098C000ABD1269A0DF19C0ADAE4102DDDE92512C0
:1098D0002C4E24DD179410231BEE104A084604E09A
:1098E000103D102D0AF1080A17DD0130103207284B
:1098F000CAE90063CDE92502F2DD24AA21465846D3
:109900000DF19C0A02F0A8FA002886D1103D102D16
:10991000DDE925024FF01003E7DC179C0146013119
:109920002A440729CDE92512CAF80060CAF8045074
:1099300000F3BD839DF867100AF1080A5DE4CDF8D5
:1099400008800A2A71F1000380F045833032012338
:10995000DDF808808DF83F2105930DF23F1468E68D
:109960001BEE101A24AA584602F076FA00287FF45B
:1099700054AF269A0DF19C0A52E400BFB455002062
:10998000DC310120843200201BEE101A24AA584634
:1099900002F062FA00287FF440AF269A0DF19C0A8B
:1099A00051E4102C259BBE4E1FDD1BEE108A1025A6
:1099B00004E0103C102C0AF1080A16DD01331032C5
:1099C000072BCAE90065CDE92532F2DD24AA41461C
:1099D00058460DF19C0A02F03FFA00287FF41DAFB3
:1099E000103C102CDDE92532E8DC01332244072B42
:1099F000CAE90064CDE925327FF74BAC1BEE101AA3
:109A000024AA584602F028FA00287FF406AF269AC6
:109A10003FE41B99002940F35A830C9E0E9B9E4203
:109A2000A8BF1E46002E0BDD259B01333244072BB9
:109A3000CAE900462692259300F389860AF1080AAE
:109A40000C9D002EA8BFAD1B002D00F303820C9BC4
:109A500018F4806F2344059340F01F821B9B0E99DE
:109A60008B4203DB18F0010F00F0CF84109912989D
:109A70000A44CAE900012599269201310729259156
:109A800000F3A5860AF1080A0E996518CC1A059B01
:109A9000ED1AA542A8BF2546002D0DDDCAF80030FD
:109AA000259BCAF8045001332A44072B269225939C
:109AB00000F3BB860AF1080A002DA8BF641B002C26
:109AC0007FF7DEAB102C259B40F37C831BEE106AE6
:109AD000102505E00AF1080A103C102C40F37283AF
:109AE000013370491032072BCAE90015CDE9253240
:109AF000F0DD24AA3146584602F0AEF900287FF482
:109B00008CAEDDE925320DF19C0AE5E7302B3FF400
:109B10008BAD3023023804F8013C50AB1B1ADDF842
:109B200008800593044684E518F0010F7FF482AEA7
:109B3000259BCAF80040013301320121072B2692F0
:109B40002593CAF804107FF7A5AE1BEE101A24AABD
:109B5000584602F081F900287FF45FAEDDE9253236
:109B60000DF19C0A98E60E994C1E002C7FF794AEDE
:109B7000102C40F361831BEE106A102505E00AF1FA
:109B8000080A103C102C40F357830133454910322A
:109B9000072BCAE90015CDE92532F0DD24AA3146AC
:109BA000584602F059F900287FF437AEDDE9253236
:109BB0000DF19C0AE5E71BEE101A24AA584602F0A4
:109BC0004BF900287FF429AE269A0DF19C0AFFF785
:109BD00044BB029B13F0100340F0C180029A12F0C4
:109BE000400200F07A83089850F8042B0890194638
:109BF00092B2012351E418F0100355D118F040023D
:109C000000F05D83089850F8042B0890194692B232
:109C1000A8E4524261EB4101CDF808802D200123D8
:109C20003CE41BEE101A24AA584602F015F900284D
:109C30007FF4F3ADDDE925320DF19C0A16E61BEE4B
:109C4000101A24AA584602F007F900287FF4E5AD5F
:109C5000DDE925320DF19C0AFBE518F0010F3FF418
:109C60000FAB2AE5089399F80030FFF7CDB950AC57
:109C7000DFE418F4007F40F0DB8353F8042B0893F3
:109C8000D1170B46FFF7B6BB089B049853F8041B8B
:109C90000893C217C1E900024C46FFF78BB900BF19
:109CA00084320020DC310120089B53F8042B0893F8
:109CB00058E4B4EE488BF1EE10FA80F194860B9BD9
:109CC000612B00F05285412B00F0C085039B0133CE
:109CD0000B9B23F0200500F08084472D04D1039BCB
:109CE000002B08BF0123039318EE903A002B48F491
:109CF00080724646C0F21886B0EE48AB002390460C
:109D0000099307930B9B413B252B00F29883DFE8D7
:109D100013F06F0496039603960368046C0496038D
:109D2000960396039603960396039603960396036B
:109D3000960396039603960396039603960396035B
:109D4000960396039603960396039603960396034B
:109D50009603960396039603960368046C04089B87
:109D600053F8042B08930123FFF797BB139B002B99
:109D70003FF4CFA9139B1B78002B3FF4CAA999F895
:109D8000003048F48068FFF73FB90B93CDF80880A6
:109D9000FFF7F1BB0B939A4B119318F0200100F0E1
:109DA0000581089B073323F00703596853F8082BF4
:109DB000089318F0010F0AD052EA010307D00B9B59
:109DC0008DF86930302348F002088DF8683028F4A7
:109DD000806302930223FFF760BB0B93FFF7B6BBD0
:109DE0000B93884B1193D8E7089B012153F8042B60
:109DF00002918DF8DC200893059137ACFFF7AFBADC
:109E00001BEE101A24AA584602F026F800287FF408
:109E100004AD269A0DF19C0A5DE4039B0794062B82
:109E2000224628BF062303942146CDE90C22764C16
:109E3000029305930F92FFF76CBA40215846FAF748
:109E4000EFFE20602061002800F00F864023636150
:109E5000FFF79EB8102D259B40F35D8251461026DA
:109E60001BEE10AA04E00831103D102D40F3528281
:109E7000013366481032072BC1E90006CDE92532CF
:109E8000F1DD24AA5146584601F0E6FF00287FF490
:109E9000C4ACDDE9253227A9E6E70E9BCDF8249076
:109EA000E31803930D9BCDF82880139E059DDDF8E4
:109EB0005890DDF83C800B941BEE101A5046002B96
:109EC00034D0B8F1000F35D10D9B013B013E0D930D
:109ED000159BC0E90039259B01334A44072B269284
:109EE00025936CDC0830039B96F800C05B1B634530
:109EF000A8BF6346002B9A460CDD259C01341A440A
:109F0000072CC0E900532692259400F3778196F838
:109F100000C00830BAF1000FACBFACEB0A046446D5
:109F2000002C0ADC65440D9B002BCAD1B8F1000F50
:109F300000F0AC8308F1FF38CAE7102CDDF894C0BC
:109F400024DD05954FF0100A63460D4604E0103CF1
:109F5000102C00F1080016DD01332C491032072BBC
:109F6000C0E9001ACDE92532F1DD24AA2946584678
:109F700001F072FF00287FF450AC103C102CDDE99A
:109F8000253227A8E8DC2946059D9C460CF10103F3
:109F900022444460072B1D4C0460CDE9253200F3B8
:109FA000C68396F800C008306544BCE718F010037B
:109FB00000F0C280089B53F8042B0893F9E624AA0A
:109FC0005846059101F048FF00287FF426AC269AF8
:109FD000059927A887E70298CDF81CA050AC00F49B
:109FE000806000250AEE10BA094BDDF84CA0CDF8D0
:109FF0001490A3464FF00508AC46044610E000BF9D
:10A0000064410020E85B002078320020DC31012030
:10A01000CDCCCCCC0A2A71F1000136D34A46314668
:10A02000501840F10000A3FB005626F0030505EB95
:10A030009605401B151A4FF0CC3661F1000E06FB59
:10A0400005F6A5FB039503FB0E6609F0010E2E44F1
:10A05000AEFB085E2D184FEA590930350BF8015C4C
:10A0600049EAC6790CF1010C0BF1FF3B7608002C94
:10A07000D0D09AF800008445CCD1BCF1FF0FC9D0F4
:10A080000A2A71F1000180F08F815C4650AB1B1BE6
:10A09000DDF81490CDF84CA01AEE10BADDF81CA033
:10A0A000DDF80880CDF838C00593FFF7C2BA1BEE83
:10A0B000101A24AA584601F0CFFE00287FF4ADAB59
:10A0C0009DF86710269A0DF19C0AFFF796B8259B1C
:10A0D000BE48CAF80000013301320120072B269246
:10A0E0002593CAF8040000F377810AF1080A0029D1
:10A0F00040F0AF800E9908F001030B433FF4C0A875
:10A10000109B12991A44CAE90013259B2692013329
:10A11000072B259300F352820AF1080A0E99CAF818
:10A12000004001330A44072BCDE92532CAF8041058
:10A130007FF7A4A8FFF7BDBB18F0400200F0DD8058
:10A14000089850F8042B0890194692B231E61BEE9D
:10A15000101A24AA584601F07FFE00287FF45DAB58
:10A16000269A0DF19C0AFFF7A3BA22AE082200211D
:10A1700030461D94FCF7D4FC039B5A1C00F0DB8096
:10A180000025CDF80890CDF81C809946A8460CE033
:10A1900037A9584601F01AFE431C404400F0C8831A
:10A1A000484508DC00F0188480461D9A5259334611
:10A1B0000435002AECD1CDF81480DDF80890DDF8E4
:10A1C0001C80C5E001338249CAF804402244072BB1
:10A1D000CAF80010CDE925327FF750A8FFF769BB18
:10A1E0001BEE101A24AA584601F036FE00287FF410
:10A1F00014AB269A0DF19C0AFFF729B824AA5846F9
:10A20000059101F029FE00287FF407AB96F800C005
:10A21000269A059927A87DE6012BCDF808807FF4C2
:10A22000F3A9FFF793BB089B049953F8042B4C4602
:10A2300011600893FEF7BEBE01336549CAF80440B9
:10A240002244072BCDE92532CAF800107FF722AB54
:10A250007BE4109B12981A44CAE90003259B2692BE
:10A260000133072B259300F3A9810AF1080A00297D
:10A27000BFF654AF4D42103180F20F831BEE101A1F
:10A28000102605E00AF1080A103D102D40F3058361
:10A2900001334F481032072BCAE90006CDE92532B9
:10A2A000F0DD24AA5846039101F0D6FD00287FF482
:10A2B000B4AADDE9253203990DF19C0AE4E7089B75
:10A2C00018F400711ABF114653F8042B53F8042BED
:10A2D000089318BFD2B2FFF745B9029B13F400717F
:10A2E000089B1ABF114653F8042B53F8042B08930C
:10A2F00018BFD2B20123FFF7D0B8089B18F4007141
:10A300001ABF114653F8042B53F8042B089318BFB7
:10A31000D2B24EE58A4601332D49CAF804502A4488
:10A32000072BCDE92532CAF8001000F339810AF174
:10A33000080AFFF78CBB0023194600961DAA584651
:10A3400001F06AFD03460133059000F0F1821D948F
:10A35000059B002B4ED0632B00F31881002307933D
:10A3600037AC082200213046FCF7DAFB059D009649
:10A370002B461DAA2146584601F04EFD854240F06D
:10A380007C83059A0023A35422EAE272CDE90C33C0
:10A390009DF86710039302920F93FEF7BABF2D2129
:10A3A0008DF86710FEF7A4BF169B1599ABEB030B56
:10A3B0001A465846FCF7D2FC9AF80120054B0AB120
:10A3C0000AF1010A4FF0000C28E600BFB455002046
:10A3D000DC310120CDCCCCCC1BEE101A24AA58467F
:10A3E00001F03AFD00287FF418AA1B99269A0DF176
:10A3F0009C0A7CE6059B9DF867100F93CDE902331C
:10A40000CDE90C330793FEF784BF0E9905986518C4
:10A410002D1ACC1AA542A8BF2546FFF74DBB089BB5
:10A42000049953F8042B089311804C46FEF7C2BDE3
:10A4300013F9042B0893D1170B46FEF7DBBF039AE1
:10A44000022122AB01931DAB009358461BABB0EE2B
:10A450004A0B029200F044FE472D029A044600F097
:10A460006181462D104405D12378302B00F06F8296
:10A470001B9A1044B5EE40ABF1EE10FA40F0468165
:10A4800003461B1B0E93472D00F01081462D00F054
:10A49000B5811B9B0C930C9B412D03F1FF331B9348
:10A4A00000F0E5819DF82C200021002BB8BF0C9B0B
:10A4B0008DF87820BABFC3F101032D222B22092B7E
:10A4C0008DF8792040F3DA810DF18F05DFF81CC497
:10A4D0002A4610468CFB0321DA17C2EBA10202EBDD
:10A4E0008201A3EB4101303100F8011C19466329B8
:10A4F000134600F1FF32ECDC3033D9B2831E9D42AB
:10A5000002F8011C40F28B8213460DF17A0201E041
:10A5100013F8011B02F8011B9D42F9D10DF19103C3
:10A520000DF17A021B1A13441EAA9B1A14930E9B58
:10A53000149A012B1A44059240F30382059B109A4A
:10A540001344059326F48063059A43F4807800232E
:10A55000CDE90C3322EAE2720F930292099B002BA1
:10A5600040F0B1809DF867100393FEF7D2BE2046FD
:10A57000FDF726F902460590FEF720BF1BEE101AE4
:10A5800024AA584601F068FCFEF7EDBD591C584658
:10A59000FAF746FB0446002800F0CA810790E0E67F
:10A5A0001BEE101A24AA584601F056FC00287FF42E
:10A5B00034A9269A0DF19C0AFFF749BA1BEE101A2E
:10A5C00024AA584601F048FC00287FF426A9DDE9BA
:10A5D00025321B990DF19C0A49E606230393FFF7E8
:10A5E00083BB039B02215A1C2BE7039A032128E714
:10A5F0001BA8B0EE4A0B00F083FCB4EE007B20EE0B
:10A60000070BB5EE400BF1EE10FA01D101231B93BD
:10A61000B348039BB3EE005B013B224604E0B5EE7A
:10A62000400BF1EE10FA13D020EE050BFDEEC07BCF
:10A63000B3F1FF3F17EE901A415CB8EEE76B94461A
:10A6400030EE460B02F8011B194603F1FF33E6D149
:10A65000B6EE006BB4EEC60BF1EE10FA00F34881D3
:10A66000B4EE460BF1EE10FA04D117EE903ADB0788
:10A6700000F13E81002906DB4B1C1344302102F817
:10A68000011B9342FBD1131B0E93FCE60B9C0E9B0C
:10A69000DDF82490DDF828801396E3189D422946C2
:10A6A00028BF194682460591FFF7D8B91B9B0C932A
:10A6B000DA1C02DB039A93420CDD0B9B023B0B93EB
:10A6C00023F02005E7E62D2100238DF86710039382
:10A6D000FEF722BE0C9B0E9A9342C0F2BD80F0079B
:10A6E0000C9B40F13281109A13440593710503D5F8
:10A6F0000C9B002B00F33581059B23EAE373029347
:10A7000067230B9300230F930D9327E7229B83422C
:10A71000BFF4B7AE30215A1C22921970229B984286
:10A72000F9D8AEE6F30700F1A780229BA9E624AA98
:10A730005846059101F090FB00287FF46EA896F82A
:10A7400000C0269A059927A86544FFF7ECBB1BEECD
:10A75000101A24AA584601F07FFB00287FF45DA858
:10A76000269A0DF19C0AFFF76BB978238DF86930B2
:10A7700030238DF86830039B632B48F0020600F30A
:10A78000A6800023079337AC18EE903A002B48F4CC
:10A7900081782BDBB0EE48AB0B9B23F02005002328
:10A7A00009930B9B612B7FF4ADAAB0EE4A0B1BA85B
:10A7B00000F0A6FBB4EE007B20EE070BB5EE400BDD
:10A7C000F1EE10FA01D101231B93464821E71BEE5D
:10A7D000101A24AA584601F03FFB00287FF41DA858
:10A7E0001B9B269A0DF19C0AFFF74EB90B9B23F099
:10A7F00020052D230993B1EE48ABD2E71B9A0C92AA
:10A80000002A06F0010340F30D8103990B4340F049
:10A81000CF800C9B059366230B93720500F1A380F8
:10A82000059B23EAE37302936CE71BEE101A24AA3C
:10A83000584601F011FB00287EF4EFAF1B9C0E9BE5
:10A84000269A1C1B0DF19C0AFFF736B958238DE799
:10A8500000220392FEF7DABB0E9B109A9A180C9B0B
:10A860000592002B40F3AB8067230B93D5E70B9A3F
:10A870000F32D2B2012118E6A018FBE5002940F002
:10A88000A88030228DF87A200DF17B02303302F857
:10A89000013B1EABD31A149349E601331249CAF89F
:10A8A00004502A44072BCDE92532CAF800107FF75F
:10A8B00033AC1BEE101A24AA584601F0CDFA00283A
:10A8C0007EF4ABAFDDE925320DF19C0A26E4591C7C
:10A8D0005846FAF7A5F9044650B3079054E700BF6D
:10A8E000E85B002064410020DC3101206766666679
:10A8F000CDF888C012F8011C90F80FC061451346CE
:10A900000AD14FF0300E03F801EC229B591E229120
:10A9100013F8011C8C45F6D0392916BF0131817A14
:10A92000C9B203F8011CAEE600239046079360E726
:10A930001BEE102AB2F90C3043F040039381FEF76E
:10A9400016BCF5077FF5FEADF8E50593CEE6B5EE4E
:10A9500040ABF1EE10FA3FF48BADC2F101021B9255
:10A9600087E567230B9313990B78FF2B79D000258C
:10A970000C9A284603E001300131FF2B08D09342A6
:10A9800006DAD21A4B78002BF5D10B780135F4E7B3
:10A990000C9213910D900F950F9A0D9B16991344DD
:10A9A000059A01FB0323059323EAE3730293D5E59C
:10A9B000109BD3181944662305910B932DE7C3F11F
:10A9C00001031A4422EAE2730293672305920B9370
:10A9D00098E60DF17A0259E7039BDDF80890DDF85F
:10A9E0001C800593B4E418EE903A002BB4BF2D21DF
:10A9F0009DF86710254C264BB8BF8DF8671028F0DE
:10AA00008008FEF779BC039B0293059373239DF89E
:10AA1000671003900F900D900B93FEF77ABC022302
:10AA2000149384E5039A134305D10123662202930C
:10AA30000B92059366E6109B01331A4422EAE273F7
:10AA40000293662305920B935CE6089A99F801300D
:10AA5000894652F8041B089241EAE1710391FEF71E
:10AA6000D3BA00230F930D9396E70C23CBF8003055
:10AA70004FF0FF330493FEF781BB1BEE102A93893E
:10AA800043F040039381FEF7C8BE00BF743200203C
:10AA9000983E002070B500294BD006460C4610B1F8
:10AAA000436B002B48D0636ED80734D5B4F90C3013
:10AAB000002B3ED02146304600F050F8E36A0546B0
:10AAC00033B1E169304698470028B8BF4FF0FF35F1
:10AAD000A3891A063CD4216B41B104F14003994289
:10AAE00002D03046FCF76EFF00232363616C21B176
:10AAF0003046FCF767FF00236364FBF781FE636E5B
:10AB00000022DB07A2811FD5A06DFCF71BFCFBF721
:10AB10007DFE284670BDA3899905CBD4A06DFCF7B6
:10AB200013FCB4F90C30002BC4D1656E15F001058F
:10AB300005D00025284670BDFBF744FEB3E7A06DA5
:10AB4000FCF704FC284670BDA06DFCF7FFFBDBE7BB
:10AB500021693046FCF736FFBDE700BFB1F90C2094
:10AB60002DE9F0410C461107804647D4636842F452
:10AB70000062002BA2815EDDA56A002D58D0002363
:10AB8000D8F80060C8F8003093B212F4805256D161
:10AB90000123E1694046A847431C67D0A389A56A01
:10ABA0005F0705D56368C01A236B0BB1E36BC01A4E
:10ABB000E169024600234046A847411C41D1D8F82C
:10ABC0000030002B3DD01D2B01D0162B56D1A38970
:10ABD0002269226023F4006300216160A381216B5C
:10ABE000C8F8006021B304F14003994202D0404606
:10ABF000FCF7E8FE00202063BDE8F0812669BEB1C5
:10AC000093B2256826609A070CBF63690023AD1BC9
:10AC1000A3600BE02B463246E169676A4046B847BD
:10AC2000B0F1000CA5EB0C05664417DD002DF1DC3E
:10AC30000020BDE8F081E36B002B9DDCF8E7206D80
:10AC4000AEE7B4F90C302269226023F40063A381DB
:10AC50000022DB046260C2D52065C0E7A38943F00F
:10AC600040034FF0FF30A381BDE8F081D8F80030F9
:10AC7000002B93D01D2B06D0162B04D0A38943F0B4
:10AC80004003A381D5E7C8F80060D1E738B50C468A
:10AC9000054608B1436B03B3B4F90C0088B1636E89
:10ACA000DB0701D481050FD528462146FFF756FF63
:10ACB000636EDA07054602D4A3899B0508D52846AA
:10ACC00038BD0546284638BDA06DFCF73DFBEBE7D7
:10ACD000A06DFCF73BFB284638BDFBF773FDDBE7B7
:10ACE00070B50E461446054610B1436B002B2FD0AD
:10ACF000636ED80702D4A389990520D5A368013BC8
:10AD0000002BA36019DAA26993420FDBF0B20A2884
:10AD10000CD023685A1C226005461E70636EDA0749
:10AD200002D4A3899B050ED5284670BD284622462D
:10AD3000314600F011F80546F0E7F0B2E9E7A06D02
:10AD4000FCF702FBDAE7A06DFCF700FB284670BDBC
:10AD5000FBF738FDCCE700BFF8B50D4614460646B4
:10AD600010B1436B002B4CD0B4F90C20A369A36045
:10AD7000170790B21BD52369CBB1EDB281042F46E2
:10AD800022D522686169D31A994229DD0133A1686D
:10AD90000139A160511C2160157062699A4227D067
:10ADA000A389DB0701D50A2D22D03846F8BD2146FC
:10ADB000304600F029F808BBB4F90C20236990B2A2
:10ADC000EDB281042F46DCD442F40052A281626EBF
:10ADD000616922F4005262662268D31A9942D5DC76
:10ADE00021463046FFF752FF40B922680123CEE7E3
:10ADF00021463046FFF74AFF0028D6D04FF0FF37F4
:10AE0000D3E7FBF7DFFCAFE738B5314B1B680546EE
:10AE10000C4613B15A6B002A4ED0B4F90C30180707
:10AE20009AB21CD5216929B312F0010007D0002085
:10AE3000A06060694042A06139B1002038BD95072B
:10AE400058BF6069A0600029F7D1120658BF0846B4
:10AE5000F4D543F04003A3814FF0FF3038BDD10655
:10AE60002ED5520714D4216943F00803A3819AB266
:10AE70000029D9D102F42070B0F5007FD4D021464A
:10AE8000284602F025FAB4F90C3021699AB2CBE7D2
:10AE9000216B51B104F14002914204D02846FCF7E5
:10AEA00091FDB4F90C300022226321690022C4E92B
:10AEB000001223F02403D7E71846FBF783FCACE726
:10AEC000092243F040032A604FF0FF30A38138BDD0
:10AED0001C41012071B1034600EB010C01E0634508
:10AEE00006D01A46013311780029F8D1101A70479C
:10AEF000181A70470846704700487047843C012084
:10AF000030B482B08DED000B019A194C22F0004351
:10AF10000021A342016021DC009C1C431ED0154C83
:10AF2000144054B99FED107B20EE077B8DED007B24
:10AF3000019A6FF0350122F0004322F0FF42DDE973
:10AF4000004522F4E00242F07F551B1545F4001540
:10AF5000A3F2FE33CDE900450B4403609DED000BE9
:10AF600002B030BC704700BF00000000000050433A
:10AF7000FFFFEF7F0000F07F00B50B4C2568144603
:10AF8000EE681A4685B003460D464CB10749009558
:10AF9000CDE901143046064900F04AFFF8F732F8CF
:10AFA00004490C46F3E700BF1C4101209C2A002005
:10AFB000AC2A0020B85000202DE9F04F03690C693D
:10AFC000A34283B0C0F28780013C01F11405A300C5
:10AFD00000F11408009355F8243058F82420013368
:10AFE00081469A4208EB840005EB84070190B2FB8E
:10AFF000F3F63BD34FF0000CAE464046E2466346C4
:10B000005EF804BB02681FFA8BFC06FB0C334FEAA8
:10B01000134C4FEA1B4B06FB0BCC9BB2AAEB030372
:10B020001FFA8CFA13FA82F3CAEB124202EB2342A4
:10B030009BB243EA0243774540F8043B4FEA224A79
:10B040004FEA1C43DCD2009B58F8033073B9019BD4
:10B05000043B984504D307E0984504F1FF3403D23C
:10B0600053F80429002AF7D0C9F810404846FDF7E4
:10B07000B3FC00282BDB01364146002355F8040BB6
:10B08000D1F800C082B29A1A030C12FA8CF2C3EB08
:10B090001C4303EB224392B242EA0342AF4241F81F
:10B0A000042B4FEA2343E9D258F8242008EB840309
:10B0B0006AB9043B984504D307E0984504F1FF348E
:10B0C00003D253F80429002AF7D0C9F810403046BB
:10B0D00003B0BDE8F08F002003B0BDE8F08F00BFE3
:10B0E0002DE9F04F2DED028B8FB08DED020B01910C
:10B0F000816B1A9D059357EC106B0446934641B142
:10B10000C26B4A60012393408B60FDF7ADF90023C9
:10B11000A363B7F10008B4BF012300232B60BE4B2B
:10B12000BCBF28F00048CDF80C8033EA080300F0DB
:10B130009F809DED028BB5EE408BF1EE10FA11D1A0
:10B14000059A012313601B9B002B00F03F82B34B39
:10B150001B9A1360013B009300980FB0BDEC028B6B
:10B16000BDE8F08F0CAA0DA92046B0EE480BFDF704
:10B1700093FD5FEA1853054640F09280DDE90C1319
:10B180000B4403F23242202A40F3FA82C2F1400219
:10B1900008FA02F803F21242D64048EA060207EE25
:10B1A000102AB8EE477B581E17EE906A53EC172B07
:10B1B0004FF0010AA6F1F8739FED913B9FED927B52
:10B1C0009FED935B06EE900A43EC122BB8EEE64B34
:10B1D000B7EE086B32EE466BA6EE037BA4EE057B62
:10B1E000FDEEC76BB5EEC07BF1EE10FA16EE907A6D
:10B1F00008D5B8EEE66BB4EE476BF1EE10FA18BF67
:10B2000007F1FF37162F00F24581854B03EBC7038B
:10B2100093ED007BB4EEC78BF1EE10FA57D5091A07
:10B220000023B1F1010807F1FF370A9300F13981DA
:10B2300000230693002F52DA069B0497DB1B06932C
:10B240007B420893019B092B4FF000074ED8052B3A
:10B2500040F39D82043B01930026019B9A1E032A22
:10B2600000F22581DFE812F0AA03A7039D037E0305
:10B27000059AC8F3130842F20F7358EA06081360E0
:10B280001ED11B9B002B00F09185664B0093083369
:10B290001B9A009813600FB0BDEC028BBDE8F08FD5
:10B2A00018EE906AC6F31306A3F2FF3053EC182B86
:10B2B00046F07F530C994FF0000A43F440137BE7AC
:10B2C0001B9B002B40F03B83574B009344E7091A2C
:10B2D0000023B1F101080A9300F1E38006930023F3
:10B2E0000893019B0497092BB844B0D90023012689
:10B2F000019307964FF0FF399B460021E163CDF89B
:10B300002C902046FDF78AF80090002800F0408538
:10B31000009BA363B9F10E0F00F2DC80002E00F059
:10B32000D980049B002B40F3DE833D4A03F00F01DC
:10B3300002EBC10292ED007B1A11DB0540F1828322
:10B340003A4991ED086B02F00F02032088EE065B8C
:10B350005AB13649D60704D591ED006B013027EE7E
:10B36000067B521001F10801F4D185EE076B0A9BB0
:10B370003BB1B7EE007BB4EEC76BF1EE10FA00F113
:10B38000AE8407EE900AB8EEE75BB1EE0C7BA5EE5B
:10B39000067B17EE902A51EC170BA2F15071B9F110
:10B3A000000F00F08883049E4A46079B002B00F0A4
:10B3B0004784B6EE003B1A4BFDEEC64B03EBC20CC6
:10B3C000B8EEE47B36EE477B1CED026B83EE065B4A
:10B3D00041EC160B14EE900A35EE465B0099B4EE84
:10B3E000C75B3030F1EE10FA01F8010B00F3AC84CA
:10B3F000B7EE002BB2EE044B4FF0000C31E000BF73
:10B4000061436F63A787D23FB3C8608B288AC63F6A
:10B41000FB799F501344D33F0000F07FB5550020C7
:10B42000A8020020F4310020003200208002002019
:10B430000CF1010C94454DDA27EE047B25EE045BFC
:10B44000FDEEC76B16EE903AB8EEE63B303337EEC2
:10B45000437BB4EEC57BF1EE10FA01F8013B00F13D
:10B46000738432EE476BB4EEC56BF1EE10FADFD5A4
:10B47000009A049602E08A4200F05084894611F84E
:10B48000013D392BF7D00133DBB20B70049B013344
:10B49000049355E1091A0123B1F101080A937FF5DC
:10B4A000C7AEC1F1010306934FF00008C2E60026C3
:10B4B000E66331462046FCF7B1FF0090002800F01B
:10B4C0006784009BA3634FF0FF330B9399460123DE
:10B4D000B34607930D9A002A55DB04990E2952DCD6
:10B4E000B74BBBF1000F03EBC10393ED006B15DA13
:10B4F000B9F1000F12DC40F0F282B1EE047B26EECF
:10B50000077BB4EEC78BF1EE10FACA464E4600F246
:10B510006D82DDF800806FEA0B0B70E288EE067B2F
:10B52000BDEEC77B009917EE103AB9F1010F03F198
:10B530003003B8EEC75B01F8013BA5EE468B00F087
:10B540003483B2EE044B012311E088EE067BBDEE9E
:10B55000C77B013317EE102A4B4502F13002B8EEDB
:10B56000C75B01F8012BA5EE468B00F01E8328EE89
:10B57000048BB5EE408BF1EE10FAE6D1049B01335B
:10B5800004938946DCE0079B43B3019B012B40F306
:10B590007682089B09F1FF3A534580F23F82089B6F
:10B5A000CDF820A0AAEB030217444FF0000AB9F12E
:10B5B000000FC0F22583069B09934B44C8440693B1
:10B5C00001212046FDF754F806460CE07D4B009320
:10B5D00000980FB0BDEC028BBDE8F08F069BDDF844
:10B5E00020A0079E0993099B6BB1B8F1000F0ADDFB
:10B5F000434506991A46A8BF4246891A9B1A0691E6
:10B600000993A8EB0208089B63B1079B002B00F08D
:10B61000A782BAF1000F00F30482089BB3EB0A0281
:10B6200040F0FF8201212046FDF722F8002F8246DC
:10B6300000F3AF80019B012B40F387810023089327
:10B640000120002F40F0B180404410F01F0000F0B6
:10B650007A81C0F12002042A00F3888040F0F6814C
:10B66000069B002B05DD29461A462046FDF73CF9CE
:10B670000546B8F1000F05DD514642462046FDF76C
:10B6800033F982460A9B002B40F03F81B9F1000F4D
:10B6900040F32581079B002B40F0A380049B0133DE
:10B6A0000493DDF80080012707E0294600230A22E1
:10B6B0002046FCF7E3FE0137054651462846FFF7D2
:10B6C0007BFCB94500F1300008F8010BEDDCB9F165
:10B6D000000F009ACCBFCB464FF0010B03469344BA
:10B6E00000272946012220460193FDF7FDF8514627
:10B6F0000546FDF771F9002840F3AF811BF8013CC6
:10B70000009A0BF1FF3B04E05A4500F0B1811BF8B1
:10B71000013D392B0BF10109F6D001338BF80030D4
:10B7200051462046FCF7A0FE56B12FB1B74203D0D8
:10B7300039462046FCF798FE31462046FCF794FE39
:10B7400029462046FCF790FE002389F80030DDE909
:10B7500004231A601B9B002B3FF4FEAC0098C3F837
:10B7600000900FB0BDEC028BBDE8F08FC0F11C0063
:10B77000069B03440693099B0344099380446FE7A7
:10B78000C2F1200206FA02F207EE102A09E50126AC
:10B7900063E501463A462046FDF746F8019B012B3A
:10B7A000824640F3C58100230893DAF810200AEBA3
:10B7B00082021069FCF70CFFC0F1200044E700BFD3
:10B7C000A8020020B4550020314600230A2220465A
:10B7D000FCF754FE0B9B002B064640F3CE820497E9
:10B7E0009946099B002B05DD31461A462046FDF798
:10B7F0007BF80646089B002B40F0EB81B046029B8D
:10B80000009F03F001027B1E4B440893019B0A92A8
:10B810001343099351462846FFF7CEFB3146834632
:10B820002846FDF7D9F84246514681462046FDF7A5
:10B83000F5F8C26801460BF13003002A42D1CDE988
:10B8400006032846FDF7C8F8069902902046FCF743
:10B850000BFE029A079B1AB90999002900F07E8213
:10B86000B9F1000FC0F28381019949EA01090A99EF
:10B8700051EA090900F07B81002A00F3C681089A89
:10B880003B7007F101099742CB4600F0C48129467D
:10B8900000230A222046FCF7F1FD464505463146C5
:10B8A0004FF000034FF00A02204612D0FCF7E6FDED
:10B8B0004146064600230A222046FCF7DFFD4F469C
:10B8C0008046A7E720460293FCF7CEFD029B0122AB
:10B8D000C6E7FCF7D3FD4F46064680469AE7019B34
:10B8E000022B71DC079B002B7FF47BAF049B51463E
:10B8F000013328460493FFF75FFBDDF800B000F149
:10B9000030030BF8013B0027EBE651462846FDF7D4
:10B9100063F80028BFF6BAAE294600230A22204663
:10B92000FCF7ACFD049B5F1E079B0546002B7FF4D4
:10B930004BAF0B9B002B40F318829946B1E6BC4BF2
:10B9400000930333A4E41C2012E7DDE90201002880
:10B950007FF474AEC1F31302002A00F0F480029B5E
:10B9600008936DE601230793049B5B4403F10109EF
:10B97000B9F1010FCC460B93B8BF4FF0010C002179
:10B98000BCF1170FE1637FF7BCAC01200422520029
:10B9900002F114036345014600F10100F7D9E163A8
:10B9A000AFE401230793BBF1000F52DDCDF82CB0BB
:10B9B000D946DC46E3E700230793D5E70023079346
:10B9C000F1E7DDF82C900497B9F1000F7FF4A1ADF9
:10B9D00051464B4605222046FCF750FD0146824663
:10B9E0002846FCF7F9FF00287FF793AD049B03F18D
:10B9F000010B009B3122984603F8012B009351461E
:10BA00002046FCF731FD0BF10103DDF800900493B3
:10BA1000CDF80080002E7FF48FAE91E6A3EB0A0AEA
:10BA2000C5E5314652462046FCF7FEFE2A46014651
:10BA300006462046FCF74AFE294605462046FCF706
:10BA400013FDEAE50220B0EE485B81E4C0F13C0062
:10BA50008EE64FF0010BD9464FE403D1019BDB0783
:10BA60003FF54CAED9461BF8013D302BFAD057E6D6
:10BA7000049B009A013304933123137050E6BAF10A
:10BA8000000F00F0238102F23342069B0993134416
:10BA9000DDF820A00693904492E507EE900AB1EEFF
:10BAA0000C5BB8EEE77BA6EE075B15EE902A51EC37
:10BAB000150BA2F1507141EC150BB1EE047B36EE83
:10BAC000477BB4EEC57BF1EE10FA00F33781B1EE9F
:10BAD000455BB4EEC57BF1EE10FA7FF5FBAC4FF0A1
:10BAE000000A564615E500F0F580049B51495A427C
:10BAF00002F00F0001EBC00191ED006B121128EE76
:10BB0000066B00F04281B0EE467B4B4900260220D6
:10BB1000D30705D591ED005B0130012627EE057BAB
:10BB2000521001F10801F3D1002E06FE076B1EE44E
:10BB3000029B002B7FF437AEDDE90201C1F3130253
:10BB4000002A40F037813D4A0A40002A00F0FA807E
:10BB5000069B01330693012308F1010808936FE562
:10BB60002946089A2046FCF75FFE05465AE5002A5A
:10BB700012DD2946012220460193FCF7B5FE51460D
:10BB80000546FCF729FF0028019B40F3E180392B93
:10BB900000F0CA800BF13103B94609F8013B049B60
:10BBA0000133374604934646BAE538EE088BB4EEC7
:10BBB000C68BF1EE10FA0ADCB4EE468BF1EE10FA09
:10BBC0007FF4DCAC17EE103AD8077FF5D7AC009ABB
:10BBD00054E471682046FCF721FC0746002800F079
:10BBE000DE80336902339A0006F10C010C30F6F75F
:10BBF0002DFC394601222046FCF776FE8046FEE504
:10BC0000069BA3EB09030993DAE4392B00F08C803F
:10BC1000B9460133C1E7049A0132374604924646D9
:10BC20005FE529462046FCF7FFFD0546FAE400BF24
:10BC300000320020A8020020800200200000F07FD7
:10BC40005E4BFDEEC65B03EBC20C1CED023BB8EE97
:10BC5000E57B36EE477B41EC160B15EE901A23EE92
:10BC6000063B00983031012A00F8011B00F0838068
:10BC7000B2EE044B009B991827EE047BFDEEC76BD8
:10BC800016EE903A303300F8013B8142B8EEE65BA5
:10BC900037EE457BF0D1B6EE006B33EE065BB4EECB
:10BCA000C75BF1EE10FA3FF5E3AB36EE436BB4EE53
:10BCB000C76BF1EE10FA7FF70DAC8946013919F820
:10BCC000013C302BF9D0731C049339E50C9AC2F176
:10BCD0003602DAE60220B0EE486BFFF748BBB9F156
:10BCE000000F3FF4DAAE0B9A002A7FF7F3ABB2EE07
:10BCF000044B26EE046B013007EE900A049BB8EE6D
:10BD0000E75BB1EE0C7BA6EE057B17EE90CA51EC1B
:10BD1000170B5E1EACF15071FFF747BB049B01335C
:10BD200004933123FFF7B1BB049BBB46013304935B
:10BD3000392337460BF8013B4646E1E44FF0000A51
:10BD4000564653E608927BE4731C04938946F7E455
:10BD50007FF422AFDA077FF51FAF18E7392BE3D066
:10BD6000B9F1000F3FF716AF16E7019B022B3FF723
:10BD700028AE0497BAE501468DE7019B022B3FF7F9
:10BD800020AEDDF82C9004972BE50220FFF7EFBAE8
:10BD90000B4B0C48002240F2AF11FFF7EDF8084BB7
:10BDA00008483A4640F2EF21FFF7E6F8064B0093C9
:10BDB000FFF7D2B9029B0893F7E400BFA802002066
:10BDC000F42E002004320020F431002070B5054626
:10BDD00084B05BB11C4669B10E4B2846D3F8E060D5
:10BDE0002346B047431C0FD004B070BD00F58274E9
:10BDF0000029F1D1074A2346D2F8E06028460A46D6
:10BE000001A9B047431CEFD100228A2322602B6096
:10BE100004B070BD943B012010B582B0049CCDE904
:10BE200000344FF0FF3301F0F5FB02B010BD00BF4E
:10BE30000EB410B583B005AB064C53F8042B019338
:10BE40000146206800F0C4F803B0BDE8104003B01C
:10BE5000704700BF1C4101202DE9F04F936817681F
:10BE600083B09246002B70D081468A6808680C46E1
:10BE7000083743E0A38913F4906F2ED0D4E9041659
:10BE8000A0EB010806EB460606EBD67608F10100AA
:10BE900076102844B042324684BF064632465B05DF
:10BEA00037D511464846F8F7BBFE019000283AD036
:10BEB00042462169F6F7CAFAA289019B22F49062F0
:10BEC00042F08002A281A6EB080203EB0800666143
:10BED000A260236120602E46A84642465946FAF7E2
:10BEE000A3FDDAF80830A2682068921B40445B1B6F
:10BEF000A2602060CAF808303BB3083757E902B5A2
:10BF0000002DFAD0AA4216469046B3D92E46A8462E
:10BF1000E3E74846F9F754F903460028D3D12169ED
:10BF20004846FBF74FFDA3890C2243F04003C9F8B4
:10BF300000204FF0FF30A38100220023CAF8082020
:10BF4000CAF8043003B0BDE8F08F00200023CAF81F
:10BF5000043003B0BDE8F08F2DE9F84F4B6E9C0420
:10BF600090462DD59368126843B38B46064602F17E
:10BF7000080959E9025A5FEA9A0715D0043D0024DE
:10BF800001E0A7420ED055F8041F5A46304601F092
:10BF900061FA431C04F10104F3D10023C8E9013321
:10BFA000BDE8F88FD8F808302AF0030AA3EB0A039B
:10BFB000C8F8083009F10809002BDAD10020ECE7B5
:10BFC00001F00CF80023C8E90133BDE8F88F00BF89
:10BFD0002DE9F04F2DED028BC5B00DF1500A8346CF
:10BFE00008EE101A16460021082250461C460793F8
:10BFF000FAF796FDBBF1000F04D0DBF83430002BCC
:10C0000000F0A08618EE102A536EDB0740F113856E
:10C01000B2F90C108AB295040BD418EE103A41F420
:10C02000005199815B6E8AB218EE101A23F4005306
:10C030004B66100740F1058118EE103A1B69002B82
:10C0400000F0FF8002F01A030A2B00F00A8100239F
:10C05000CDE91933CDE90D331BAA0C931892914603
:10C060000B930593B0464446A84BD3F8E450FBF736
:10C07000D1F82246034612A9CDF800A05846A84799
:10C08000002800F04581C0F23981129A252A034622
:10C0900001D01C44E8E7B4EB0806054640F03C81BB
:10C0A000002361788DF8433004F1010806934FF0C6
:10C0B000FF371E462B2408F10108A1F120035A2B5B
:10C0C00000F27881DFE813F0B50276017601B00264
:10C0D0007601760176016A00760176017D028D0295
:10C0E000760188029702760192025B005B005B009A
:10C0F0005B005B005B005B005B005B007601760130
:10C1000076017601760176017601760176015C0290
:10C11000840076017601760176017601760176015A
:10C12000760176017601E800760176017601330228
:10C130007601DA02760176018B05760176017601C9
:10C1400076017601760176017601760176015C0250
:10C150008600760176017601CD0286007F007601A9
:10C16000C0027601FD02EA00ED027F007601330293
:10C170007C006905760176016B0576017C00A1F1F2
:10C180003003002218F8011B02EB820203EB42028B
:10C19000A1F13003092BF5D906928EE75846FEF738
:10C1A000ABFE43680D931846FBF70AFB0E9005465D
:10C1B0005846FEF7A1FE83680B93002D40F0D6840D
:10C1C00098F8001077E798F8001046F0200672E71C
:10C1D00046F01006B40640F18E81079B073323F02A
:10C1E00007031A46596852F8083B07920A46002985
:10C1F000C0F27084791C00F0A28526F080010391C2
:10C2000053EA020100F03F840A2B72F1000180F032
:10C21000418530338DF80F31039E012304930DF2D5
:10C220000F14049BBB42B8BF3B4603930023089303
:10C230009DF84330002B00F0CB80039B0133039328
:10C24000C6E018EE101A584618EE105AFEF7DCFD3C
:10C25000002840F05286AA8902F01A030A2B7FF4C4
:10C26000F6AE18EE101AB1F90E30002BFFF6EFAE55
:10C270004B6EDB0702D4970540F1128618EE101AB8
:10C2800023463246584600F069FE0590059845B0B1
:10C29000BDEC028BBDE8F08F46F0100616F02002D0
:10C2A00000F03681079B073323F0070319465A68CD
:10C2B00051F8083B079126F480610391002100208A
:10C2C0008DF84300781C00F01082039820F080065F
:10C2D00053EA020040F00882002F40F03885002920
:10C2E00040F0D583039B13F00103049300F0118405
:10C2F00030238DF80F310DF20F1492E70822002140
:10C300005046FAF70DFC01231C44ADE6943B012096
:10C31000B4EB080605461BD0199B1A9A0133324428
:10C32000072BC9E900861A9219931CDD002A00F038
:10C33000A68318EE101A18AA5846FFF70DFE20BB68
:10C340000DF16C09059B33440593002D7FF4A8AED5
:10C350001A9B002B40F0C18518EE103A0022B3F969
:10C360000C30199215E009F10809EBE718EE101AE4
:10C3700018AA5846FFF7F0FD002800F0A680089B99
:10C380001BB108995846FBF71DFB18EE103AB3F99C
:10C390000C3018EE102A526E12F0010F9AB200F013
:10C3A000A080500600F1B285059845B0BDEC028B27
:10C3B000BDE8F08F0029CBD000238DF84330012356
:10C3C000CDE903338DF8AC102BAC002308931F4646
:10C3D00016F00203099302D0039B0233039316F075
:10C3E00084030A9305D1069B039A9D1A002D00F33E
:10C3F0007B82DDE91903411C9DF8432082B10122B3
:10C400000133C9F8042007290DF14302CDE91913BE
:10C41000C9F8002000F34A82084609F108090131F1
:10C42000099AE2B111AA0233C9F8002007294FF096
:10C430000202CDE91913C9F8042040F35082002B01
:10C4400000F0438318EE101A18AA5846FFF784FD2F
:10C45000002894D1DDE919030DF16C09411C0A9AF9
:10C46000802A00F08481049ABD1A002D00F3D78140
:10C47000049AC9F8004013440729CDE91913C9F8F3
:10C48000042040F36E81002B00F0758218EE101A24
:10C4900018AA5846FFF760FD00287FF470AF1A9B7A
:10C4A0000DF16C09750705D5069A0399541A002CED
:10C4B00000F36B82DDE9052103988142ACBF52187D
:10C4C00012180592002B7FF451AF0899002319939D
:10C4D000002900F049815846FBF774FA0DF16C0908
:10C4E000C1E59C053FF55DAF18EE104AA06DFAF767
:10C4F0002DFFA28955E7F006079A00F11F83710608
:10C5000040F1198332F9043B0792DA1711466EE6BF
:10C5100016F01003079940F0098316F0400000F070
:10C5200001831A4651F8043B07919BB2C3E6079B6F
:10C530001A4600238DF84330134653F8044B0393F7
:10C54000002C00F01284532900F0658316F01005CA
:10C5500040F061837B1C00F0B3843A4629462046B4
:10C56000FBF7CEF80890002800F09F84031B039A85
:10C57000049323EAE3732F4607920393089557E643
:10C58000432902D0F50640F12D83079D08220021A2
:10C5900016A82BACFAF7C4FA16AB55F8042B2146B3
:10C5A0005846FFF713FC03460133049000F0B384B0
:10C5B000049B079523EAE373039300238DF843302C
:10C5C00003E7079B53F8042B0692002A80F29C8213
:10C5D000069A5242CDE9062398F8001046F0040668
:10C5E00069E598F800108DF8434064E598F800106C
:10C5F00046F080065FE5424612F8011B2A2900F04A
:10C600009684A1F13003092B90464FF000073FF6C6
:10C6100054AD18F8011B07EB870703EB4707A1F19F
:10C620003003092BF5D948E598F8001046F00106CB
:10C6300041E59DF84330002B7FF4C2AD202398F8EC
:10C6400000108DF8433036E598F800106C2903BFD0
:10C6500098F8011046F0200608F1010846F010068F
:10C6600029E598F80010682903BF98F8011046F4EE
:10C67000007608F1010846F040061CE546F010037C
:10C680000393039B13F0200200F00682079B0733FD
:10C6900023F0070319465A6851F8083B0791012116
:10C6A0000DE6079A46F00203039352F8043B079203
:10C6B00047F63002ADF84420B84A0C92022100221D
:10C6C000FDE5B70600F14882F50600F146837406E1
:10C6D00000F1D583B00540F14083079B059953F8DD
:10C6E000042B07931170BEE4039601293FF48CAD2F
:10C6F000022944AC11D10C9803F00F011B09415CD5
:10C7000004F8011D43EA0273120953EA0201F3D14E
:10C71000039E44AB1B1B049383E503F00701DB0876
:10C7200043EA4273D208303153EA0205204604F846
:10C73000011DF2D1039EF307EBD53029E8D0302359
:10C74000023804F8013C44AB1B1A039E04930446D0
:10C7500067E5049B1B9401221C931A9319920DF117
:10C760006C0909F108099DE60DF16C097BE4069A54
:10C77000039D551B002D7FF776AE102D40F3BB8334
:10C78000099418EE104A07E000F1020C09F10809BB
:10C790001046103D102D1EDD8149C9F80010421CC5
:10C7A00010331021072ACDE91923C9F80410EBDD55
:10C7B00018AA002B74D0214658460DF16C09FFF7DA
:10C7C000CBFB00287FF4DBADDDE91903103D102D14
:10C7D00000F1010CE0DC099C714AC9F804502B44BB
:10C7E000BCF1070FCDE919C3C9F8002040F39481CB
:10C7F000002B00F01F8318EE101A18AA5846FFF7F6
:10C80000ABFB00287FF4BBAD049ADDE91903BD1A28
:10C81000002D00F101010DF16C097FF729AE102DFB
:10C8200029DD0994102718EE104A07E000F1020CE8
:10C8300009F108091046103D102D1ADD421C584917
:10C840001033072AC9E90017CDE91923EEDD18AA2C
:10C8500003B3214658460DF16C09FFF77DFB002814
:10C860007FF48DADDDE91903103D102D00F1010CB1
:10C87000E4DC099C61464A4AC9F804502B44072964
:10C88000CDE91913C9F8002000F3E78009F1080980
:10C890000131EDE54FF0010C18460DF16C09CAE7C6
:10C8A0004FF0010C18460DF16C0972E7002B00F0F7
:10C8B000048118EE101A18AA5846FFF74DFB0028FD
:10C8C0007FF45DADDDE919030DF16C09411CA7E5AD
:10C8D000022311AA1C931B9201210DF16C09084639
:10C8E00009F10809411CBAE5102D40F3E582DDE9A4
:10C8F00019130F94084618EE104A07E000F1020CD5
:10C9000009F108091046103D102D1DDD2549C9F813
:10C910000010421C10331021072ACDE91923C9F851
:10C920000410EBDD18AA03B3214658460DF16C093B
:10C93000FFF712FB00287FF422ADDDE91903103D5B
:10C94000102D00F1010CE1DC0F9C6046154AC9F87E
:10C9500004502B440728CDE91903C9F8002000F33F
:10C96000C18009F10809411C46E518464FF0010C49
:10C970000DF16C09C7E77607199353D5069A039909
:10C98000541A002C4EDD0DF16C09102C40F3B082CE
:10C99000199918EE106A10250DE000BF64410020BF
:10C9A000EC31012094320020881C09F1080911465D
:10C9B000103C102C1ADD4A1CB3481033072AC9E971
:10C9C0000005CDE91923EFDD18AA33B331465846E7
:10C9D000FFF7C2FA00287FF4D2ACDDE91913103C4E
:10C9E000102C01F101000DF16C09E4DCA64AC9F834
:10C9F000044023440728CDE91903C9F800207FF734
:10CA000059AD7BB118EE101A18AA5846FFF7A4FAD0
:10CA100000287FF4B4AC1A9B4CE5012019460DF1B7
:10CA20006C09C5E7DDE9053203998A42ACBF9B1862
:10CA30005B18059349E5B2F90C108F0518EE103A12
:10CA40008AB23FF5E8AA18EE105A986DFAF77CFC06
:10CA5000B5F90C108AB2FFF7DEBA002B3FF479AEBD
:10CA600018EE101A18AA5846FFF776FA00287FF435
:10CA700086AC19991A9B01310DF16C09F8E41992F1
:10CA80000DF16C095EE4002F7FF4C3AB039E002719
:10CA9000049744ACFFF7C5BB039B13F0100354D1BC
:10CAA000039A12F0400000F06B8107991A4651F882
:10CAB000043B07919BB2012101E4099A002A64D149
:10CAC000184601210DF16C09C9E4012118460DF148
:10CAD0006C09C4E45B4262EB420203962D20012103
:10CAE000FFF7EEBB002B00F0888018EE101A18AA92
:10CAF0005846FFF731FA00287FF441ACDDE919030D
:10CB00000DF16C09411C77E498F800100793FFF7CA
:10CB1000D2BA44ACFFF785BB09F108090CF1010159
:10CB20006046A0E416F4007240F0978151F8043B8F
:10CB30000791FFF7C0BBB30500F1888152F8043BB1
:10CB40000792DA171146FFF752BB079951F8043BD9
:10CB500007910121FFF7B3BB079B059853F8041B0E
:10CB60000793C217C1E90002FFF77DBA0B9B002BA8
:10CB70003FF426AB0B9B1B78002B3FF421AB98F8BE
:10CB8000001046F48066FFF796BA022311AA1C93A0
:10CB90001B9201200DF16C09A2E6039671E53B4B57
:10CBA0000C9316F0200259D0079B073323F007039C
:10CBB00018465A6850F8083B0790F40709D553EA1D
:10CBC000020006D08DF84510302146F002068DF89F
:10CBD000441026F4806103910221FFF770BB2C4BB7
:10CBE0000C93DEE7079B012153F8042B03918DF88A
:10CBF000AC20079304912BACDFE49DF84320002A7E
:10CC000040F03281099A002A7FF462AE1846012171
:10CC10000DF16C0927E40021082216A81394F9F7F6
:10CC20007FFF791C00F0BC80002507942C460CE0A7
:10CC30002BA95846FFF7CAF8421C204400F06B812C
:10CC4000B84208DC00F070810446139A525916ABC2
:10CC50000435002AECD10494079CAFE016F01003D1
:10CC600007980CD116F0400405D01A4650F8043B42
:10CC700007909BB2A1E716F4007240F0E18050F8F3
:10CC8000043B079099E700BF9432002064410020E4
:10CC9000E85B00200399049744AC9E4608EE90BAE6
:10CCA00001F480664FF0000C234606E0BEF10A0F47
:10CCB00072F1000239D3A6462A46A6491EEB0200AD
:10CCC00040F100000F46A1FB001424F0030101EB2A
:10CCD0009401401ABEEB00014FF0CC3562F1000424
:10CCE00005FB01F507FB0455A1FB07410D44052792
:10CCF00004F00101A1FB071B09186408303103F897
:10CD0000011C44EAC5740CF1010C013B6D08002EB6
:10CD1000CCD00B9909786145C8D1BCF1FF0FC5D0C3
:10CD2000BEF10A0F72F100026CD21C4644AB1B1B11
:10CD3000049F039E049318EE90BAFFF772BA03960D
:10CD4000FFF762BA5846F9F73DFDFFF75BB90129D5
:10CD500003967FF4CDACFFF75CBA079B059953F8B7
:10CD6000042B11600793FFF77EB9062F3B46039A09
:10CD7000794C079228BF062304930393FFF725BB42
:10CD8000039B079913F4007214BF51F8043B51F848
:10CD9000043B07911CBF0246DBB20121FFF78FBAAB
:10CDA00016AB00930023194613AA5846FFF734F830
:10CDB00003460133049000F0AE801394049B002BD3
:10CDC00030D0632B63DC002308932BAC08220021B6
:10CDD00016A8F9F7A5FE049D16AB009313AA2B46DF
:10CDE00021465846FFF718F8854240F0AB80039B78
:10CDF000049A07930023A3541F4622EAE273039385
:10CE0000FFF716BA0E9A0D999B1A18460893F9F770
:10CE1000A5FF0B99089B4A780AB101310B914FF09D
:10CE2000000C48E7039B0793049B03931F4608935A
:10CE3000FFF7FEB9012118460DF16C09FFF713BB8E
:10CE400050F8043B07902246DBB2B6E612F9043BE9
:10CE50000792DA171146FFF7CAB951F8043B079158
:10CE60000246DBB2FFF727BA01231C9301210DF123
:10CE700043031B930DF16C090B46FFF7CDBA079BDB
:10CE8000059953F8042B07931180FFF7ECB8591C50
:10CE90005846F7F7C5FE044600283CD0089095E7B1
:10CEA000886DFAF753FAFFF7E9B9039B0793CDE9C9
:10CEB0000377089FFFF7BCB919981A9B013045E525
:10CEC000039B07932046FAF77BFC20EAE0732F468A
:10CED000049003930895FFF7ABB918EE101A18AA3F
:10CEE0005846FFF739F800283FF436AAFFF74DBA45
:10CEF000199801307AE58C466EE46B6ED90705D43B
:10CF0000AB899A0502D4A86DFAF720FA4FF0FF33E7
:10CF10000593FFF749BA18EE102AB2F90C3043F026
:10CF200040039381FFF735BA079C049746E7079BB8
:10CF300098F8011053F8047B0793904647EAE77787
:10CF4000FFF7B9B818EE102A938943F04003938194
:10CF5000FFF715BACDCCCCCC7832002070B50C469A
:10CF60008989ADF58E6D21F00201ADF81410616E66
:10CF70001B91E189ADF81610E1690991616A0B9185
:10CF80001CA9029106914FF4806106460491079115
:10CF900018A80021CDE900320891FAF7D1F9DDE9AE
:10CFA000003202A93046FFF713F8051E07DB02A97D
:10CFB0003046FDF76BFE002818BF4FF0FF35BDF877
:10CFC00014305B0603D5A38943F04003A38118986E
:10CFD000FAF7B8F928460DF58E6D70BD9368002BF1
:10CFE00000F085802DE9F04FB1F90C300C4619079F
:10CFF000804683B0174698B225D523691BB310F03D
:10D0000002033D682DD04FF0000ADFF8C0B256464B
:10D01000B9465E453346524628BF5B464046002E21
:10D0200052D0E169676AB847002856DDD9F8083060
:10D030001B1A8244361AC9F80830002BE9D10020A7
:10D0400003B0BDE8F08F21464046FDF7DDFE002825
:10D0500040F03881B4F90C303D6898B210F002030A
:10D06000D1D110F0010944D14E46009746B3820554
:10D07000D4F808B040F18580B3455A4600F2B48038
:10D0800010F4906F40F0C180206801924946F9F792
:10D09000CBFCA368019AA3EB0B012368A1601344A6
:10D0A000B24623600026009A9368A3EB0A03D1449A
:10D0B0009360002BC3D0B4F90C0080B2002ED6D1FF
:10D0C000D5E900960835D1E7D5E900A60835A0E7EF
:10D0D00021464046FDF7DAFD88B3B4F90C3043F041
:10D0E00040034FF0FF30A38103B0BDE8F08F002074
:10D0F00070471E46BA469946184600951F4666B3C5
:10D10000002832D04A46D4E904132068A568B24208
:10D1100028BF3246884204D905EB030B5A4500F379
:10D12000A780934264DCE169656A3A464046A847B5
:10D13000B0F1000BD1DDB9EB0B09C9D00120DAF851
:10D140000830A3EB0B035F44A6EB0B06CAF80830CC
:10D15000002B3FF474AF002ED2D1009A56681346CC
:10D1600008320092002EF8D01F6832460A21384655
:10D17000FAF7C6FA002800F09C800130A0EB0709FE
:10D18000C0E720682369984216D86269B24213D872
:10D190006FF00043B34228BF3346E16993FBF2F3DB
:10D1A000676A02FB03F340464A46B847B0F1000AFB
:10D1B00093DDA6EB0A0676E7B345DA4628BFB2460A
:10D1C00052464946F9F730FCA3682268A3EB0A03EC
:10D1D0005244A3602260002BEBD121464046FDF76C
:10D1E00055FD0028E5D078E72068B34632464CE785
:10D1F00039460192F9F718FC019AA3689B1AA360BB
:10D20000236813442360934695E723682169A3EBC1
:10D21000010B636903EB430A0AEBDA7A0BF10103B2
:10D220004FEA6A0A33445345524684BF9A465246EF
:10D2300043052CD511464046F7F7F2FC00283BD0B9
:10D240005A4621690190F5F701F9A289019B22F460
:10D25000906242F08002A28103EB0B002361AAEBF3
:10D260000B03C4F814A0A3602060B34632460CE759
:10D2700039465A46F9F7D8FB23685B4423602146B8
:10D280004046FDF703FD00283FF455AF25E7404633
:10D29000F7F796FF03460028DED121694046FAF7EA
:10D2A00091FBB4F90C300C2223F08003C8F8002065
:10D2B00015E7721C914626E70C22B4F90C30C8F829
:10D2C00000200CE74FF0FF30BAE600BF00FCFF7F04
:10D2D0002DE9F0418B890C46990796B008D504F1E9
:10D2E00043030122C4E90432236016B0BDE8F08193
:10D2F000B4F90E100029064625DB6A4600F0DEF878
:10D3000000281FDB019D05F47045A5F50055B5FA11
:10D3100085F54FF480686D094FF40067414630464B
:10D32000F7F77EFCE0B1B4F90C30C4F8148043F098
:10D33000800320602061A38135BB3B43A38116B0ED
:10D34000BDE8F081A38913F0800519D04FF04008A3
:10D350000025414630462F46F7F762FC0028E2D10F
:10D36000B4F90C309A05C0D423F0030304F143024E
:10D3700043F002030121C4E90421A3812260B4E740
:10D380004FF480682F46C9E7B4F90E10304600F01C
:10D39000ABF810B9B4F90C30CFE7A38923F003033D
:10D3A00043F001031BB2C8E72DE9F04782B0824683
:10D3B00088461446F9F72EFF012803D108F1FF3300
:10D3C000FE2B36D90DF10409424604F15C034946AF
:10D3D0005046FEF7FBFC421C064632D020B39DF8B7
:10D3E00004C0002509E023685A1C226083F800C0AD
:10D3F0000135B54218D219F801CFA368013B002BC3
:10D40000A360F0DAA769BB4261462246504602DBC0
:10D41000BCF10A0FE7D1FDF79FFC431CE8D106469B
:10D42000304602B0BDE8F0874646304602B0BDE85F
:10D43000F0875FFA88FC8DF804C006460DF10409F8
:10D44000CFE7A389304643F04003A38102B0BDE893
:10D45000F08700BF30B5536E13F0010FB2F90C30F6
:10D46000144683B005469AB201D198051CD59004A4
:10D4700006D4626E43F4005342F40052A381626604
:10D4800022462846FFF790FF636EDA07054602D46E
:10D49000A3899B0502D5284603B030BDA06DF9F7DE
:10D4A00055FF284603B030BDA06D0191F9F74CFF40
:10D4B000B4F90C3001999AB2D9E700BF70B50C46A7
:10D4C000084D03460026204611461C462E60F5F7FF
:10D4D0008DFD431C00D070BD2B68002BFBD023605A
:10D4E00070BD00BFE4DA012038B5074D00220446C4
:10D4F00008462A60F5F780FD431C00D038BD2B6834
:10D50000002BFBD0236038BDE4DA01202DE9F04F79
:10D510008BB0DDE9158A149F0391814605921E4662
:10D52000B8F1000F5CD0039B002B5ED0059B1D68FB
:10D53000002F6AD0741E4EB3039B0493043D002653
:10D5400001950BE0039B2BBB019B1A68002A3AD084
:10D55000BC455CD2013C631C664617D0D8F800304D
:10D560000293019BDAF8E05053F8042F019307A9C6
:10D5700043464846D8F804B0A847421C3AD000EBCE
:10D58000060CBC45DED9029BC8E9003B30460BB017
:10D59000BDE8F08F00280EDD049B019D18445A1E43
:10D5A00007A900F1FF3E11F8013B02F8013F724567
:10D5B000F9D101950490059B1A6804321A60019B09
:10D5C0001A68002AC4D1039B0BB1059B1A600CF1A9
:10D5D000FF3600223046C8F800200BB0BDE8F08FBF
:10D5E000039B00F58678002BA0D1059B4FF0FF37F9
:10D5F0001D689FE706468A2100223046C9F80010C0
:10D60000C8F800200BB0BDE8F08F3E46BEE7664686
:10D61000BCE700BF10B584B0054C06980090079891
:10D620000190044800680294FFF770FF04B010BD39
:10D63000943B01201C41012081F0004102E000BF29
:10D6400083F0004330B54FEA41044FEA430594EAC2
:10D65000050F08BF90EA020F1FBF54EA000C55EAFD
:10D66000020C7FEA645C7FEA655C00F0E2804FEACE
:10D670005454D4EB5555B8BF6D420CDD2C4480EAB0
:10D68000020281EA030382EA000083EA010180EAE0
:10D69000020281EA0303362D88BF30BD11F0004F2E
:10D6A0004FEA01314FF4801C4CEA113102D0404264
:10D6B00061EB410113F0004F4FEA03334CEA13339F
:10D6C00002D0524263EB430394EA050F00F0A780B7
:10D6D000A4F10104D5F1200E0DDB02FA0EFC22FAB2
:10D6E00005F2801841F1000103FA0EF2801843FAA6
:10D6F00005F359410EE0A5F120050EF1200E012A97
:10D7000003FA0EFC28BF4CF0020C43FA05F3C018D4
:10D7100051EBE37101F0004507D54FF0000EDCF14D
:10D72000000C7EEB00006EEB0101B1F5801F1BD3F6
:10D73000B1F5001F0CD349085FEA30004FEA3C0CFA
:10D7400004F101044FEA445212F5800F80F09A80F0
:10D75000BCF1004F08BF5FEA500C50F1000041EBF4
:10D76000045141EA050130BD5FEA4C0C404141EBF8
:10D770000101013C28BFB1F5801FE9D291F0000FF3
:10D7800004BF01460020B1FA81F308BF2033A3F1A2
:10D790000B03B3F120020CDA0C3208DD02F1140C99
:10D7A000C2F10C0201FA0CF021FA02F10CE002F1D4
:10D7B0001402D8BFC2F1200C01FA02F120FA0CFCCD
:10D7C000DCBF41EA0C019040E41AA2BF01EB045116
:10D7D000294330BD6FEA04041F3C1CDA0C340EDC14
:10D7E00004F11404C4F1200220FA04F001FA02F357
:10D7F00040EA030021FA04F345EA030130BDC4F115
:10D800000C04C4F1200220FA02F001FA04F340EA09
:10D810000300294630BD21FA04F0294630BD94F0BA
:10D82000000F83F4801306BF81F480110134013DA1
:10D830004EE77FEA645C18BF7FEA655C29D094EA12
:10D84000050F08BF90EA020F05D054EA000C04BF90
:10D850001946104630BD91EA030F1EBF002100207B
:10D8600030BD5FEA545C05D14000494128BF41F01A
:10D87000004130BD14F580043CBF01F5801130BD7E
:10D8800001F0004545F0FE4141F470014FF0000009
:10D8900030BD7FEA645C1ABF194610467FEA655CBA
:10D8A0001CBF0B46024650EA013406BF52EA03355C
:10D8B00091EA030F41F4002130BD00BF90F0000F4A
:10D8C00004BF0021704730B54FF4806404F1320486
:10D8D0004FF000054FF0000150E700BF90F0000F3F
:10D8E00004BF0021704730B54FF4806404F1320466
:10D8F00010F0004548BF40424FF000013EE700BF36
:10D9000042004FEAE2014FEA31014FEA02701FBFC5
:10D9100012F07F4393F07F4F81F06051704732F0F7
:10D920007F4208BF704793F07F4F04BF41F400214E
:10D93000704730B54FF4607401F0004521F00041AC
:10D940001CE700BF50EA010208BF704730B54FF036
:10D9500000050AE050EA010208BF704730B511F037
:10D96000004502D5404261EB41014FF4806404F16F
:10D9700032045FEA915C3FF4D8AE4FF003025FEAF5
:10D98000DC0C18BF03325FEADC0C18BF033202EB79
:10D99000DC02C2F1200300FA03FC20FA02F001FAD3
:10D9A00003FE40EA0E0021FA02F11444BDE600BF76
:10D9B0005FF800F05D1F00605FF800F0B11F0060CD
:10D9C0005FF800F089170060000000000000000010
:04D9D000F8B500BFE7
:08D9D4008469FF7F01000000DF
:10D9DC00000000000000000000000000000000003B
:10D9EC00000000000000000000000000000000002B
:10D9FC00000000000000000000000000000000001B
:10DA0C00000000000000000000000000000000000A
:10DA1C0000000000000000000000000000000000FA
:10DA2C0000000000000000000000000000000000EA
:10DA3C0000000000000000000000000000000000DA
:10DA4C0000000000000000000000000000000000CA
:10DA5C0000000000000000000000000000000000BA
:10DA6C0000000000000000000000000000000000AA
:10DA7C00000000000000000000000000000000009A
:10DA8C00000000000000000000000000000000008A
:10DA9C00000000000000000000000000000000007A
:10DAAC00000000000000000000000000000000006A
:10DABC00000000000000000000000000000000005A
:10DACC00000000000000000000000000000000004A
:10DADC00000000000000000000000000000000003A
:10DAEC00000000000000000000000000000000002A
:10DAFC00000000000000000000000000000000001A
:10DB0C000000000000000000000000000000000009
:10DB1C0000000000000000000000000000000000F9
:10DB2C0000000000000000000000000000000000E9
:10DB3C0000000000000000000000000000000000D9
:10DB4C0000000000000000000000000000000000C9
:10DB5C0000000000000000000000000000000000B9
:10DB6C0000000000000000000000000000000000A9
:10DB7C000000000000000000000000000000000099
:10DB8C000000000000000000000000000000000089
:10DB9C000000000000000000000000000000000079
:10DBAC000000000000000000000000000000000069
:10DBBC000000000000000000000000000000000059
:10DBCC000000000000000000000000000000000049
:10DBDC000000000000000000000000000000000039
:10DBEC000000000000000000000000000000000029
:10DBFC000000000000000000000000000000000019
:10DC0C000000000000000000000000000000000008
:10DC1C0000000000000000000000000000000000F8
:10DC2C0000000000000000000000000000000000E8
:10DC3C0000000000000000000000000000000000D8
:10DC4C0000000000000000000000000000000000C8
:10DC5C000080E03779C34143176E05B5B5B89346DC
:10DC6C00F5F93FE9034F384D321D30F94877825AA8
:10DC7C003CBF737FDD4F1575000000000000F03FC6
:10DC8C00000000000000244000000000000059408B
:10DC9C000000000000408F40000000000088C340DE
:10DCAC0000000000006AF8400000000080842E4153
:10DCBC0000000000D01263410000000084D797419F
:10DCCC000000000065CDCD41000000205FA00242A5
:10DCDC00000000E876483742000000A2941A6D421A
:10DCEC00000040E59C30A2420000901EC4BCD6420D
:10DCFC0000003426F56B0C430080E03779C34143B8
:10DD0C0000A0D8855734764300C84E676DC1AB432D
:10DD1C00003D9160E458E143408CB5781DAF15444B
:10DD2C0050EFE2D6E41A4B4492D54D06CFF0804426
:10DD3C00F64AE1C7022DB544B49DD9794378EA443B
:10DD4C0022AE28D7982F8A42CD65EF2391443771A4
:10DD5C002F3B4DECCFFBC0B5BCDB8981A5DBB5E916
:10DD6C0038B548F35BC2563919D005B6F111F159E3
:10DD7C009B4F19AFA4823F9218816DDAD55E1CAB14
:10DD8C00420203A398AA07D8BE6F7045015B8312A9
:10DD9C008CB2E44EBE853124E2B4FFD5C37D0C5564
:10DDAC006F897BF2745DBE72B196163BFEB1DE805C
:10DDBC003512C725A706DC9B942669CF74F19BC14D
:10DDCC00D24AF19EC1699BE4E3254F388647BEEFEA
:10DDDC00B5D58C8BC69DC10F659CAC77CCA10C24A2
:10DDEC0075022B596F2CE92D83E4A66EAA84744A14
:10DDFC00D4FB41BDDCA9B05CB5531183DA88F9764C
:10DE0C00ABDF66EE52513E981032B42D6DC631A880
:10DE1C003F21FB98C82703B0E40EEFBEC77F59BF64
:10DE2C00C28FA83DF30BE0C625A70A934791A7D54F
:10DE3C006F8203E05163CA06706E0E0A67292914BB
:10DE4C00FC2FD246850AB72726C9265C38211B2E03
:10DE5C00ED2AC45AFC6D2C4DDFB3959D130D385330
:10DE6C00DE63AF8B54730A65A8B2773CBB0A6A7643
:10DE7C00E6AEED472EC9C2813B358214852C7292D9
:10DE8C006403F14CA1E8BFA2013042BC4B661AA856
:10DE9C009197F8D0708B4BC230BE5406A3516CC70F
:10DEAC001852EFD619E892D110A96555240699D6C7
:10DEBC002A20715785350EF4B8D1BB3270A06A1088
:10DECC00C8D0D2B816C1A41953AB4151086C371E37
:10DEDC0099EB8EDF4C774827A8489BE1B5BCB03452
:10DEEC00635AC9C5B30C1C39CB8A41E34AAAD84E34
:10DEFC0073E363774FCA9C5BA3B8B2D6F36F2E68FB
:10DF0C00FCB2EF5DEE828F74602F17436F63A578C0
:10DF1C0072ABF0A11478C884EC39641A0802C78C6F
:10DF2C00281E6323FAFFBE90E9BD82DEEB6C50A481
:10DF3C001579C6B2F7A3F9BE2B5372E3F27871C60A
:10DF4C009C6126EACE3E27CA07C2C021C7B886D13B
:10DF5C001EEBE0CDD67DDAEA78D16EEE7F4F7DF503
:10DF6C00BA6F1772AA67F006A698C8A2C57D630A95
:10DF7C00AE0DF9BE04983F111B471C13350B711BDA
:10DF8C00847D0423F577DB289324C7407BABCA320E
:10DF9C00BCBEC9150ABE9E3C4C0D109CC4671D43EB
:10DFAC00B6423ECBBED4C54C2A7E65FC9C297F591B
:10DFBC00ECFAD63AAB6FCB5F1758474A8C19446CC6
:10DFCC00DC530020706500206CCC000000000000C9
:10DFDC0086CAE76700000000000000000000000097
:10DFEC000000000000000000000000000000000025
:10DFFC00BC89D897B2D29C3C33A7A8D523F6493913
:10E00C003DA7F444FD0FA5329D978CCF08BA5B2534
:10E01C00436FAC6428066811000001010001010186
:10E02C0001020101020201020301020302020402C5
:10E03C00020502020503020603020703020704039A
:10E04C00070403070504070504070605070606076A
:10E05C00060607070707070080817B7B0500000089
:10E06C000000470000000000000000000000000855
:10E07C000000000000000000000000000D0E0F0565
:10E08C00070C010003060402CC5B0020D45B0020CB
:10E09C00D85B0020E05B002080817E7E05000000C4
:10E0AC0000004700808179790500000000004700DE
:10E0BC0080817EFD080000000000000000CC000004
:10E0CC0080817EFA080000000000000000CC0000F7
:10E0DC00000000000101060000000000000000002C
:10E0EC000000000000000000000000000000000024
:10E0FC000000000000000000000000000000000014
:10E10C000000000000000000000000000000000003
:10E11C0000000000000000000000000000000000F3
:10E12C0000000000000000000000000000000000E3
:10E13C0000000000000000000000000000000000D3
:10E14C0000000000000000000000000000000000C3
:10E15C0000000000000000000000000000000000B3
:10E16C0000000000000000000000000000000000A3
:10E17C000000000000000000000000000000000093
:10E18C000000000000000000000000000000000083
:10E19C000000000000000000000000000000000073
:10E1AC000000000000000000000000000000000063
:10E1BC000000000000000000000000000000000053
:10E1CC000000000000000000000000000000000043
:10E1DC000000000000000000000000000000000033
:10E1EC000000000000000000000000000000000023
:10E1FC0001005E000000010001000000140000207E
:10E20C000000000000000000000000000000000002
:10E21C0000000000000000000000000000000000F2
:10E22C000F00000004030000000000000200007654
:10E23C0003035858585858585858585858585858FC
:10E24C005858585858585858585858585858585842
:10E25C00585820585858585858585858585858586A
:10E26C005858585858585858585858585858585822
:10E27C00585858130300002E00330024001D0020B2
:10E28C005858585858585858585858585858585802
:10E29C0058585858585858585858585858585858F2
:10E2AC00002B000203040000160303007A00000098
:10E2BC00140303000101000008000002000000002C
:10E2CC00000D00080006040308040401000D001EE4
:10E2DC00001C040305030603080708080809080ABC
:10E2EC00080B0804080508060401050106010000D6
:10E2FC00000000FE00FE0000FE00000016030300FC
:10E30C00FE0100008C030358585858585858585858
:10E31C005858585858585858585858585858585871
:10E32C005858585858585820585858585858585899
:10E33C005858585858585858585858585858585851
:10E34C00585858585858585800021303010000FEEA
:10E35C00003300260024001D0020585858585858E7
:10E36C005858585858585858585858585858585821
:10E37C0058585858585858585858000A0004000211
:10E38C00001D002B0003020304002300000000000A
:10E39C000201060000000000000000000000000068
:10E3AC000000000000000000000000000000000061
:10E3BC000000000000000000000000000000000051
:10E3CC000000000000000000000000000000000041
:10E3DC000000000000000000000000000000000031
:10E3EC000000000000000000000000000000000021
:10E3FC000000000000000000000000000000000011
:10E40C000000000000000000000000000000000000
:10E41C0000000000000000000000000000000000F0
:10E42C0000000000000000000000000000000000E0
:10E43C0000000000000000000000000000000000D0
:10E44C0000000000000000000000000000000000C0
:10E45C0000000000000000000000000000000000B0
:10E46C0000000000000000000000000000000000A0
:10E47C000000000000000000000000000000000090
:10E48C000000000000000000000000000000000080
:10E49C000000000000000000000000000000000070
:10E4AC0000000000000000000000000075DA000011
:10E4BC00A5DA000064000000983A0000E8030000B0
:10E4CC00000000000100000003000000020000003A
:10E4DC0000000000A85C0020B45C0020C85C002098
:10E4EC00B8500020B8500020B8500020B850002080
:10E4FC00B8500020B8500020B8500020B850002070
:10E50C00B8500020B8500020B8500020B85000205F
:10E51C00B8500020B8500020B8500020B85000204F
:10E52C00B8500020B8500020B8500020B85000203F
:10E53C00B8500020B8500020B8500020B85000202F
:10E54C00B8500020B8500020B8500020B85000201F
:10E55C00B8500020B8500020B8500020B85000200F
:10E56C00B8500020B8500020B8500020B8500020FF
:10E57C00B8500020B8500020B8500020B8500020EF
:10E58C00B8500020B8500020B8500020B8500020DF
:10E59C00B8500020B8500020B8500020B8500020CF
:10E5AC00B8500020B8500020B8500020B8500020BF
:10E5BC00B8500020B8500020B8500020B8500020AF
:10E5CC00B8500020B8500020B8500020B85000209F
:10E5DC00B8500020B8500020B8500020B85000208F
:10E5EC00B8500020B8500020B8500020B85000207F
:10E5FC00B8500020B8500020B8500020B85000206F
:10E60C00B8500020B8500020B8500020B85000205E
:10E61C00B8500020B8500020B8500020B85000204E
:10E62C00B8500020B8500020B8500020B85000203E
:10E63C00B8500020B8500020B8500020B85000202E
:10E64C00B8500020B8500020B8500020B85000201E
:10E65C00B8500020B8500020B8500020B85000200E
:10E66C00B8500020EC3F0020D45C0020DC5C002083
:10E67C00E85C0020085D0020145D002010400020A4
:10E68C00245D0020345D0020B8500020B8500020DC
:10E69C00B8500020B8500020B8500020B8500020CE
:10E6AC00B8500020B8500020B8500020B8500020BE
:10E6BC00B8500020B8500020B8500020B8500020AE
:10E6CC00B8500020B8500020B8500020485D002001
:10E6DC00B8500020B8500020B8500020B85000208E
:10E6EC00B8500020B8500020B8500020B85000207E
:10E6FC00B8500020B8500020B8500020B85000206E
:10E70C00B8500020B8500020B8500020B85000205D
:10E71C00B8500020B8500020B8500020B85000204D
:10E72C00B8500020B8500020B8500020B85000203D
:10E73C00B8500020B8500020B8500020B85000202D
:10E74C00B8500020B8500020B8500020B85000201D
:10E75C00B8500020B8500020B8500020B85000200D
:10E76C00B8500020B8500020B8500020B8500020FD
:10E77C00B8500020B8500020B8500020B8500020ED
:10E78C00B8500020B8500020B8500020B8500020DD
:10E79C00B8500020B8500020B8500020B8500020CD
:10E7AC00B8500020B8500020B8500020B8500020BD
:10E7BC00B8500020B8500020B8500020B8500020AD
:10E7CC00B8500020B8500020B8500020B85000209D
:10E7DC00B8500020B8500020B8500020B85000208D
:10E7EC00B8500020B8500020B8500020B85000207D
:10E7FC00B8500020505D0020645D0020085E0020B1
:10E80C00785D0020845D0020945D0020B8500020CD
:10E81C00A05D0020B45D0020B8500020B85000204E
:10E82C00B8500020B8500020B8500020B85000203C
:10E83C00B8500020B8500020B8500020B85000202C
:10E84C00B8500020B8500020B8500020B85000201C
:10E85C00B8500020B8500020B8500020B85000200C
:10E86C00B8500020B8500020B8500020B8500020FC
:10E87C00B8500020B8500020B8500020B8500020EC
:10E88C00B8500020B8500020B8500020B8500020DC
:10E89C00B8500020B8500020B8500020B8500020CC
:10E8AC00B8500020B8500020B8500020B8500020BC
:10E8BC00B8500020B8500020B8500020B8500020AC
:10E8CC00B8500020B8500020B8500020B85000209C
:10E8DC00B8500020B8500020B8500020B85000208C
:10E8EC00B8500020B8500020B8500020B85000207C
:10E8FC00B8500020B8500020B8500020B85000206C
:10E90C00B8500020B8500020B8500020B85000205B
:10E91C00B8500020B8500020B8500020B85000204B
:10E92C00B8500020B8500020B8500020B85000203B
:10E93C00B8500020B8500020B8500020B85000202B
:10E94C00B8500020B8500020B8500020B85000201B
:10E95C00B8500020B8500020B8500020B85000200B
:10E96C00B8500020B8500020B8500020B8500020FB
:10E97C00B8500020B8500020B8500020B8500020EB
:10E98C00B8500020C85D0020D45D0020E45D00205C
:10E99C00F85D0020045E0020105E0020245E002044
:10E9AC00345E0020545E0020645E0020705E002007
:10E9BC00785E0020885E00209C5E0020B05E002007
:10E9CC00C85E0020F03F0020E05E0020F45E0020D6
:10E9DC00B8500020B8500020045F0020185F0020C1
:10E9EC00305F0020385F0020B85000204C5F0020C2
:10E9FC00B8500020605F0020785F0020B8500020E5
:10EA0C008C5F0020B8500020B8500020B850002077
:10EA1C00B8500020B8500020B8500020B85000204A
:10EA2C00B8500020B8500020B8500020B85000203A
:10EA3C00B8500020AC5F0020B8500020B850002027
:10EA4C00B8500020B8500020B8500020B85000201A
:10EA5C00D05F0020B8500020B8500020B8500020E3
:10EA6C00B8500020B8500020B8500020B8500020FA
:10EA7C00B8500020B8500020B8500020B8500020EA
:10EA8C00B8500020B8500020B8500020B8500020DA
:10EA9C00B8500020B8500020B8500020B8500020CA
:10EAAC00B8500020B8500020B8500020B8500020BA
:10EABC00B8500020B8500020B8500020B8500020AA
:10EACC00B8500020B8500020B8500020B85000209A
:10EADC00B8500020B8500020B8500020B85000208A
:10EAEC00B8500020B8500020B8500020B85000207A
:10EAFC00B8500020B8500020B8500020B85000206A
:10EB0C00B8500020B8500020B8500020B850002059
:10EB1C00F05F0020086000202060002030600020A2
:10EB2C003C60002050600020606000207C60002071
:10EB3C0094600020AC600020B8500020BC60002025
:10EB4C00CC600020B8500020B8500020B8500020F5
:10EB5C00B8500020B8500020B8500020B850002009
:10EB6C00B8500020B8500020B8500020B8500020F9
:10EB7C00B8500020B8500020B8500020B8500020E9
:10EB8C00B8500020B8500020B8500020B8500020D9
:10EB9C00B8500020B8500020B8500020B8500020C9
:10EBAC00B8500020B8500020B8500020B8500020B9
:10EBBC00B8500020B8500020B8500020B8500020A9
:10EBCC00B8500020B8500020B8500020B850002099
:10EBDC00B8500020B8500020B8500020B850002089
:10EBEC00B8500020B8500020B8500020B850002079
:10EBFC00B8500020B8500020B8500020B850002069
:10EC0C00B8500020B8500020B8500020B850002058
:10EC1C00B8500020B8500020B8500020B850002048
:10EC2C00B8500020B8500020B8500020B850002038
:10EC3C00B8500020B8500020B8500020B850002028
:10EC4C00B8500020B8500020B8500020B850002018
:10EC5C00B8500020B8500020B8500020B850002008
:10EC6C00B8500020B8500020B8500020B8500020F8
:10EC7C00B8500020B8500020B8500020B8500020E8
:10EC8C00B8500020B8500020B8500020B8500020D8
:10EC9C00B8500020B8500020B8500020B8500020C8
:10ECAC00EC600020090000000000000000000000E3
:10ECBC000000000000000000000000000000000048
:10ECCC00000000004755492020200000424E4F20F4
:10ECDC002020000047505331202000004750533271
:10ECEC002020000050474E202020000041472020CB
:10ECFC00202000004E545249502000005253323311
:10ED0C00322000004C6F6F7020200000494D555F81
:10ED1C00482000004E4D45415F4800005261646937
:10ED2C006F2000005542585F482000005544505F4A
:10ED3C005320000044414320202000004D41434813
:10ED4C00202000004C4544532020000045535033F4
:10ED5C00322000004B455941202000004572726F53
:10ED6C00723A2025730000005375626E657420435F
:10ED7C0068616E67650000000D0A2D20536176698D
:10ED8C006E6720746F20454550524F4D20616E6464
:10ED9C002072657374617274696E67205465656E58
:10EDAC00737900000D0A202D2D2D2D2D2D2D2D2D9F
:10EDBC000D0A25730D0A4350552054656D703A2089
:10EDCC0020252E3166C2B0430D0A43505520537096
:10EDDC006565643A2025694D687A0D0A47505320C1
:10EDEC00426175643A202025690000000D0A4167D4
:10EDFC00494F2049503A20202025692E25692E257F
:10EE0C00692E2569000000000D0A4D6F64756C6554
:10EE1C002049503A2025692E25692E25692E256911
:10EE2C00000000000D0A424E4F30387820617661A8
:10EE3C00696C61626C6520766961205365726961E9
:10EE4C006C2F525643204D6F646500000D0A2A202A
:10EE5C004E6F20494D5520617661696C61626C651D
:10EE6C00202A00000D0D0A202D2D2D2D2D2D2D2DA0
:10EE7C002D000000537465657220436F6E666967E0
:10EE8C00000000000D0A496E7665727457415320DC
:10EE9C00000000000D0A497352656C61794163747E
:10EEAC006976654869676820000000000D0A4D6F9F
:10EEBC00746F724472697665446972656374696FC4
:10EECC006E2000000D0A53696E676C65496E707593
:10EEDC0074574153200000000D0A437974726F6E11
:10EEEC0044726976657220000D0A5374656572531D
:10EEFC0077697463682000000D0A5374656572426B
:10EF0C007574746F6E2000000D0A53686166744549
:10EF1C006E636F64657220000D0A497344616E66FE
:10EF2C006F737320000000000D0A507265737375C7
:10EF3C00726553656E736F72200000000D0A437585
:10EF4C007272656E7453656E736F722000000000F0
:10EF5C000D0A4973557365595F4178697320000038
:10EF6C000D0A50756C7365436F756E744D61782026
:10EF7C00000000000D0A4D696E5370656564200039
:10EF8C0053746565722053657474696E6773000001
:10EF9C000D0A204B702000000D0A2068696768502C
:10EFAC00574D20000D0A206C6F7750574D200000F4
:10EFBC000D0A206D696E50574D2000000D0A20730C
:10EFCC007465657253656E736F72436F756E74738F
:10EFDC00200000000D0A207761734F66667365741C
:10EFEC00200000000D0A2041636B65726D616E4656
:10EFFC0069782000475053310000000047505332CD
:10F00C000000000052454C6A0000000052454C7252
:10F01C0000000000424E4F000D0A0A4C6F6F70202A
:10F02C0020206370753A20006B487A000D0A475512
:10F03C0049202020206370753A2000000D0A424EB2
:10F04C004F5F5220206370753A2000000D0A475024
:10F05C0053312020206370753A2000000D0A475070
:10F06C0053322020206370753A2000000D0A50475F
:10F07C004E202020206370753A2000000D0A415369
:10F08C0020202020206370753A2000000D0A4E5479
:10F09C0052495020206370753A2000000D0A4E4DE5
:10F0AC0045415F50206370753A2000000D0A5542AF
:10F0BC00585F5020206370753A2000000D0A5544AB
:10F0CC00505F5320206370753A2000000D0A4C45A8
:10F0DC0044532020206370753A2000000D0A4D61C6
:10F0EC0063682020206370753A2000000D0A455398
:10F0FC0050333220206370753A2000000D0A4B45C6
:10F10C0059412020206370753A2000000D0A52539B
:10F11C0032333220206370753A200000204747417B
:10F12C002075706461746520282569290000000031
:10F13C0020474E5320757064617465202825692919
:10F14C0000000000204850522075706461746520E6
:10F15C000000000061676F70656E6770732E636FDF
:10F16C006D000000444843502053656E6420666176
:10F17C00696C65642E0D0A000D0A496E697469612B
:10F18C006C697A696E67204D616368696E652F538F
:10F19C00656374696F6E204F7574707574730000BD
:10F1AC000D0A2D2076352E306420504341393638E7
:10F1BC0035204932432050574D20494F20657874F3
:10F1CC00656E64657220636F6E74726F6C73202849
:10F1DC003529204452563832343320666F7220530E
:10F1EC00656374696F6E2F4C6F636B2F417578205C
:10F1FC006F757470757473000D0A20202D20536583
:10F20C006374696F6E732F4C6F636B2F417578202D
:10F21C005043413936383520000000000D0A2020BB
:10F22C0020202D20416C6C204C4F434B2F415558C6
:10F23C002F53656374696F6E204452567320736547
:10F24C007420746F20736C656570202848692D5A82
:10F25C00206F757470757473290000000D0A2D20D1
:10F26C00456E61626C696E67204C4F434B20445273
:10F27C00562C206F757470757420636F6E74726F7A
:10F28C006C6C6564206279204175746F737465656C
:10F29C00722F4C6F636B2042746E00000D0A2D2090
:10F2AC00456E61626C696E6720415558204F7574CC
:10F2BC0070757400472D474741000000472D474E9D
:10F2CC0053000000472D565447000000472D48506E
:10F2DC00520000004B535854000000000D0A0A2A3B
:10F2EC002A2A2045535033322053657269616C20B1
:10F2FC0043522F4C462064657465637465642062C8
:10F30C007574204E4F5420612076616C69642050D6
:10F31C00474E20285B305D2F5B315D206279746530
:10F32C007320213D203132382F31323929202A2ABD
:10F33C002A0000000D0A202020203E0025336920E1
:10F34C00000000000D0A2A556E65787065637465BF
:10F35C0064206368617261637465727320696E20E6
:10F36C004E4D454120706172736572202D204E6F99
:10F37C00726D616C20617420737461727475702A83
:10F38C000D0A202D204E4D4541205061727365723F
:10F39C00204572726F72436F64653A200000000062
:10F3AC005544502053656E6420746F204167494F5B
:10F3BC00206661696C65642E0D0A00000D0A0A4115
:10F3CC0075746F5374656572207365747570000085
:10F3DC000D0A2D202A2A20454550524F4D2072658A
:10F3EC0073657420746F2064656661756C74732129
:10F3FC00202A2A000D0A2D206C6F6164656420732D
:10F40C00657474696E67732F636F6E6669672066C7
:10F41C00726F6D20454550524F4D00000D0A2D2046
:10F42C004175746F537465657220656E61626C65AD
:10F43C00642C20736574757020636F6D706C6574CB
:10F44C00650000000D0A53657474696E67204350A3
:10F45C00552075736167652064656275673A200095
:10F46C000D0A53657474696E6720574153204144EB
:10F47C00432076616C75652064656275673A20007F
:10F48C000D0A53657474696E67205247422062728C
:10F49C00696768746E6573733A2000000D0A4D61DC
:10F4AC006368696E652064656275674C6576656C2A
:10F4BC003A2000000D0A53657474696E67204E4D36
:10F4CC004541322064656275673A20000D0A536528
:10F4DC007474696E67204E4D454120646562756792
:10F4EC003A2000000D0A53657474696E67205057FA
:10F4FC004D202F2063757272656E742073656E7368
:10F50C006F722064656275673A2000000D0A0A2A42
:10F51C0020526573657474696E672068692F6C6F0F
:10F52C00207374617473202A000000000D0A536567
:10F53C007474696E67205072696E742053746174B0
:10F54C00733A20000D0A4C4F434B20697320696EAF
:10F55C0020536C656570206D6F64652C2073656E2F
:10F56C0064696E672077616B65207369676E616C87
:10F57C00000000000D0A4C4F434B20697320696E4C
:10F58C00205374616E646279206D6F64652C2077F2
:10F59C00616974696E6720666F7220726573657439
:10F5AC002C2073656E64696E6720726573657420B8
:10F5BC0070756C73650000000D0A4C4F434B20694D
:10F5CC007320696E20416374697665206D6F646584
:10F5DC002C2069737375696E6720536C6565702098
:10F5EC007369676E616C00000D0A4C4F434B200031
:10F5FC00755300000D0A41555820697320696E201F
:10F60C00536C656570206D6F64652C2073656E643A
:10F61C00696E672077616B65207369676E616C003A
:10F62C000D0A41555820697320696E205374616E20
:10F63C00646279206D6F64652C2077616974696EE2
:10F64C006720666F722072657365742C2073656E0B
:10F65C0064696E672072657365742070756C736570
:10F66C00000000000D0A41555820697320696E2076
:10F67C00416374697665206D6F64652C20697373C2
:10F68C0075696E6720536C656570207369676E6170
:10F69C006C0000000D0A4155582000000D0A2D2069
:10F6AC0053656374696F6E2044525638323433207C
:10F6BC0000000000666F756E640000002A4E4F5407
:10F6CC0020666F756E64212A000000000D0A2D2043
:10F6DC005247422044525638323433200000000046
:10F6EC000D0A0A2A2A2A20556E7265636F676E69A5
:10F6FC007A6564205553422073657269616C206988
:10F70C006E7075743A202200222000000D0A4B65A1
:10F71C0079612068656172746265617420646574D6
:10F72C0065637465642120456E61626C696E672047
:10F73C004B6579612063616E627573202620757349
:10F74C00696E67207265706F72746564206D6F747A
:10F75C006F722063757272656E7420666F722064AE
:10F76C006973656E67616765000000000D0A4D6F77
:10F77C00746F722064697361626C656400000000D0
:10F78C00202D20736574204153206F6666000000A5
:10F79C000D0A4F76657220766F6C74616765000098
:10F7AC000D0A48617264776172652070726F7465BE
:10F7BC006374696F6E0000000D0A453250524F4D54
:10F7CC00000000000D0A556E64657220766F6C7433
:10F7DC00616765000D0A4E2F410000000D0A4F763F
:10F7EC0065722063757272656E7400000D0A4D6F40
:10F7FC006465206661696C75726500000D0A4C6564
:10F80C007373207068617365000000000D0A4D6F02
:10F81C00746F72207374616C6C0000000D0A526579
:10F82C0073657276656400000D0A48616C6C206625
:10F83C0061696C75726500000D0A43757272656EB4
:10F84C00742073656E73696E670000000D0A3233A5
:10F85C003220646973636F6E6E6563746564000057
:10F86C000D0A43414E20646973636F6E6E65637459
:10F87C00656400000D0A4D6F746F72207374616CB7
:10F88C006C656400206661756C74207265706C79AF
:10F89C002000000020766F6C7461676520726570C3
:10F8AC006C7920002074656D706572617475726579
:10F8BC00207265706C7920002076657273696F6EAA
:10F8CC00207265706C79200020756E6B6E6F776E90
:10F8DC00207265706C7920004F4E00004F46460038
:10F8EC000D0A574F524B20696E7075742825692983
:10F8FC003A202573000000000D0A2536690000002F
:10F90C00205465656E7379204144432878332E3238
:10F91C0033293A253569000020636F722E207374E9
:10F92C00656572506F733A200000000020616374AB
:10F93C002E207374656572416E676C653A20000009
:10F94C0050574D202861762E293A20002050574DD3
:10F95C00446973286162732C20756E6669293A209C
:10F96C0000000000206B69636B6F75742063757207
:10F97C003A20000066775F6765745F73657474691D
:10F98C006E6773006765745F73657474696E677313
:10F99C003A2025732C25642C25642C25642C256495
:10F9AC002C25732C2564000066775F7365745F7378
:10F9BC00657474696E677300696E636C7564652F2A
:10F9CC006D6748616E646C6572732E680000000090
:10F9DC007365745F73657474696E67733A2025730D
:10F9EC002C25642C25642C25642C25642C25732C47
:10F9FC002564000066775F73657474696E67733A8B
:10FA0C002025732C25642C25642C25642C25642C32
:10FA1C0025732C256400000025342E31660000006F
:10FA2C0025000000203C3E20000000000D0A0A4387
:10FA3C0050552073706565642073657420746F3A3B
:10FA4C00202569204D487A0D0A0000002450414EB3
:10FA5C0044412C002450414F47492C002C000000FD
:10FA6C000D0A2A2A48656164696E672064617461B5
:10FA7C0020657870697265642A2A0D0A00000000FE
:10FA8C00202020202020202020202020202020206A
:10FA9C002020202A2A2A2072656C706F734E4544F0
:10FAAC0020776173206D6973736564206F72206CAD
:10FABC0061746521202A2A2A20282569290D0A002B
:10FACC000D0A4D616368696E65204F7574707574AD
:10FADC007320757064617465000000000D0A2D20A0
:10FAEC0050696E202532693A2025692000000000FB
:10FAFC00202A53657269616C4750533120627566D8
:10FB0C0066657220636C6561726564212D4E6F723F
:10FB1C006D616C20617420737461727475702A004D
:10FB2C00202A53657269616C4750533220627566A6
:10FB3C0066657220636C6561726564212D4E6F720F
:10FB4C006D616C20617420737461727475702A0D10
:10FB5C000A0000000D0A0A57726974696E67204921
:10FB6C005020616464726573732064656661756CA2
:10FB7C00747320746F20454550524F4D0D0A000090
:10FB8C000D0A0A57726974696E67204750532064D6
:10FB9C00656661756C747320746F20454550524FC7
:10FBAC004D0D0A000D0A0A4C6F61646564204950C2
:10FBBC0020616464726573732066726F6D204545B5
:10FBCC0050524F4D0D0A00000D0A2D204144432088
:10FBDC00636865636B3A00007564703A2F2F256477
:10FBEC002E25642E25642E3132363A3838383800BA
:10FBFC007564703A2F2F25642E25642E25642E31C2
:10FC0C0032363A32323333007564703A2F2F256412
:10FC1C002E25642E25642E3132363A3637000000FC
:10FC2C00756470536574757000000000696E636CC8
:10FC3C007564652F75647048616E646C6572732EA3
:10FC4C00680000004C697374656E696E6720666F9E
:10FC5C0072204167494F206F6E2055445020383830
:10FC6C00383800004167494F206F6E2055445020B2
:10FC7C003838383820646964206E6F74206F706572
:10FC8C006E0000004C697374656E696E6720666F58
:10FC9C0072205254434D206F6E2055445020323206
:10FCAC00333300005254434D206F6E205544502086
:10FCBC003232333320646964206E6F74206F706548
:10FCCC006E0000004C697374656E696E6720666F18
:10FCDC00722044484350206F6E20554450203637D4
:10FCEC000000000044484350206F6E2055445020C3
:10FCFC00363720646964206E6F74206F70656E00F7
:10FD0C007564703A2F2F00002E3235353A39393957
:10FD1C0039000000436F6E6E656374656420746F08
:10FD2C00204167494F000000547279696E67207456
:10FD3C006F20636F6E6E65637420746F204167492A
:10FD4C004F0000000D0A426567696E2043414E204A
:10FD5C003320736574757020666F72204B65796102
:10FD6C0000000000496E697469616C6973656420F8
:10FD7C004B6579612043414E425553204020000091
:10FD8C0062707300C0A8057E00C0A8050100C0A861
:10FD9C0005FF00000F0E0D03070000000001040515
:10FDAC000A09000025642E25642E25642E25640086
:10FDBC000A090807060504030201000020505654E6
:10FDCC002075706461746520000000000D0A476F97
:10FDDC0074206D6573736167652049443A000000B7
:10FDEC0020636C733A0000002052454C20757064FF
:10FDFC006174652028256929000000000D0A2A2A53
:10FE0C002A20676E73734669784F6B2120000000BF
:10FE1C000D0A2A2A2A2064696666536F6C6E2120AB
:10FE2C00000000000D0A2A2A2A2072656C506F739C
:10FE3C0056616C696421200020202020636172725D
:10FE4C00536F6C6E3A2000000D0A0A2A2A2A2A2ABD
:10FE5C002A2A2A2A2A2A2A2A2A2A2A2A2A2A2052D8
:10FE6C004F4C4C204A554D502025362E3266202DB5
:10FE7C003E2025362E3266202A2A2A2A2A2A2A2A87
:10FE8C002A2A2A2A2A2A2A2A2A2A2A2A2A2A2A2AC6
:10FE9C000D0A0A0020756278203078423500000087
:10FEAC00203078363200000020307800204C3100B1
:10FEBC00204C32002063410020756278206372630D
:10FECC0041206661696C656400000000206342009B
:10FEDC00207562782063726342206661696C656488
:10FEEC00000000000968693A202569282569290065
:10FEFC00096C6F3A202569282569290009487A3A46
:10FF0C002025342E31662825342E31662900000038
:10FF1C0020202000732028000A4368616E67696EF8
:10FF2C0067202573204C45442066726F6D207374D6
:10FF3C006167652025316920746F202531690000C7
:10FF4C006F7666000D0A2A2A2A20424E4F206D69D0
:10FF5C007373656420757064617465202A2A2A00A5
:10FF6C00202A2A2A20424E4F2073657269616C2028
:10FF7C00696E70757420627566666572206861645E
:10FF8C0020000000206279746573206C6566746FC4
:10FF9C0076657221202A2A2A000000000D0A2D20E5
:10FFAC00726169736554696D653A20000D0A2D20E4
:10FFBC006C6F77657254696D653A20000D0A2D20BF
:10FFCC0072656C6179416374697665486967683AF2
:10FFDC00200000000D0A2D206879644C6966744578
:10FFEC006E61626C653A20000D0A2D207573657286
:04FFFC00313A200076
:02000004600397
:100000000D0A2D2075736572323A20000D0A2D20DD
:1000100075736572333A20000D0A2D207573657271
:10002000343A20000D0A2D2050696E200000000097
:100030000D0A30780000000028000000292D000083
:100040002025326920446174613E00002533690037
:100050000D0A2A2A2A20554450204D616368696E92
:100060006520436F6D6D7320726573756D656420D7
:100070002A2A2A003A4F4646000000003A444F57C9
:100080004E0000003A5550003A524947485400008B
:100090003A4C4546540000003A53544F5021212118
:1000A000000000003A474F4F4400000048656C6C68
:1000B0006F2066726F6D204167494F004D61636824
:1000C000696E65205265706C790000000D0A4D6103
:1000D0006368696E65206E6F7420696E697469610A
:1000E0006C697A6564206F722048656C6C6F205271
:1000F00065706C792064697361626C6564206279F3
:100100002073657474696E672050494E32342074D0
:100110006F2073656374696F6E20313620696E20BD
:1001200041674F70656E4750530000005363616E26
:1001300020526571756573740000000036342053D9
:10014000656374696F6E2044617461004C65667408
:100150002073706565643A200000000020526967D2
:1001600068742073706565643A2000005365637499
:10017000696F6E2044696D73000000004D61636813
:10018000696E652050696E20436F6E666967000076
:100190004F6E626F6172642053656374696F6E2085
:1001A000436F6E74726F6C20616E7377657273202B
:1001B00064697361626C656420627920736574742C
:1001C000696E672050494E323420746F2073656326
:1001D00074696F6E20313620696E2041674F7065FB
:1001E0006E475053000000000D0A4E6577204D61A8
:1001F0006368696E6520636F6E66696720736176F8
:10020000656420746F20454550524F4D000000003A
:100210004D616368696E6520436F6E6669670000B3
:100220004D616368696E652044617461000000007F
:100230000D0A755475726E3A200000000D0A677041
:100240007353706565643A2000000000203E200072
:100250000D0A6879644C69667428313A4420323A50
:1002600055293A20000000000D0A7472616D6C6916
:100270006E6528313A5220323A4C293A200000006B
:100280000D0A67656F53746F7028303A4F4B2031F9
:100290003A53544F50293A20000000000D0A73656C
:1002A0006320312D383A20002073656320392D31C9
:1002B000363A20000D0A303A0000000020313A00A2
:1002C0005330310053303200533033005330340058
:1002D0005330350053303600533037005330380038
:1002E0005330390053313000533131005331320033
:1002F000533133005331340053313500533136001C
:100300004879645570000000487964446E0000002C
:100310005472616D520000005472616D4C00000017
:1003200047656F53746F70002D2D47505320446103
:1003300074612D2D0000000048656164696E673AA4
:1003400020000000526F6C6C4475616C3A20000014
:100350002D2D494D5520446174612D2D0000000064
:10036000636F7272656374696F6E48656164696E0C
:10037000673A2000726F6C6C3A2000002D2D4F758B
:100380007470757420446174612D2D00696D75471A
:1003900050535F4F66667365743A2000726F6C6CE1
:1003A00044656C74613A2000726F6C6C44656C74C7
:1003B00061536D6F6F74683A20000000696D75437A
:1003C0006F727265637465643A200000000000007B
:1003D0000000000095980000C5040000059F000083
:1003E00041060000FD8300004506000049060000AC
:1003F000000000000000000095F00100C917020095
:10040000C5170200C1170200BD170200FDF301006D
:1004100001F40100B9170200000000000000000014
:10042000FDEE010065F1010001E9010059EA01005A
:1004300021E90100C5E9010049E90100DDEA010007
:1004400075EA0100FDE80100000000000000000066
:1004500001BD00002DBD0000B5BC0000FDBC0000CA
:10046000B9BC0000C5BC0000E5BC000000000000F5
:10047000000000009DF001002C2066756E63746919
:100480006F6E3A2000000000617373657274696FCB
:100490006E2022257322206661696C65643A2066AD
:1004A000696C6520222573222C206C696E652025DD
:1004B00064257325730A00006D675F7068795F6952
:1004C0006E69740075706C6F61645F68616E646CF6
:1004D00065720000676C75655F6F74615F77726944
:1004E00074655F6669726D776172655F757064616E
:1004F00074650000707265705F75706C6F61640088
:10050000676C75655F6F74615F626567696E5F6672
:1005100069726D776172655F757064617465000002
:100520006D675F746C735F696E6974006D675F748B
:100530006C735F7365727665725F726563765F6810
:10054000656C6C6F000000006D675F746C735F63B7
:100550006C69656E745F726563765F636572745F04
:1005600076657269667900006D675F746C735F769B
:1005700065726966795F636572745F7369676E61DE
:1005800074757265000000006D675F746C735F7650
:1005900065726966795F636572745F73616E00008E
:1005A0006D675F6465725F64656275675F636572DE
:1005B000745F6E616D6500006D675F746C735F7072
:1005C000617273655F636572745F646572000000D9
:1005D0006D675F746C735F636C69656E745F726581
:1005E00063765F63657274006D675F746C735F72CE
:1005F0006563765F7265636F726400006D675F7438
:100600006C735F68657864756D7000006D675F740A
:10061000637069705F6472697665725F696D787224
:10062000745F747800000000687474705F65765FB2
:1006300068616E646C657200676C75655F73746188
:1006400072745F7265626F6F740000006D675F7433
:100650006C735F636C69656E745F726563765F6807
:10066000656C6C6F000000006D675F6F74615F65A3
:100670006E640000666C6173685F6572617365002B
:100680006D675F696D7872745F7772697465000079
:100690006D675F73656E64006163636570745F634B
:1006A0006F6E6E00726561645F636F6E6E00000056
:1006B0006D675F74637069705F6472697665725F9D
:1006C000696D7872745F706F6C6C00006D6F6E672F
:1006D0006F6F73655F696E6974000000676C7565A4
:1006E0005F73746172745F736176650074785F64C0
:1006F0006863705F726571756573745F73656C00B4
:1007000072785F646863705F636C69656E74000023
:1007100072785F697000000072785F61727000002B
:100720006D675F74637069705F72780074785F647E
:100730006863705F726571756573745F72650000E0
:100740006F6E73746174656368616E676500000045
:1007500074785F646863705F646973636F766572F1
:10076000000000006D675F74637069705F706F6C8C
:100770006C0000006D675F6D67725F706F6C6C007E
:100780006D675F77735F6362000000006D675F6392
:100790006F6E6E6563745F7265736F6C766564000F
:1007A0006D675F74637069705F696E6974000000E3
:1007B000736574746D6F75740000000074785F74F5
:1007C000637000007472696D5F6C656E00000000FC
:1007D0006D675F6D67725F696E6974006D675F6CEE
:1007E000697374656E0000006D675F77735F736592
:1007F0006E6400006D6F6E676F6F73655F73657415
:100800005F687474705F68616E646C657273000019
:100810006D675F636F6E6E65637400006D675F6325
:100820006C6F73655F636F6E6E0000006D675F696C
:100830006F6275665F726573697A65007572695F6C
:10084000746F5F70617468320000000068747470C7
:100850005F6362006D675F6F74615F666C61736890
:100860005F656E64000000006D675F6F74615F66B6
:100870006C6173685F777269746500006D675F6FA4
:1008800074615F666C6173685F626567696E0000C2
:100890006D675F6572726F7200000000646E735F57
:1008A000636200006D675F73656E646E737265717D
:1008B000000000006D675F646E735F706172736546
:1008C000000000006D675F746C735F73656E640099
:1008D00042616C6C6F632073756363656564656406
:1008E000000000002F646174612F6A656E6B696E91
:1008F000732F776F726B73706163652F474E552D41
:10090000746F6F6C636861696E2F61726D2D313128
:100910002F7372632F6E65776C69622D63796777C9
:10092000696E2F6E65776C69622F6C6962632F73D5
:1009300074646C69622F6764746F612D6765746895
:1009400065782E6300000000000000000000000039
:100950000000000000000000000000000000000097
:100960000000000000000000000000000000000087
:1009700000000000000000001011121314151617DB
:100980001819000000000000001A1B1C1D1E1F008B
:100990000000000000000000000000000000000057
:1009A0000000000000000000001A1B1C1D1E1F009C
:1009B0000000000000000000000000000000000037
:1009C0000000000000000000000000000000000027
:1009D0000000000000000000000000000000000017
:1009E0000000000000000000000000000000000007
:1009F00000000000000000000000000000000000F7
:100A000000000000000000000000000000000000E6
:100A100000000000000000000000000000000000D6
:100A200000000000000000000000000000000000C6
:100A300000000000000000000000000000000000B6
:100A400000000000000000002F646174612F6A65DF
:100A50006E6B696E732F776F726B73706163652F46
:100A6000474E552D746F6F6C636861696E2F6172AC
:100A70006D2D31312F7372632F6E65776C69622D26
:100A800063796777696E2F6E65776C69622F6C6921
:100A900062632F7374646C69622F6D707265632E6C
:100AA0006300000030313233343536373839616213
:100AB000636465666768696A6B6C6D6E6F7071728E
:100AC000737475767778797A000000000020202012
:100AD00020202020202028282828282020202020EE
:100AE00020202020202020202020202020881010BE
:100AF000101010101010101010101010100404041A
:100B000004040404040404101010101010104141D7
:100B100041414141010101010101010101010101C5
:100B200001010101010101011010101010104242D9
:100B30004242424202020202020202020202020295
:100B40000202020202020202101010102000000035
:100B50000000000000000000000000000000000095
:100B60000000000000000000000000000000000085
:100B70000000000000000000000000000000000075
:100B80000000000000000000000000000000000065
:100B90000000000000000000000000000000000055
:100BA0000000000000000000000000000000000045
:100BB0000000000000000000000000000000000035
:100BC0000000000000000000000000000000000025
:100BD000496E66696E697479000000004E614E00CE
:100BE0002F646174612F6A656E6B696E732F776F06
:100BF000726B73706163652F474E552D746F6F6C08
:100C0000636861696E2F61726D2D31312F7372636C
:100C10002F6E65776C69622D63796777696E2F6EC9
:100C200065776C69622F6C6962632F7374646C6999
:100C3000622F64746F612E63000000006E66000016
:100C4000696E697479000000616E0000494E4600CB
:100C50004E414E00286E756C6C29000041DB01008E
:100C60002020202020202020202020202020202084
:100C70002020202020202020202020202020202074
:100C8000FFFFFFFFFFFF0000000000006410B71D22
:100C9000C8206E3BAC30D9269041DC76F4516B6BAA
:100CA0005861B24D3C7105502083B8ED44930FF06C
:100CB000E8A3D6D68CB361CBB0C2649BD4D2D38622
:100CC00078E20AA01CF2BDBD08200001FFFFFFFF73
:100CD000FFFFFFFFFFFFFFFF00000000000000001C
:100CE0000000000001000000FFFFFFFF512563FC32
:100CF000C2CAB9F3849E17A7ADFAE6BCFFFFFFFF97
:100D0000FFFFFFFF00000000FFFFFFFF96C298D823
:100D10004539A1F4A033EB2D817D0377F240A46324
:100D2000E5E6BCF847422CE1F2D1176BF551BF372D
:100D30006840B6CBCE5E316B5733CE2B169E0F7C00
:100D40004AEBE78E9B7F1AFEE242E34F4B60D227CD
:100D50003E3CCE3BF6B053CCB0061D65BC869876C3
:100D600055BDEBB3E7933AAAD835C65AD91201005C
:100D7000A1060100B50801006D030100000000425A
:100D8000C8801F40B8821F400800000000000042D9
:100D9000C4801F40B4821F400400000000C0004215
:100DA00024801F4014821F401000000000C0004239
:100DB00028801F4018821F402000000000C0004211
:100DC0002C801F401C821F404000000000C00042D9
:100DD00034801F4024821F40000100000040004278
:100DE00064811F4054831F40000400000040004203
:100DF00080811F4070831F400000020000400042BD
:100E00007C811F406C831F400000010000400042B5
:100E100068811F4058831F400008000000400042C6
:100E20003C811F402C831F40010000000040004215
:100E300044811F4034831F400400000000400042F2
:100E400040811F4030831F400200000000400042EC
:100E500048811F4038831F40080000000000004206
:100E600004811F40F4821F40000004000000004283
:100E700008811F40F8821F40000008000000004267
:100E800018811F4008831F400000800000000042BE
:100E900014811F4004831F400000400000000042F6
:100EA00000811F40F0821F4000000200000000424D
:100EB000FC801F40EC821F40000001000000004247
:100EC00024811F4014831F400000000400000042E2
:100ED00028811F4018831F400000000800000042C6
:100EE0001C811F400C831F400000000100000042D5
:100EF00020811F4010831F400000000200000042BC
:100F0000EC801F40DC821F40001000000000004207
:100F1000F0801F40E0821F400020000000000042DF
:100F200034811F4024831F40000000400000004225
:100F300038811F4028831F4000000080008000424D
:100F400094801F4084821F400000040000C00042C3
:100F500090801F4080821F4000000080008000427F
:100F6000A8801F4098821F4000008000008000423F
:100F7000A4801F4094821F400000400000400042B7
:100F80006C811F405C831F400010000000C00042C5
:100F900030801F4020821F4080000000004000423F
:100FA000B0811F40A0831F4000000020004000428D
:100FB000AC811F409C831F40000000100040004295
:100FC00084811F4074831F400000040000400042E1
:100FD00088811F4078831F40000008000000004205
:100FE0002C811F401C831F400000001000000042A5
:100FF00030811F4020831F4000000020000000427D
:101000000C811F40FC821F400000100000000042C5
:1010100010811F4000831F4000002000008000421C
:10102000C8811F40B8831F4000800000008000423C
:10103000C4811F40B4831F40004000000080004274
:10104000C0811F40B0831F4000200000008000428C
:10105000BC811F40AC831F40001000000080004294
:10106000D0811F40C0831F4000000200008000426A
:10107000CC811F40BC831F400000010000C0004223
:1010800074801F4064821F400000000100C00042C5
:1010900080801F4070821F400000000800C0004296
:1010A00084801F4074821F400000001000C0004276
:1010B0006C801F405C821F400000400000C0004266
:1010C0007C801F406C821F400000000400C0004272
:1010D00078801F4068821F400000000200C000426C
:1010E00088801F4078821F4000000020444E53201B
:1010F00074696D656F757400556E6578706563749D
:10110000656420444E5320726573706F6E73653A48
:1011100000000000256C7520257320697320254D83
:1011200000000000257320444E53206C6F6F6B75D8
:1011300070206661696C656400000000256C752094
:10114000616C7265616479207265736F6C76656439
:1011500000000000737472617920444E5320726560
:10116000706C7900444E53206572726F72000000FB
:10117000310000002F6170692F0000003500000071
:10118000CEFBFFFFCB0300000100000000000000C9
:1011900034000000CEFBFFFFCB0300000100000085
:1011A0000000000025732073697A6520256C752C7A
:1011B000206F6B3A202564006374783A20257020F4
:1011C00025702F256C7500006C69625C6D6F6E6711
:1011D0006F6F73655C6D6F6E676F6F73655F676C64
:1011E00075652E63000000005061737365642070A4
:1011F0006172616D65746572733A205B252E2A7386
:101200005D000000746578742F706C61696E3B201E
:10121000636861727365743D7574662D38000000F3
:10122000544C532072656376206572726F720000B1
:10123000726573706F6E73650000000048545450FF
:101240002070617273652C20256C7520627974653D
:1012500073000000256C7520646574616368696EB5
:101260006720485454502068616E646C65720000B9
:101270006368756E6B656400496E76616C696420A5
:101280005472616E736665722D456E636F64696E2C
:1012900067000000436F6E74656E742D6C656E6739
:1012A00074680000436F6E74656E74206C656E67C1
:1012B0007468206D697373696E672066726F6D2044
:1012C00025730000496E76616C6964206368756EF1
:1012D0006B000000436F6E6E656374696F6E000093
:1012E000636C6F736500000075706C6F6164000063
:1012F0006F7461002F6170692F2A2F230000000096
:1013000066696C653A205B25735D2073697A653A7E
:1013100020256C752066703A2025700046696C6542
:10132000206F70656E206572726F720A0000000097
:10133000436F6E74656E742D547970653A206170D8
:10134000706C69636174696F6E2F6A736F6E0D0ADA
:1013500043616368652D436F6E74726F6C3A206EE3
:101360006F2D63616368650D0A0000002F6170696D
:101370002F6F6B00747275650A0000002F7765622D
:10138000736F636B657400002F6170692F6865610E
:1013900072746265617400007B256D3A256C757D01
:1013A0000A00000076657273696F6E006F626A658D
:1013B000637400006461746100000000242E2573D2
:1013C000000000007B254D7D0A0000006172726103
:1013D0007900000073746172740000007B256D3A1F
:1013E000256C6C752C20256D3A256C6C752C202590
:1013F0006D3A5B254D5D7D0A0000000073697A65DA
:1014000000000000616374696F6E0000637573749F
:101410006F6D00004150492074797065202573205C
:10142000756E6B6E6F776E0A000000002F77656235
:101430005F726F6F742F0000256C7520252E2A7344
:1014400020252E2A7320256C75202D3E20252E2A3E
:101450007320256C750000002D2D2D2D2D42454744
:10146000494E2043455254494649434154452D2D48
:101470002D2D2D0A4D4949424D544342326141447C
:101480004167454341676B416C75716B6765755684
:101490002F7A5577436759494B6F5A497A6A3045D5
:1014A00041774977457A45524D4138474131554555
:1014B000417777490A545739755A3239766332552C
:1014C000774868634E4D6A51774E5441334D5451BD
:1014D0007A4E7A4D325768634E4D7A51774E544169
:1014E000314D54517A4E7A4D32576A41524D5138EE
:1014F00077445159440A5651514444415A7A5A58F2
:101500004A325A5849775754415442676371686B5D
:101510006A4F5051494242676771686B6A4F505138
:101520004D4242774E434141536F336F4569472BDC
:101530004275547435790A5A527966774E7230433F
:101540002B53502B344D3052473270596B623276E8
:101550002B69766270666937324E486B6D58694602
:101560002F6B62485874676D53726E2F50655471BB
:101570006941384D2B6D670A4268596A44582B7A85
:101580006F786777466A415542674E5648524545DF
:101590004454414C67676C7362324E6862476876A8
:1015A00063335177436759494B6F5A497A6A3045DB
:1015B00041774944527741770A5241496754585715
:1015C000394D49545153777A71624E547855556468
:1015D00074394463422B387050555462575A7069BD
:1015E0005863413236474D594349426959772B4434
:1015F00053464D4C486D6B48460A2B3555334E5873
:1016000057336756434C4E396E74443544417838ED
:101610004C54473873420A2D2D2D2D2D454E442014
:1016200043455254494649434154452D2D2D2D2DB6
:101630000A0000002D2D2D2D2D424547494E2045F5
:10164000432050524956415445204B45592D2D2D8C
:101650002D2D0A4D48634341514545494156646F1C
:1016600038554153637847376A69754E5932555A30
:1016700045534E582F4B504838714A307530674F9C
:101680004D4D73417A59576F416F474343714753EB
:101690004D34390A417745486F55514451674145AA
:1016A000714E364249687667626B3765636D556384
:1016B0006E3844613941766B6A2F75444E455274D9
:1016C00071574A4739722F6F723236583475396AFA
:1016D00052354A6C0A3468663547783137594A6B57
:1016E00071352F7A336B366F67504450706F4159A4
:1016F000574977312F73773D3D0A2D2D2D2D2D45DF
:101700004E442045432050524956415445204B45B4
:10171000592D2D2D2D2D0A000D0A2A2A2A20554437
:1017200050204D616368696E6520436F6D6D732055
:101730006C6F737420666F7220000000732C20732E
:10174000657474696E6720616C6C206F7574707558
:101750007473204F464621202D204E6F726D616CB0
:1017600020696620414F47206973206E6F74207294
:10177000756E6E696E67207769746820612066698E
:10178000656C64206F70656E2E202A2A2A00000086
:101790000D0A2A2A20554450204D616368696E6500
:1017A00020436F6D6D73206C6F737420666F7220B1
:1017B0003273202A2A0D0A006C6F63616C686F73A4
:1017C00074000000256C7520256C6420636C6F73B9
:1017D000656400006E756C6C2075726C0000000012
:1017E000256C7520254D202D3E20254D0000000044
:1017F000256C7520415250206C6F6F6B75702E2ECA
:101800002E000000550403005504060055040A008C
:1018100055040B0025733A20434E3D252E2A732C88
:1018200020433D252E2A732C204F3D252E2A732C34
:10183000204F553D252E2A7300000000476F74206D
:10184000257520616E73776572732C2069676E6FE2
:1018500072696E67206265796F6E642031307468DA
:10186000206F6E6500000000696E66002D696E666F
:10187000000000006E616E00256C7520256C6420F0
:1018800025730000417574686F72697A6174696FBD
:101890006E3A20426173696320000000256C752058
:1018A0006F6F6D2025642D3E2564200022256C6C11
:1018B000642E256C6C642200485454502F000000A4
:1018C000436F6E74656E742D4C656E6774680000AE
:1018D0003230340050555400504F53540000000033
:1018E000485454502F312E312025642025730D0A81
:1018F0002573436F6E74656E742D4C656E677468E6
:101900003A2020202020202020202020200D0A0DF9
:101910000A000000252D31306C75000045786365A4
:101920006564656420706174682073697A6500007D
:10193000496E76616C696420706174680000000013
:10194000256C7520252E2A73202D3E2025732025F9
:1019500064000000485454502F312E312033303170
:10196000204D6F7665640D0A4C6F636174696F6E0C
:101970003A20252E2A732F0D0A436F6E74656E74FC
:101980002D4C656E6774683A20300D0A0D0A000010
:101990002F696E6465782E68746D6C002F696E64B3
:1019A00065782E7368746D6C000000002F696E649A
:1019B00065782E68746D6C2E677A0000466F7262CF
:1019C000696464656E0A00004F4B000052657175D2
:1019D00065737465642052616E6765204E6F742074
:1019E0005361746973666961626C650050617274F9
:1019F00069616C20436F6E74656E7400436F6E7422
:101A0000656E742D456E636F64696E673A20677A00
:101A100069700D0A000000004163636570742D4514
:101A20006E636F64696E670025732E677A0000002D
:101A300049662D4E6F6E652D4D6174636800000020
:101A400052616E676500000062797465733D000045
:101A5000436F6E74656E742D52616E67653A2062D5
:101A600079746573202A2F256C6C640D0A000000C0
:101A7000436F6E74656E742D52616E67653A2062B5
:101A80007974657320256C6C752D256C6C752F250C
:101A90006C6C750D0A000000485454502F312E31E3
:101AA0002025642025730D0A436F6E74656E742DB6
:101AB000547970653A20252E2A730D0A45746167A2
:101AC0003A2025730D0A436F6E74656E742D4C6554
:101AD0006E6774683A20256C6C750D0A2573257342
:101AE00025730D0A00000000484541440000000035
:101AF0004E6F7420666F756E640A00005353492060
:101B00006E6F7420656E61626C656400256C6C6438
:101B10002D3E256C6C640000747275650000000039
:101B20006E756C6C0000000066616C7365000000EF
:101B30007564703A000000004F4F4D20257300007F
:101B40003031323334353637383961626364656633
:101B500000000000252D366C6C6420256420257360
:101B60003A25643A257300004472697665723A201A
:101B7000696D7872742C204D41433A20254D000048
:101B80007564703A2F2F382E382E382E383A353368
:101B9000000000007564703A2F2F5B323030313A0C
:101BA000343836303A343836303A3A383838385DA6
:101BB0003A3533004E6574776F726B206973206419
:101BC0006F776E004448435020646973636F766595
:101BD000722073656E742E204F7572204D41433A0A
:101BE00020254D004152502074696D656F75740059
:101BF000256C752061636B20257820257800000016
:101C0000436F6E6E656374696F6E2074696D656F86
:101C100075740000256C75206B656570616C697664
:101C200065000000256C75202E2E20256325632578
:101C3000632563256320256C7520256C75000000E5
:101C4000747820657272000035010137020103FFCC
:101C5000000000005377617070696E6720706172D8
:101C6000746974696F6E732C2073697A65202575A9
:101C70002028257520736563746F72732900000036
:101C8000446F204E4F5420706F776572206F6666E8
:101C90002E2E2E004F544120616C726561647920B4
:101CA000696E2070726F67726573732E2043616C6A
:101CB0006C206D675F6F74615F656E64282900003A
:101CC000465720256C752062797465732C206D61F0
:101CD0007820256C750000005374617274696E671A
:101CE000204F54412C206669726D776172652073B4
:101CF000697A6520256C75004669726D7761726539
:101D000020256C7520697320746F6F2062696720CD
:101D1000746F2066697420256C75000046696E69D1
:101D20007368696E67204F54413A202573000000A4
:101D30004352433A2025782F25782C2073697A6501
:101D40003A20256C752F256C752C20737461747581
:101D5000733A2025730000004F5441206973206EB0
:101D60006F7420737461727465642C2063616C6C91
:101D7000206D675F6F74615F626567696E28290017
:101D800025237820257020256C75202D3E20256484
:101D900000000000232D2D2D2D2D424547494E20BA
:101DA000232D2D2D2D2D232D2D2D2D2D454E442034
:101DB000232D2D2D2D2D2300080C0A0D095C22004A
:101DC00062666E72745C22004B535A3878000000D1
:101DD00044503833383637004450383338343800BC
:101DE00044503833383235004450383378000000DE
:101DF0004C414E383778000052544C383230310064
:101E0000756E6B6E6F776E005048592049443A20CA
:101E10002523303478202523303478202825732951
:101E2000000000005B25783A25783A25783A257835
:101E30003A25783A25783A25783A25785D000000E9
:101E4000254D3A2568750000253032783A25303224
:101E5000783A253032783A253032783A253032785F
:101E60003A25303278000000444E53207365727674
:101E700065722055524C206973204E554C4C2E20D3
:101E800043616C6C206D675F6D67725F696E69742A
:101E9000282900007265736F6C766572000000007F
:101EA0007265736F6C7665204F4F4D00256C752001
:101EB0007265736F6C76696E6720252E2A732040D9
:101EC0002025732C2074786E6964202568750000C5
:101ED000444E532073656E64000000006E657420EC
:101EE000646F776E000000007374696C6C2072651B
:101EF000736F6C76696E672E2E2E0000982F8A42C3
:101F000091443771CFFBC0B5A5DBB5E95BC256394B
:101F1000F111F159A4823F92D55E1CAB98AA07D863
:101F2000015B8312BE853124C37D0C55745DBE7286
:101F3000FEB1DE80A706DC9B74F19BC1C1699BE406
:101F40008647BEEFC69DC10FCCA10C246F2CE92D96
:101F5000AA84744ADCA9B05CDA88F97652513E98BA
:101F60006DC631A8C82703B0C77F59BFF30BE0C6C1
:101F70004791A7D55163CA0667292914850AB7274F
:101F800038211B2EFC6D2C4D130D385354730A65EC
:101F9000BB0A6A762EC9C281852C7292A1E8BFA2C3
:101FA0004B661AA8708B4BC2A3516CC719E892D12B
:101FB000240699D685350EF470A06A1016C1A419AE
:101FC000086C371E4C774827B5BCB034B30C1C39AD
:101FD0004AAAD84E4FCA9C5BF36F2E68EE828F746C
:101FE0006F63A5781478C8840802C78CFAFFBE9086
:101FF000EB6C50A4F7A3F9BEF27871C666756C6CF1
:102000000000000068616C66000000004C696E6BA7
:102010002069732025754D2025732D6475706C65BE
:10202000780000004672616D6520746F6F206269F0
:10203000672C20256C6400004E6F2064657363720A
:102040006970746F727320617661696C61626C652E
:10205000000000004D4143206E6F74207365742EA4
:102060002047656E6572617465642072616E646F8D
:102070006D3A20254D0000006D697000647269762C
:10208000657220696E6974206661696C6564000020
:102090004152503A2074656C6C20254D207765279D
:1020A000726520254D000000256C7520415250209E
:1020B0007265736F6C76656420254D202D3E20255A
:1020C0004D00000052656365697665642066726143
:1020D000676D656E746564207061636B6574000084
:1020E00055445020254D3A256875202D3E20254D1C
:1020F0003A256875206C656E202575004C65617306
:10210000653A202575207365632028256C6C642949
:10211000000000006D61785F726563765F627566CE
:102120005F73697A652072656163686564000000A9
:1021300054435020254D3A256875202D3E20254DCD
:102140003A256875206C656E20257500706565728E
:10215000205253540000000069676E6F72696E6709
:10216000206475706C696361746520706B74000025
:1021700053455120213D2041434B3A2025782025CD
:102180007820257800000000256C752053455120EB
:102190002578202D3E20257800000000256C752034
:1021A000696D6D2041434B20256C7500256C7520B1
:1021B000616363657074656420254D00556E6B6EB8
:1021C0006F776E20657468207479706520257800BB
:1021D000544C5320312E332C207365727665722057
:1021E0004365727469666963617465566572696690
:1021F00079000000544C5320312E332C20636C693D
:10220000656E7420436572746966696361746556AE
:102210006572696679000000746C7320616C657288
:102220007420256400000000676F74207061636B88
:1022300065742074797065203078253032782F30BD
:1022400078253032780000006E6F7420612073654D
:10225000727665722068656C6C6F207061636B6567
:1022600074000000626164206B65792065786368A2
:10227000616E67652067726F75700000626164202F
:102280006B65792065786368616E6765206C656E43
:10229000677468006320783235353139207365639F
:1022A00000000000626164207365727665722068C8
:1022B000656C6C6F00000000657870656374656420
:1022C0002073657276657220657874656E73696FC8
:1022D0006E732062757420676F74206D7367203091
:1022E0007825303278000000676F7420636572745F
:1022F00069666963617465207265717565737400E0
:1023000065787065637465642073657276657220A4
:1023100063657274696669636174652062757420AF
:10232000676F74206D736720307825303278000035
:102330006365727469666963617465206C6973743E
:1023400020746F6F2073686F7274000066756C6C18
:1023500020636861696E206C656E6774683A202539
:10236000642C20636861696E206C656E6774683ADE
:102370002025640063657274696669636174652011
:10238000636861696E206C656E677468206D69733F
:102390006D617463680000006661696C6564207437
:1023A0006F207061727365204341206365727469A8
:1023B00066696361746500004341207365726961F9
:1023C0006C3A20254D00000063657274696669638C
:1023D00061746520657874656E73696F6E732061D2
:1023E0007265206E6F7420737570706F727465649F
:1023F000000000006661696C656420746F20706184
:1024000072736520636572746966696361746500DF
:10241000551D11006661696C656420746F207061E0
:10242000727365206365727469666963617465209F
:10243000746F20657874726163742053414E00009C
:102440006365727469666963617465207375626A35
:1024500065637420616C7465726E61746976652061
:102460006E616D6573206973206E6F7420612063E7
:102470006F6E7374727563746564206F626A6563EE
:10248000740000006661696C656420746F20766575
:102490007269667920686F73746E616D6500000003
:1024A0006661696C656420746F207665726966790F
:1024B000206365727469666963617465206368612D
:1024C000696E0000746F6F206D616E7920636572B4
:1024D00074696669636174657320696E20746865E8
:1024E00020636861696E00006661696C65642074D0
:1024F0006F207665726966792043410043412077F9
:102500006173206E6F7420696E2074686520636843
:1025100061696E2C206275742076657269666963E4
:102520006174696F6E2077697468206275696C7474
:10253000696E204341207061737365640000000080
:102540006578706563746564207365727665722062
:102550006365727469666963617465207665726922
:1025600066792062757420676F74206D7367203000
:1025700078253032780000007365727665722063CA
:1025800065727469666963617465207665726966EF
:102590007920697320746F6F2073686F72743A20AA
:1025A000256420627974657300000000696E7661AD
:1025B0006C696420636572747665726966792073EC
:1025C00069676E6174757265206C656E6774683AD0
:1025D0002025642C2065787065637465642025640B
:1025E0000000000063657274696669636174652048
:1025F000766572696669636174696F6E2C20616CBF
:10260000676F3D253034782C207369676C656E3DAB
:1026100025640000696E76616C6964207075626C77
:102620006963206B657900006661696C656420747C
:102630006F20766572696679205253412063657216
:102640007469666963617465202863657274766570
:10265000726966792900000063657274696669634E
:1026600061746520766572696669636174696F6E0D
:10267000207375636365737366756C2028525341CC
:1026800029000000766572696669636174696F6E1E
:10269000206D657373616765206973206E6F7420A8
:1026A000616E2041534E2E31204445522073657196
:1026B00075656E63650000006D697373696E6720F0
:1026C00066697273742070617274206F662074681A
:1026D00065207369676E6174757265006D697373E7
:1026E000696E67207365636F6E6420706172742019
:1026F0006F6620746865207369676E6174757265B2
:10270000000000006661696C656420746F20766566
:1027100072696679204543206365727469666963EE
:1027200061746520286365727476657269667929BB
:1027300000000000636572746966696361746520F6
:10274000766572696669636174696F6E207375631B
:102750006365737366756C2028454329000000008B
:10276000756E737570706F727465642063657274D2
:10277000766572696679207369676E6174757265D2
:1027800020736368656D653A202578206F66202583
:10279000642062797465730065787065637465643C
:1027A000207365727665722066696E697368656408
:1027B0002062757420676F74206D736720307825F0
:1027C00030327800756E6578706563746564206377
:1027D0006C69656E742073746174653A20256400B9
:1027E000544C53204F4F4D00746C7331332064654B
:1027F0007269766564000000746C73313320732055
:10280000617020747261666669630000746C733174
:1028100033206B6579000000746C73313320697666
:1028200000000000746C73313320632061702074E9
:102830007261666669630000732061702074726162
:10284000666669630000000025733A20254D00008C
:1028500073206B657900000073206976000000002A
:10286000732066696E697368656400006320617037
:1028700020747261666669630000000063206B6506
:10288000790000006320697600000000632066691B
:102890006E697368656400006873207365637265B0
:1028A0007400000068656C6C6F20686173680000DC
:1028B000746C7331332073206873207472616666A0
:1028C00069630000746C7331332063206873207473
:1028D0007261666669630000746C733133206669E7
:1028E0006E69736865640000732068732074726198
:1028F000666669630000000063206873207472617B
:102900006666696300000000746C73206F6F6D0071
:10291000686F73746E616D6520746F6F206C6F6E7D
:10292000670000004345525449464943415445001D
:102930004661696C656420746F206C6F616420630C
:102940006572746966696361746500004E6F206327
:10295000657274696669636174652070726F766907
:1029600064656400436572746966696361746520B7
:1029700070726F766964656420776974686F7574C6
:1029800020612070726976617465206B6579000042
:1029900045432050524956415445204B455900006B
:1029A00045432070726976617465206B6579207487
:1029B0006F6F2073686F72740000000045432070D1
:1029C000726976617465206B65793A2041534E2EA9
:1029D00031206261642073657175656E6365000006
:1029E00002010104200000004543207072697661F5
:1029F0007465206B65793A2041534E2E3120626117
:102A0000642064617461000050524956415445206D
:102A10004B455900504B43533820707269766174AE
:102A200065206B657920666F726D61742069732013
:102A30006E6F7420737570706F727465640000003F
:102A4000457870656374656420454320505249564B
:102A5000415445204B4559206F72205052495641F0
:102A60005445204B455900006365727420732F6EE6
:102A70003A20254D0000000073696720616C676F84
:102A800020286F6964293A20254D00002A8648CE07
:102A90003D0403020000000073696720616C676FEA
:102AA0003A20454344534120776974682053484194
:102AB000323536002A864886F70D01010B000000EA
:102AC00073696720616C676F3A20525341207769C0
:102AD0007468205348413235360000002A8648CEBB
:102AE0003D0403030000000073696720616C676F99
:102AF0003A20454344534120776974682053484144
:102B0000333834002A864886F70D01010C00000096
:102B100073696720616C676F3A205253412077696F
:102B200074682053484133383400000073696720CB
:102B3000616C676F3A20756E737570706F72746533
:102B400064204F49443A20254D00000074627320F0
:102B5000686173683A20254D000000006973737541
:102B60006572000032353031303130303030303045
:102B70005A000000696E76616C69642076616C6948
:102B8000646974792064617465733A206265666F64
:102B900072653D254D2061667465723D254D0000CE
:102BA0007375626A65637400706B20616C676F2077
:102BB000286F6964293A20254D0000002A8648CEF6
:102BC0003D03010700000000706B20616C676F3AE5
:102BD000204543445341207365637032353672316A
:102BE000000000002A8648CE3D03010800000000D6
:102BF000706B20616C676F3A2045434453412073EA
:102C00006563703338347231000000002A8648CE84
:102C10003D020100706B20616C676F3A20454320D4
:102C20007075626C6963206B657900002A8648863E
:102C3000F70D010101000000706B20616C676F3AB5
:102C40002052534100000000756E737570706F72F2
:102C500074656420706B20616C676F3A20254D00AD
:102C60007369673A20254D00544C5320414C45521E
:102C700054207061636B6574207265636569766565
:102C800064000000756E657870656374656420701B
:102C900061636B657400000077726F6E6720736903
:102CA0007A650000256C7520256C6420256C6420F5
:102CB000256C642025632025630000006E6F74205E
:102CC0006120636C69656E742068656C6C6F207040
:102CD00061636B65740000006261642073657373E7
:102CE000696F6E206964206C656E0000626164200B
:102CF000636C69656E742068656C6C6F0000000021
:102D0000524E470073207832353531392073656370
:102D10000000000065787065637465642046696E24
:102D20006973682062757420676F74206D73672003
:102D30003078253032780000756E65787065637480
:102D40006564207365727665722073746174653A88
:102D500020256400746C732063657274206F6F6D3E
:102D600000000000636572742076657269666963AD
:102D70006174696F6E206572726F720069676E6F41
:102D80007265207365637033383620666F72206E0B
:102D90006F770000756E737570706F727465642064
:102DA0007075626C6963206B6579206C656E677401
:102DB000683A2025640000002F7765625F726F6FAC
:102DC000742F696E6465782E68746D6C2E677A0056
:102DD0007773733A0000000068747470733A0000EF
:102DE0006D717474733A000073736C3A00000000E4
:102DF000746C733A00000000746370733A00000052
:102E0000687474703A0000006D7174743A000000C8
:102E1000575320504F4E4700256C75205753204381
:102E20004C4F534500000000756E6B6E6F776E203F
:102E30005753206F70202564000000006E6F7420CF
:102E400068747470000000003130310077732068BE
:102E5000616E647368616B65206572726F720000E9
:102E60005753206F75743A202564205B252E2A73F2
:102E70005D0000005365632D576562536F636B659A
:102E8000742D4B657900000057532075706772618F
:102E900064652065787065637465640A00000000ED
:102EA0005365632D576562536F636B65742D507264
:102EB0006F746F636F6C00003235384541464135A1
:102EC0002D453931342D343744412D393543412D89
:102ED000433541423044433835423131000000002F
:102EE000485454502F312E312031303120537769DE
:102EF000746368696E672050726F746F636F6C7370
:102F00000D0A557067726164653A20776562736F68
:102F1000636B65740D0A436F6E6E656374696F6EE3
:102F20003A20557067726164650D0A5365632D57C9
:102F30006562536F636B65742D4163636570743AAA
:102F40002025730D0A0000005365632D57656253F9
:102F50006F636B65742D50726F746F636F6C3A2082
:102F6000252E2A730D0A00005374617274696E670E
:102F70002048545450206C697374656E657200006B
:102F8000687474703A2F2F302E302E302E303A382D
:102F9000300000004D6F6E676F6F736520696E695A
:102FA0007420636F6D706C65746500004E6F204116
:102FB00050492077697468206E616D65205B2573C8
:102FC0005D00000053657474696E67205B25735D56
:102FD000206661696C65643A206E6F7420696D705B
:102FE0006C656D656E746564000000005245414477
:102FF000592C2049503A20254D0000002020202047
:1030000020202047573A20254D0000002020202076
:1030100020204D41433A20254D000000476F742089
:10302000495000004C696E6B207570004C696E6BE6
:1030300020646F776E00000005000000190000009A
:103040007D00000007080C0B06050F000D0E0102A5
:10305000838407080C0B06050F000D0E0102838404
:10306000FFFFFFFFFFFFFFFFFFFF8182090A000054
:103070007B254D7D00000000256700002573256D30
:103080003A000000696E7400646F75626C65000040
:10309000626F6F6C00000000737472696E670000ED
:1030A000256D00000101000401000004013201014E
:1030B000013202010110010101110101011201029D
:1030C00001030206010301060112020202000001CF
:1030D00002020001020100010210000102220001AF
:1030E0000223000100000000000000000221000196
:1030F000022000010000000000000000013001017A
:10310000013101010102000401030004000000007C
:103110000000000001210201012101010000000066
:10312000000000000000000001100201000000008B
:103130000000000001130106011302060000000058
:10314000000000000000000000000000010102017A
:10315000010101010100020101000101010202015E
:10316000010201010000000000000000000000005A
:103170000123020100000000000000000120010105
:10318000D4460120B446012090460120F446012097
:10319000C83F0020040000000C610020180000005F
:1031A00028610020030000000C61002018000000CE
:1031B0002C61002003000000306100201700000097
:1031C00048610020020000004C6100201E00000049
:1031D0006C610020030000004C6100201E00000014
:1031E00070610020030000007461002009000000ED
:1031F00080610020030000008461002009000000BD
:103200009061002003000000946100200A0000008B
:10321000A061002004000000946100200A0000006A
:10322000A861002004000000B06100200900000037
:10323000BC61002003000000C06100200800000005
:10324000CC61002003000000D06100200D000000D0
:10325000E061002003000000283800201900000071
:10326000E461002003000000E86100200F0000007E
:10327000F861002003000000FC610020080000004D
:1032800008620020030000000C6200201200000011
:1032900020620020030000002462002018000000CB
:1032A000F0620020020000004062002010000000D8
:1032B0005462002003000000586200200C0000004F
:1032C000746200200400000068620020100000000A
:1032D0007C62002003000000806200200F000000DC
:1032E0009062002003000000946200200A000000A9
:1032F000A062002003000000A4620020090000007A
:10330000B062002004000000B86200200A00000043
:10331000D062002003000000C46200200F00000003
:10332000D4620020050000000C610020180000009D
:10333000DC62002003000000E062002012000000B8
:10334000F462002003000000F86200200900000081
:1033500004630020040000000C6300200A00000049
:103360002463002003000000186300200F00000009
:1033700028630020030000002C6300200A000000E6
:103380000000000000000000256C75202564202D41
:103390003E20256C6C7800000D0A0A0A2A2A2A2A87
:1033A0002A2A2A2A2A2A2A2A2A2A2A2A2A2A2A2A7D
:1033B0002A0D0A5374617274696E6720736574759F
:1033C000702E2E2E0D0A00004669726D77617265AF
:1033D0002076657273696F6E3A2000000D0A496E9F
:1033E000697469616C697A696E6720524742204C42
:1033F0004544204F75747075747300000D0A2D20BC
:1034000052474220504341393638352000000000F1
:103410000D0A2D2A204E6F20424E4F2D3038352078
:10342000696E20525643206D6F6465206465746533
:1034300063746564202A00000D0A0A424E4F2D3045
:1034400038352052564320646574656374656400A2
:103450000D0A2D207961773A2569202C2070697436
:1034600063683A2569202C20726F6C6C3A25690DCF
:103470000A0D0A000D0A0A2A204D616368696E650B
:1034800020636F6E66696720726573657420746F60
:103490002064656661756C7420286E6577204545EB
:1034A00050524F4D2076657273696F6E29202A0045
:1034B0000D0A0A4D616368696E6520636F6E666907
:1034C00067206C6F616465642066726F6D2045458E
:1034D00050524F4D00000000204F6E626F617264C9
:1034E0002053656374696F6E20436F6E74726F6CE6
:1034F0002048656C6C6F20616E64205363616E20A0
:103500007265706C7920746F204167494F2064693F
:103510007361626C65642062792073657474696E8E
:10352000672050494E323420746F2073656374698C
:103530006F6E20313620696E2041674F70656E478F
:10354000505300007265626F6F740000736574748D
:10355000696E6773000000000D0A0A456E64206FF3
:10356000662073657475702C2077616974696E6765
:1035700020666F72204750532E2E2E0D0A00000039
:103580000201010201010402030204060301010316
:10359000020C04031902031902043203027D030121
:1035A00002030102030101005057525F45544800D5
:1035B000475053005354454552000000554E555353
:1035C00045440000303132333435363738394142E2
:1035D00043444546000000006F6B00006661696C63
:1035E000000000002570206973206E6F74206F6EDC
:1035F000206120736563746F7220626F756E646101
:1036000072790000536563746F7220737461727411
:10361000696E672061742025702065726173757210
:10362000653A202573000000256C75206973206EB3
:103630006F7420616C69676E656420746F20256CFF
:1036400075000000496E76616C696420666C617378
:103650006820777269746520616464726573733A77
:1036600020257000466C617368207772697465204C
:10367000256C7520627974657320402025703A208E
:1036800025732E00436F6E74696E7565000000002F
:10369000537769746368696E672050726F746F63E3
:1036A0006F6C730050726F63657373696E670000AF
:1036B0004372656174656400416363657074656439
:1036C000000000004E6F6E2D617574686F72697432
:1036D000617469766520496E666F726D6174696F99
:1036E0006E0000004E6F20436F6E74656E740000B4
:1036F000526573657420436F6E74656E74000000CC
:103700004D756C74692D53746174757300000000FD
:10371000416C7265616479205265706F7274656482
:1037200000000000494D2055736564004D756C74B0
:1037300069706C652043686F696365730000000001
:103740004D6F766564205065726D616E656E746C48
:1037500079000000536565204F74686572000000B1
:103760004E6F74204D6F64696669656400000000E7
:103770005573652050726F787900000054656D7044
:103780006F726172792052656469726563740000BA
:103790005065726D616E656E742052656469726504
:1037A0006374000042616420526571756573740032
:1037B000556E617574686F72697A65640000000007
:1037C0005061796D656E74205265717569726564BA
:1037D00000000000466F7262696464656E0000005C
:1037E0004E6F7420466F756E640000004D657468FE
:1037F0006F64204E6F7420416C6C6F7765640000BD
:103800004E6F742041636365707461626C65000083
:1038100050726F78792041757468656E7469636160
:1038200074696F6E2052657175697265640000007D
:10383000526571756573742054696D656F75740098
:10384000436F6E666C69637400000000476F6E65BD
:10385000000000004C656E677468205265717569E0
:1038600072656400507265636F6E646974696F6E2F
:10387000204661696C6564005061796C6F616420F9
:10388000546F6F204C61726765000000526571755E
:103890006573742D55524920546F6F204C6F6E67BD
:1038A00000000000556E737570706F72746564204F
:1038B0004D656469612054797065000045787065D4
:1038C00063746174696F6E204661696C65640000A1
:1038D00049276D206120746561706F7400000000DD
:1038E0004D697364697265637465642052657175AE
:1038F00065737400556E70726F6365737361626C8B
:103900006520456E74697479000000004C6F636B2C
:10391000656400004661696C656420446570656E8D
:1039200064656E637900000055706772616465209C
:1039300052657175697265640000000050726563BC
:103940006F6E646974696F6E205265717569726516
:1039500064000000546F6F204D616E7920526571D4
:10396000756573747300000052657175657374201A
:10397000486561646572204669656C647320546FA4
:103980006F204C6172676500436F6E6E656374698A
:103990006F6E20436C6F73656420576974686F7530
:1039A0007420526573706F6E73650000556E61769A
:1039B00061696C61626C6520466F72204C6567615D
:1039C0006C20526561736F6E73000000436C696513
:1039D0006E7420436C6F73656420526571756573F6
:1039E00074000000496E7465726E616C20536572DC
:1039F000766572204572726F720000004E6F7420FF
:103A0000496D706C656D656E74656400426164201B
:103A100047617465776179005365727669636520E3
:103A2000556E617661696C61626C650047617465B1
:103A30007761792054696D656F75740048545450EE
:103A40002056657273696F6E204E6F7420537570C7
:103A5000706F72746564000056617269616E7420E3
:103A6000416C736F204E65676F7469617465730094
:103A7000496E73756666696369656E742053746F09
:103A800072616765000000004C6F6F7020446574C0
:103A900065637465640000004E6F7420457874653A
:103AA0006E646564000000004E6574776F726B2071
:103AB00041757468656E7469636174696F6E2052D4
:103AC00065717569726564004E6574776F726B20FD
:103AD000436F6E6E6563742054696D656F757420F5
:103AE0004572726F72000000746578742F68746D8F
:103AF0006C3B20636861727365743D7574662D3824
:103B00000000000068746D0063737300746578745E
:103B10002F6373733B20636861727365743D7574C2
:103B2000662D38006A730000746578742F6A6176B8
:103B3000617363726970743B20636861727365744A
:103B40003D7574662D3800006D6A73006769660004
:103B5000696D6167652F676966000000706E6700B8
:103B6000696D6167652F706E670000006A7067009D
:103B7000696D6167652F6A70656700006A706567C7
:103B800000000000776F666600000000666F6E74CC
:103B90002F776F666600000074746600666F6E743F
:103BA0002F7474660000000073766700696D6167AA
:103BB000652F7376672B786D6C0000007478740045
:103BC00061766900766964656F2F782D6D7376690B
:103BD00064656F0063737600746578742F63737621
:103BE00000000000646F63006170706C6963617451
:103BF000696F6E2F6D73776F726400006578650072
:103C00006170706C69636174696F6E2F6F63746546
:103C1000742D73747265616D000000006170706CCA
:103C200069636174696F6E2F677A697000000000C4
:103C300069636F00696D6167652F782D69636F6EC9
:103C4000000000006170706C69636174696F6E2FB1
:103C50006A736F6E000000006D6F760076696465B0
:103C60006F2F717569636B74696D65006D703300DA
:103C7000617564696F2F6D70656700006D70340049
:103C8000766964656F2F6D70340000006D70656734
:103C900000000000766964656F2F6D706567000035
:103CA0006170706C69636174696F6E2F7064660017
:103CB0007368746D6C00000074677A006170706CDA
:103CC00069636174696F6E2F7461722D677A000089
:103CD00077617600617564696F2F77617600000007
:103CE0007765627000000000696D6167652F776518
:103CF000627000006170706C69636174696F6E2F2F
:103D00007A69700033677000766964656F2F336776
:103D1000707000006669726D776172655F757064BE
:103D20006174650073617665000000006770735F01
:103D300070617373000000006770735F73796E6366
:103D40000000000062645F697031000062645F69B6
:103D50007032000062645F697033000062645F6902
:103D6000703400006676657273696F6E0000000043
:103D70004C435F434F4C4C41544500004C435F4320
:103D800054595045000000004C435F4D4F4E455480
:103D9000415259004C435F4E554D45524943000036
:103DA0004C435F54494D45004C435F4D455353418F
:103DB000474553006C69625C6D6F6E676F6F73652A
:103DC0005C6D6F6E676F6F73652E63004D54552089
:103DD0006973206C6F776572207468616E206D69FD
:103DE0006E696D756D2C2063617070696E672074EB
:103DF0006F20256C7500000055445020646174618B
:103E00006772616D2065786365656473204D5455F4
:103E10002E205472756E636174696E672069742E0A
:103E20000000000044484350207265712073656EA5
:103E30007400000054435020254D3A256875202D0C
:103E40003E20254D3A25687520666C202578206C2B
:103E5000656E2025750000006C69625C6D6F6E6791
:103E60006F6F73655C6D6F6E676F6F73655F696DA4
:103E7000706C2E6300000000256C75206368756E01
:103E80006B3A20256C752F256C752C20256C752FB1
:103E9000256C752C206F6B3A2025640055706C6F73
:103EA0006164206572726F720A000000256C7520D3
:103EB000646F6E652C20256C7520627974657300C3
:103EC000256C75206F6B0A0000010000444301203F
:103ED0001200000000060000F42100600A0000004B
:103EE0000002000090210060620000000007000056
:103EF0002C21006062000000EE03000068460120F3
:103F000012000000000004EE4046012028000000DE
:103F100000030000282100600000000001030904E4
:103F2000102100600000000002030904F820006076
:103F300000000000030309045C48012000000000A9
:103F40000000000000000000000000001F8B0800BF
:103F5000000000000003AC7D6D77DA48D2E8E7FB93
:103F60002F409BCB48438301DB79116973124F3299
:103F7000C94CE264E3647627ACD747406334161239
:103F800091848DC7F0FCF65B2FDD2D097076F63934
:103F9000774E06B5FAB5BABAAABAAABA5A7E5E9FE1
:103FA00024E3FC6EA16AB37C1E9D3CD7BF2A989C7B
:103FB0003C9FAB3CA88D67419AA95C3ACB7CDA7AEE
:103FC000EAE8DC38982BE9DC84EA7691A4B9531B43
:103FD0002771AE62A8751B4EF2999CA89B70AC5AD3
:103FE000F4226A611CE66110B5B2711029D96D77AF
:103FF000A097288CAF6BA98AA413425BA7364BD538
:10400000543A517295B4B39B2BA7862041D93CB842
:10401000520790D15CCD236895E577913A692F17C7
:1040200051920B7ED47E34097FA4A649AAEC6B3052
:10403000CD557A3F4A56AD2CFC338CAFFC51924E95
:1040400054DA829C0DD7B92700FD7918B7F404FA29
:104050005378B6A6C13C8CEEFCEC2ECBD5BCB50C8F
:10406000452B582C22D5E20C71AEAE1255FBF25600
:104070007C4A46499E88372ABA5179380E6A676A5F
:10408000A9C48B14262BCEA0A4761EC499C8E0A781
:1040900095A9349C8A17D84DED348992B4F66A9E5E
:1040A000FC11DABEB65FCFEFE6A344F752AADF07F2
:1040B000BCA9D64C8557B3DCEFB68F6122AD3CCCA2
:1040C00023759FAB55DE0AA2F02AF6C7301195F290
:1040D0005460EACAEF3E5DACF8F5965B3EE974B019
:1040E000E56D1A2CEE216F741DE6AD258008604643
:1040F0006A9CFB7112ABFE4EC622C9602193D88721
:10410000750BF2F046611FC98D4A01E5AD650CB82B
:10411000BDB75582519644CB9CAA7011569C46C996
:10412000AD3F0B271315EB25A88D83F826C8F44A5D
:10413000743B9DFFDB37B3C3F424CC165170E78F7B
:10414000A2647CBD1F80601566FBC78DD4958A274D
:104150007B30330FD2AB10EA2EF3A48CA5A305124B
:10416000462B8C11C9F795A18BFCDA8FB684335A94
:10417000DB15F2F49E0768A53C91C7DC2F8353CB77
:1041800067F7E5A578CC4B610B4F7EBC0744213522
:10419000451AE839E02B52FD8746D52D2105A35E4F
:1041A00003A2352AD5DC621292158860A2FD513037
:1041B000BEBE4A13589BD6380A17FE22984C804937
:1041C000903BEAE11CB93A88F362563810201C0093
:1041D000D47CA519C6777CA7BF17E0A22D504FEE5F
:1041E000EA0E3C04F4268896058291B6B032B28875
:1041F000CA60FE1A145FAF07E723DEC6CB344B520A
:104200007F9184B88CD5C927D329344D16C138CCB9
:10421000EFFCF621B744E2BDD7F55BEA0600CE9885
:10422000968BE9FB7FEBD07FDD5E7F2F15F1A0AD94
:104230009528D2777BBBBC0DA3A805E232BE527E87
:104240009E02D383349AEFF6D9CF9385DFE9476A8C
:104250009AFBB4F4B33F6B5BC3DCE4B5F2605A6E17
:10426000696A5AAC6A93209BA949ED6F8F3B4F2630
:104270004F476586D9E9EF6EA7BFD5BD9583799E77
:10428000CCF77558306309018BFD88DC3F6B1EC28B
:10429000EFD460CEE1A46F66104CC265E61F0363E5
:1042A0007F1F2D7F9D3A91FB79F5855DF0E2DD4C16
:1042B0007927E76E2767A19B55C9F2F9016F39CFBE
:1042C0000F784B1C25933B78E147364EC345AEB77C
:1042D000AA79325946CA39992EE3314EACA65C25EB
:1042E00072118BC8BBFF30FA03C19AA82970C3C7EB
:1042F000345900BFDC51F1FD9502E12A6083F523BA
:10430000A1E2E55CA5C128527EBD2380C1A6E1D50E
:10431000D2BC6FBCCD4D90D6A847791525A320FA05
:104320003C0B3311CAFB8D48F12791517B11A463DB
:10433000157D52DF9661AA9E1D8D7BFD7819455231
:10434000268D86EB26D200E72AEF3E9CBA0AB6E617
:104350005AE8A52A5FA69018AA8BB65A2172B3BE56
:10436000294DBD7B1A56A650DA9F007E7355A334A3
:1043700066C7F23E9CF84AE856FEFD66D32FF52646
:104380006391B7412E446E6C3A06F06DDA2B92348D
:10439000B748BE4AD324759DD320069151036C4D76
:1043A0006A8CD7DA0F4E53359D1F1CAF9FCFD2E4D6
:1043B000B616B5C7C904D0FEFEC34F5FDEBDBA3C1A
:1043C000FBF0F9F2F5872F673F3922DA78ED545D7B
:1043D00085B055A7A5098BDCBB47B865BE117BF03E
:1043E00024134FB81D91D8A69EEB8C6FFEF8F4DA1B
:1043F00011B60FC0BD770F08A84522EC2B37B77355
:104400007252855B9C235C4F9EFCE9894AD93855E2
:1044100041AE4E515CAE72AE72B65505952E2EF978
:1044200075AB04F6E0F31C9A732940B553FC6A3A65
:1044300005DAD2E5C96EF92735D585D96EE17B3528
:104440004F7469B05B5A81592DB72A8C827C3CD35A
:10445000659FB6CA32D806023D25B58D109C53B96A
:10446000BCB78D0DCEBFF688C45291884C0462292A
:10447000C6622A16622626E2525C89B9B841A21F9A
:10448000C9E18558C90314FB6BB572077EB6BE5AE5
:10449000C7EBC5FA91B74E17B3F5551A4ED6C96D8D
:1044A000B69EC7E3759CDFAE810587E3D9C5FACF19
:1044B0002459FF1BE4D23A84D50E0E4271275FA423
:1044C0006970D70E337AF62D27DF32F58060738955
:1044D000E8912F724F0D632026F83114AF36B6C520
:1044E0007B6430D56828243490956740ABD537A0DD
:1044F000B3396844A7B3309A40E5A2E9358B0D661D
:104500003B20349C3E4CB48FA3273CB273ADEE1CD1
:10451000E0E94104E327173E90DF94DE437ECFE0DD
:104520008752C8C5B0EF83540171DD8E547C05FA03
:10453000450F4441D61EE3C0008CDC293F1CA4CCAF
:10454000B3B644F43C3FF684636084B150E625D3AF
:104550001A4C0AE54B5D2A146EC132CA51BA659EE7
:1045600005762BFF260927B58E941241443810D2C8
:104570006A1DC8F10C464F0117994024E0282524F4
:104580009D1AD92A4246140840040944D1023BF13D
:1045900073013802C10A9801C17A7979ED630F90ED
:1045A00030CF91DF815F655EC79C00999BE5E97222
:1045B0009C8396C1B042D98DCF32341C349B991F55
:1045C000424EE8B7BAF058C2FE6D40D5550C3E9247
:1045D000F64D4C6BAE132E706E5AC0FF0EE9C390B1
:1045E0008D5D8BA2FC15535C0E02BE4D1392F08EB6
:1045F0002F6366491062B6EE23AE0B4BCD30E49EBE
:10460000EDF8F27200A5F010F81336BB1E4DA56F41
:1046100029B99F3FC7926BBDF6FDBCD9F4744775AD
:10462000E9C6920A87F98567E61543863203D08B7F
:1046300046C03EE268630221E0610B90CF71FA6EE2
:104640001D7B9F0015D053D63B30CAB2BD58663390
:10465000286E34EA2F203B6D36D7EB711D881B88FE
:104660006404FAC018041ACA5A50063CDCD3C67B4C
:104670004BD6EBA9E7BE2811CC0B97E9C4928D4825
:1046800051AA1026966DD8FF7377E1F59584F42C26
:104690009CE6AED7F70C743964327A60E3D5449166
:1046A0004A3724FC7850E9067F8050511205F88380
:1046B00078F988C045F2D60519157A544D86F8DB8D
:1046C000EC8A1DE2883CF1D6A5564CEC908AB9974D
:1046D000361ADA1928B5EACBA7B7E2B0D7C03E96AA
:1046E00083617AC1049B095EF414D01C7A7E2AEAA5
:1046F00075D7D4F204C8F4A81899D2B4A098082F9A
:104700006424BEB8C85EBA9AAACBB4D128E92F39BE
:10471000E30CF0D52F8802680FEA5A82C09731CB9C
:10472000464C2ACE688F824C498230969D7EFC3C56
:104730002F53595CA1B2889A5C8320B59D123440F6
:10474000FEDB1D527E7F041BEAF5C6103940B9D945
:1047500000063D6196E924473AD26BEAF5898C64FC
:10476000A7A0859FDC2D2AE0BD85275BDE60563241
:104770006A3470CCEBF57A246E01123D01A29A8A5C
:104780006E519145459FC02F9A7416722A66800A11
:104790006C4A5CC59B0D2C1A1053A79F3E0FFB4023
:1047A000EB9EC64906E23B457C38A3248954103B66
:1047B00075C35519645A5E2B72070050DA9C09685C
:1047C000CA4C9B5E480764197043C191D97AED8049
:1047D0008E390255A592370AC136CC2B79246A8CC2
:1047E0002C94F29C7A1A9CBA25AA2B7E3CFFCECD43
:1047F0003C287D27EE8D30F3B3CD4EAD42FC977B48
:104800006F3432807874D2810E329219424B3D78E7
:104810008218875F10E303FAD5544F5CE767C856E8
:1048200052D1EB88A63D02EE0A98EE5A5D901A200E
:104830001EB030DC592B5E295CFF041AD22092E5B1
:1048400015B4A74DDDCA5319ACD701F02A24B02204
:10485000408B7954B7D180C9B8BD4640EC66C522BB
:10486000B68D4E347D07D54A83AEDFF1687F0C6587
:104870000CBB482AE366B71F9EC8CE7A9D3EB7148C
:1048800046F21C7329E1224C21D243B9ABFD3059C9
:104890006DBE1FB65A1B685CF45AF495FE777DA571
:1048A000489B1BC372ADEEC6453D7E2980BD40CC02
:1048B0002D5A2D01BDC6C331F6EA52876BD9038E3E
:1048C000640402FE0C2671DD066EAB2BE5B8D198B0
:1048D00041BB7DA4AC51EB66DCD191E7F9B0032C70
:1048E00021672CE5B2D51D40431F934D48369BBE32
:1048F0003B3E59521EBC88A291E75B46A04D0FE695
:10490000BE20C433BF4DCBFC86D0EFC109CD454995
:10491000140320A61EB901CCA92C1F2B94840324B8
:10492000ED653C87BD2847D9AE9320A0042C768E38
:10493000E48B7D866DB038510D6C346C12489584D3
:10494000DD7AFDD20D35C768FCD525354629CB4427
:1049500001AC0306700CADFE01A6F7171EC4CBD345
:10496000BBFBFD45AEB719A3AA8E7B6E8283000FF9
:10497000C4DE2664918A3BC3474210D20A8F745D1D
:104980004253682812B1150292408D75F189730760
:10499000D1B1BB7E39934E1F4ADFF39EE009829F5F
:1049A000FAE679EA7D74E306B0F958752FDAB86053
:1049B000308A1550D6AD0712B3D35F3CBFED2F8AB6
:1049C000659A90FE713D5C10A1CD2412929C2083CB
:1049D0000F6EFCD5905217EBF58DA0945C88B97CD6
:1049E0000BB39D804CAF8A7A7149CDA0085705481A
:1049F000111F75A9DFDC193F5F7282D763024BCFAD
:104A0000CA09D5A221C6EBF525141842BF32FBD73F
:104A100025F471252F3D71D498103DAE6724F2190D
:104A2000D8EB41B177ECA5A23DBA9446EA3D0B0E16
:104A30005A24DA3740E1DCBB46B444846ED8808B1C
:104A4000052B701D6F72DEF263A80CFFE79AEBEA8C
:104A500011E9984118676E8C588E81EE730F3504FA
:104A6000C85269FE929CECBCB02266D60604F0BA2D
:104A70007AFD49528BB1CFB81D839E7A1E8E22D803
:104A800037FAB7B029282D10A1F0A9848544CDE7C5
:104A90007349C8C41B7702CB03CAE29EF94F34782E
:104AA0004C37C02E7340E2DC47442FE565792C8FEC
:104AB0005666D990AD27C56489E6AEC4B250023EB1
:104AC0006A8F005700A566BD46CD8DD651E196A8E8
:104AD000F7DD429B5DAFDD3BE0A18102D562AEDC3C
:104AE000B22B853BDB787E6ED45720F962AC0FC6C3
:104AF000A4735AD8DFB073819DA8DC7A82723D70AE
:104B00003C701CB0B47C052AB72C65994DDBF218BB
:104B1000E07DD5CE5586C26510FB71D359AC9C6241
:104B2000C04F3B2A495FF94858E4CC42184894ECFE
:104B3000E8073128BD54A53DCEB2CF6867C47D15C6
:104B4000656A6FE58834F76AF5483A0E900AC98FAE
:104B50001CEDBFC843DAC21480FCC1D407E0A01E1C
:104B60006DB145D5D8831E639C39085C7854EB63DE
:104B700001287A084D0DA1493426411BA2451A7619
:104B80002FBC54E65A414DD522029DD99D09E751CB
:104B9000D7C1D580CC3C7997DCAAF414C49EEBA194
:104BA0006D0ACB9CC4AF93F132FBB024EDA7C8785B
:104BB0004B9D0EB61AB5B328845E7BB8D02609A6E5
:104BC00015483A8034022B9DDE867913F71C110FAD
:104BD000A241DC5E82D6BAF45D4C4CA034984C5EA7
:104BE000A1F7F41D3A9962057317E9E0CABF1429C9
:104BF0006D58EC1578A846B118B33C5FF80707B7B5
:104C0000B7B7EDDBC376925E1DF43A9D0E9E94011C
:104C1000DCA157C6C1C10ACFDADC376B7FE61DA025
:104C200077C52B8AB233302F1E416EE670E7845B66
:104C300072FF22B10172D9B76C5ED0D1C0C908A091
:104C4000D34974F8EA641E8CDE820DB6D2AF93E4C9
:104C5000368E9260A25FD3E4F67CC1BA2CBC8D93F1
:104C6000A8F49602BBE9E42259E05911BF11692862
:104C7000DADEB6B922664BA0A68AFD6DB347740092
:104C8000E1694D0E5275DC3180248113A1FBE111E5
:104C90007222E3FC450EF43D5AE66850F8C49EA526
:104CA0001C6181920854D7B22A90A4E5BACF25A3FB
:104CB000BEF01912A791EDAE853C884A7A1BB2C8A6
:104CC0006DAA92AE09591EFC2F27CDA65D0E787FE6
:104CD0000ED4A3C5A41569A06B901B7EA09F0836B7
:104CE0009A42053C6F4B76CE77AC9C116CB8D7E2FC
:104CF000549C8B17E2A3F8203E8BB7E28B782919DE
:104D00003C84CD0ADDBCACB67B25CF47BFDB7BDA6C
:104D10008849EEA296C64668CC4628D8C54BBDEB5E
:104D2000931CBE00756821511319C1FEB200B8B5BD
:104D300070DA5DBA97ACD64CDD1574C016C1B57487
:104D400020912758C301D27809DB74DBE6B4D9116E
:104D50002B4E250CF1D2784B6897014B6EB8C03DB5
:104D6000FB429CCBC5E07470CA3DB6E930CAC7228D
:104D70003F22A37B3C1849502E5867A10CB23370D8
:104D80000B7FE5BBD7032E98C958DDD65EBA2B71D1
:104D9000EEF96E39EF15E58959C5827A29661A3818
:104DA000F9C613A78DC6693B5B8EDC19D6630FCF9E
:104DB0000A5219FA7A815E758A24CACC3A7DCE05E8
:104DC000C21083DD3E2168D067425933F43A402255
:104DD000436FA827AE590F915429237D069E527721
:104DE0006ACBEB80A12B95FFA4D2F0464DC8CDFC39
:104DF0003A4DE6E485B38D4C2B9B411E0D4A8258FB
:104E0000BDE54CF17047EECA5446A54BCF555C99B1
:104E10006EA9F006B4948967A1FE1E540CF7ACAAE3
:104E2000E8BE678D7B5FAE5B9A6DA9FCA770621BC5
:104E300001FA78D7DE535E48DCBF04DD0A78E4F27D
:104E400001203FA9B18236BAE6770A997AEA0818B2
:104E500062DD7496CD9265343935ADBE2C26B42A08
:104E600024D01E2835B887FED6EB9C104DF47CE389
:104E7000150E9B1BF6E9DDD0FA6E1122D38FD0A45C
:104E8000D665355E7331A5AF591FE7F4AE5AA4B4A9
:104E90006F4FA26E245E80BAFAE23951A9D1575FF2
:104EA00080BE5A5900281BBEB8F0FA869699BA758A
:104EB000F506D8655CCFB3927F2FAA0D6EF6669784
:104EC00090F2106914ED2D68765ADEFDBEBA2E8977
:104ED0005298251A5155862D708A861613BC026C7D
:104EE0008A8F240353F14176C4352FC87EBC8B8F43
:104EF0008DC647B42217D2C810B356A260233DA670
:104F0000273E039E3F57F1FC791F9E3F97F0CC7AD6
:104F100015E8EEFFCB312B806B6D7FC6FED366F3B9
:104F2000C3F3DEB1579D9AC13AB0129D80E8932633
:104F300032B36F5D123111F6BA55EEA2148145AB52
:104F40004F8A85832AE771B00006D0A689593D773C
:104F5000FE7029AE177A0C25FA02EFDCB7927B5B64
:104F6000C07E44BB1EF0D43BC3F00BF48A0C167A0F
:104F7000B7B0EEAD853778EB0FDF5EECD96201702C
:104F8000B2AD73CB28688E741F771F226731D2E2CF
:104F9000F515E147F26987D56A480940EEE5330A1D
:104FA000B6B9EA32E333DC763E5371C1D0CBB51CDF
:104FB0000FBA8F3B3E6CC9FD25D95A4B6B6BA16371
:104FC000B46C97794B59CDC88619D879A0C17D9812
:104FD000BA4B8FD52DCDF64B26121CE78B34A74547
:104FE000FD2FAD56DF7BEF66C32FA09E5385078450
:104FF00044DFF81ED012E29A8CDF0C8DCF42360DC2
:10500000DC6DC9A23BF37CA346EC3A5E0DF259BBC2
:10501000A91E138EA039136EA145DC96B41B87958B
:10502000E6DB4128BFA756FBCE3C00ADF8C18ADDC8
:1050300067CF9E1EBC872AF4F3FE9DE387B0913FA5
:1050400054F5D9C18A0E7D8D8F27E3059CA287F880
:10505000B945EE941DE5EEA5CC8653720797D5525F
:10506000547F2E25285BB7403DB783CB76948C8345
:1050700008357A00D23F9468171B1B1B84B1BC14FF
:10508000D80B3BC3D887BEB18AA72A1D20DD1ACD15
:105090006E0296101E00B6F9081B2D3C3CBA7457E0
:1050A0007852B255F82A52F87676EE86E256ACDAA5
:1050B000216E87C061001A2EFC1C1D62F000553A5B
:1050C00043BEC3DD24B36E27ED1EBCF546F0BB5ACC
:1050D000AF9778560A7C1AF0ABAB5F56C5769C2129
:1050E000D9E8734A7D8086A041DF76B9D10F545F3D
:1050F0001A41C16792233C3266248329661059C144
:10510000F76808E82E1722E6E918E602104ACA22D4
:1051100039F1A768988C70792EE508EA08C78806E7
:10512000A09169C99A9A60684C9A2CB3E8EE5CE544
:105130006F6330E9DE7C06FAC05A3379692BD6B941
:10514000CB15BBF91C1A092BA11DC5E7A3BF51162E
:10515000D60143753C53E36B35A9D638D599D40FA6
:105160004AE7300670D11DA0BD589722F43616FCD0
:10517000957729573BB00F26F2D2FF1ED8830556EC
:10518000B0000EAEF0B504CF600E19CBBDE714979A
:10519000EB35220BD615520CD7A520F4851E7B6863
:1051A000D159864E659494C02192B5584CAED7A57E
:1051B0004C05624A83E41185D857696A795AFC0C18
:1051C0002F2C8E67A4911455D15BC15BC0C41B4CBE
:1051D000FCE1C48873346AC1F28D397287B8FEFB72
:1051E0008CECB30CCA06D9B073E193F06A341EB9E3
:1051F000B1E878249844990CA785FC9C1AF90954C5
:10520000D687B94399C6AC4043E72A555986C39B14
:10521000DDE86A8FC1AA1B94CE57AED6EB2B4412A1
:10522000F40A332E3AAACB5B2841B79E932CF4CADA
:10523000DC725D5C04CFACC99559136016BBB2A299
:1052400070BE351AF3BAE99E5BCC4D0BCF9ECC6D88
:105250005CBD099464346E8FDA84252370124EA7E6
:105260006AA2ED40815624ED61031ECA2F39ECBEBF
:1052700018279A39BC8E808DA3E7E680AD1F01EF19
:10528000BE74E3617421E261B3691F1E6D3C6396D5
:105290003F63903F0A9D34555D158FDAD1C140FBC5
:1052A000CB8CC8864CAA3DAE3EC5320735DA5DB719
:1052B0003AED636083970E9E5F1AB0B525BBEF9CF5
:1052C0005CC77AC8BD67E8808D7E84F2101260CD1D
:1052D00044861072A27AC894E8B1D03BAA32070A79
:1052E00032DFEBF42FE07A63E0321E501D5D600C7C
:1052F00056AE6FABFFB91D958287E7B9B4BB009D71
:1053000093DB2DC124F4A6E009048157803CA5223B
:10531000C463DF7DBE1A6F80B3F3C9814CE7AEEC86
:10532000EA2ECED6DFE20A4AB78E7880528F38FC5A
:10533000DA7DC7E26D88DE851025FF0D2C46E5EC91
:105340009C5A0C86F1851FF218797B1AA619EB97E7
:1053500026E4252F6F25E6849D5BC6D00E0F4B54A7
:10536000A5219F9EE331BA824481AF33762FEB189B
:10537000398C2FC9A5038F53A7396F36310E4509D4
:10538000506A330CF8F3B782D4B6C34290D804986D
:105390008637E1A452B9389D2FAFE196CA8CCE2F43
:1053A000F24A8010172EF928D18D8655C5BEFAB263
:1053B00064E9D86319137BB27BB854AE1EF37ECE7A
:1053C00095F71AA495F8C322B885775514289CC27E
:1053D000C5072E7F158C675BBC47A6534760FC084A
:1053E00030991E6939AAF41BA38F15127D8E5B5468
:1053F0007BE1EEEFCFAE4C07C1E08047178FB05096
:105400004D657D03395C94C2768A20A0B65926D2B8
:10541000E2DB6685CB8E28196F523962F7B148906E
:105420003694BFADD016428E4EA8FB1C73D1275DBB
:10543000D01C06821584E4683C646E2AC38A77CE49
:10544000283EE93E7F05C559D25924289494EB3E65
:105450005C8F8E33123A299C987D2CAC18C1A728FA
:105460006AF868733B17A6041B37FAB16C0F893DC5
:10547000A2268B27D4922A471D35DF7078A7DA6CD5
:1054800080E93BC0F3E5A52D791CEB521949A8CA68
:10549000F3DE88572577A099DD561C28C73EC5DA6C
:1054A000EA232A22479949A1AB93480BDB0E4CAE65
:1054B0006F12EC032B6A3C141AE72A90CD5437F68E
:1054C0004441EE804D28BC05DD4019742A3B363A34
:1054D0006272F306163C59882031CFC9870C72BE20
:1054E000323F2093B17A88B774679C24BE2986998D
:1054F0009983AA073AD6AECA77A0AA83D09DEE9325
:10550000D540EAF3305303FD2C354683B43D0233D6
:10551000D23565A07C24D18D02FBDD8725F91CCE18
:1055200055B2CC312666BFE403C8D13DDCCA4D6A12
:105530002374148F98C903F72387A19F060BA8AF84
:10554000BC476B9D7A74108A09D4B9949F5D34303E
:10555000AEF009FAD71C34055CF23FC457F15AFC8F
:1055600043FCFE5038481F4F9474900E471576FB4D
:10557000A5A00C3C5EA58A098650349B1782E37473
:10558000C06485766B990CBA7E0F4FAAA8F0C2F35F
:1055900073D040D28B3E986218AC897D67FE917EB5
:1055A000E95E481D161E64182EEB6216720A184832
:1055B000FE3155A22C69F2416E5377D8C963DB895D
:1055C000C96CCAACE9383E340AD17A592CA23BD80E
:1055D000947EA700CA580C1D8728ED820E7269E9D7
:1055E00041B7435575C0A0F77C9843DAEAC1EC0592
:1055F0004E498222E7EB9A9955E940B8FF933693DA
:10560000F7C142FC2ADDEDBD2897FF4429C214658D
:105610007725D88272DBEA9FC8932E6F3F000C94E7
:10562000FCAEDFA8A542653EA73AB034159A368B8A
:10563000C211F05DD021605229FE2412E6006B51A8
:10564000AE8D6E513AA124233C2C8EBCFEFDAFECF6
:10565000C77FC5F0B33689470757781CE97983843B
:10566000270C8C028A2C5AD0A68BD01BB8BAF0908B
:105670000A01829EE7F7B886D36EB7812F30FA53BE
:10568000993E8EA05AC7D68092BA2D3A161D01CCEB
:1056900008234427F218E3044163A9036FE2AA47F1
:1056A0001E59CC5431828A21CA8E483E2699511403
:1056B00040E7A6C0234C6C405476FA0198B59A583E
:1056C0000324D600DA684C64A03C6618C162A97B4A
:1056D000090D96CFD530B8306D96D006764CC819E6
:1056E0002E2F04351C38CF716AF9C0C50E00D3C9FE
:1056F000058C7AE8F96153E644CC50A5D5D2D3772E
:105700004E7465B340504FE6CD106DA27400FAA2FE
:105710004C07B864DCFA07E707C9A7AE3F70B314BB
:10572000326D17381E740358427345DA8E8F452C3C
:1057300043DDB97340D9E8377C7E0CFD505B86BFF2
:10574000D9BDF0B813B38E894C000EEC3411E68548
:10575000F1D9036C4658002BE6D41C0DD4FF3189D7
:105760007FC536955680EB311AEC104EDD62020093
:105770003D127A10C33E84C10D470778A208AF1EC0
:10578000025B9AD8C5EE20F79125371E4BD06B4FA0
:10579000FC063CF9338AE16F00F82FF21B0A44F152
:1057A000777AA6422948B01525544E9963A16248DC
:1057B000E8F023A122CA2DC2D955C8E2167361D7D9
:1057C000A687FB1548EA3754A871387DB7E32B94B8
:1057D000BC01FEA1276A2A3E000195E1B1B1ECAD02
:1057E0004EC83D679D9AF44258C54D1FDF40292F92
:1057F0001463959636F2DF804AAAA2D8984200E355
:105800001FA027F7C82910B58128410D673BCEC5D9
:10581000A71CAA4B7D2E89B8DC154458E96C40BF03
:10582000487C9840211143414E46601F83AE62DDA3
:10583000DD991CC614030B12F58212E34233827900
:10584000781B9D2BBF8AFAD7F6D2D31B86DC861E27
:10585000FD38DC1C50A6F59C3AE33394B600513475
:105860000D23D8C3DC5DF5A64E71D1E30D4D3DC4CB
:10587000C3DDF46E5F35AC75B6315187F574BD3656
:10588000460C8A5386A7CFBB150F4CCA076AD9F6B8
:105890008ACE5E2D9B7CCAD0B5C1A462D4F5E92422
:1058A000874A289AFCCCC442E7A4B8531D6232D878
:1058B00071513F4EAD7FAE04CF7A9D6CFA803FA907
:1058C0007192028DEDB5148075BEEE3BBDE9EFCD52
:1058D000DDB70C46EF311495F6530371A8ABC1EE5A
:1058E000116D12B44BB7E1DC8807E0026DD5EC8591
:1058F0008883F51A1FC0D297A27C87432565F34F92
:10590000D3F2A1D7AF7F633D534DC835F206EAE02D
:10591000091F2116580544A5F8AAE9432B68186108
:1059200050749B5578E758A8C0DD31D7EEB507C055
:1059300047151A244BA979B007AA22486A1F502E8E
:1059400073F01B0C2323A788E28C52A7CB82E7BEFF
:105950001A3B6748148CDCA64779560AC51AE35DE2
:10596000868109C920C7008F067B624E87E25F519E
:1059700040964D430EE52C0D3A760B7D40F595FC97
:10598000B908DBD7E4FB915D266F3872C422D510CD
:10599000BC5A78624FEEAC948BC762856552CA15CB
:1059A000DFC8A192535574F79044AE681F5FF9E0C9
:1059B000E49746E3173417A9C596B2ABF8D8E35A73
:1059C0003FD8474EA0CFA5CD0170D0F713717C19F9
:1059D00075935606FA7BA3F177D4E2FFD0423B974A
:1059E000EE57E2468A5978D3C7ADF135EC485FF9F6
:1059F0005885C0FF6A1239C9A1070CED337378CB03
:105A0000C200261BCA32DF83E4E1B0872A52F31DAD
:105A100084DA71014658D8D7F22B4E84B7ACCA5CF1
:105A2000145E915265CB1DA6D1CF19416FD094B1B0
:105A30000B66361B1783BC7F364652A3F10F98EADC
:105A400037D0F5BE2D5596BF88C379809DBF4E8354
:105A500039EA81EE3F1E2AC40B23DB5B08506F89B5
:105A6000B9C6910A526DB8E07D0D8C0F1D07F15833
:105A700045D59ED0562B4C1C5AFC48963262D1ED2F
:105A800074BC3E8599E6722F30C4F49EABC61E23CB
:105A9000EFCDC3CB14EA457A83FE705E23BB3A8810
:105AA00069ED9121AD608BFEF25DDFA661955D36FB
:105AB00099499DFFE0A685E5EBB59AB16786F92681
:105AC000DE3B8A62B5C3559A2E3036202FD82AB6CF
:105AD0006C0543C3E2B32540C4BFDC76D2606FB02F
:105AE00085ABD8128D8835D9680FE21B2D5C1EC49A
:105AF00021CD7981505B7F2950DE6663049FD9E414
:105B0000584FA2685D02CFDBD0806AAF69BC77597D
:105B10004B0AD8A224332DC4FBDCA11A4D63030623
:105B200050A227BE966F7F11C64D5F7DAE8CBFEE33
:105B300076BD49D9C6AE033B184B81E2BA3889EE2F
:105B4000D62DCF78D9454C2EFFF8A2ECDE5697E53E
:105B50006EF7052E0F9009FC9C2EF8AA2BBAC96887
:105B60001BCFFFEB8B95EA66CB559006F13558E8D5
:105B7000F800EB9BDF4FF47B0B33E834BB95F3B3BA
:105B8000D4D168AB232A9728D4B1AD547AFFD1077A
:105B90006B838EAF56AEC95C04F9CC6BCF0358C78C
:105BA0003BAFFD4712C62E9E24E9E2D220ABCA3D90
:105BB0003F6B83BAFFFED741730DFF3FF2D8F66CFF
:105BC000678B28CC5D3067CAB8BD2B5A3BBE438E6D
:105BD000AE5990BEC8DD8E37E8369D1F9B03C71EA9
:105BE000D6DB32B3ACADAE0752EDC83F66CCDFE2D8
:105BF000C9A77A4FA71AD7F47BCA7B947A27EF9765
:105C000069E4AB472E30997A25CF5CF5CE2B2DD2A7
:105C1000237375CEDCF4739A2E7AB64E81F14EE979
:105C2000CC19EB0D4A695F97A16B99959177A55AAD
:105C3000BBB92E585DF88D10BC1D3F29CE0A6DD71B
:105C400045BFB71EE13E26790E786B62843008E6C8
:105C5000F18C5E4BB83BAFB80C30A2852FA2A9F7F0
:105C6000E55B68EA3D90593B05C1AC3E2774EB10FB
:105C7000843228B0D67751EAF185568EEB88EB3C1A
:105C80008D7E5577C844F8391C9D0CA25CA7481B33
:105C9000D1E9D132CF93D82BD4E91C2C3F9563A402
:105CA0003C9E070564511667F7B8DD5D95834F3953
:105CB000EAD6D36120B3202B15E1B1782BA64FA1F2
:105CC0003814E3552D36252676147AD8D6F4514D5E
:105CD0002A0F67373FBE1E27D55E60E8D654B580D1
:105CE00067C551DDA4FBCF499E1E00A91FD0896363
:105CF0003D01EDDFE65E0E32154D1F1D849EBD3762
:105D0000654F2FE94A02850898A0734313B8657A56
:105D10008821A058AA64C39C29C21B72ABB66041FB
:105D200000C5BAE778E28A537F3FCC2F40F38F3F1C
:105D3000E1F2A3556ECD359DE86E48A9C01B8A22BD
:105D4000C4885F3D1630236A1C8E603A1F86170395
:105D5000FA05BD602F21835D9127E95DA3A113C3DF
:105D6000B0E9F0ADFE8B7D796E716D0EAF35022915
:105D7000D315C7DC2B2EF64293C5DBF95C4D426888
:105D8000815183C1157108AEE643652E9D7B42E1CA
:105D90009EFADBD51629C514FFC4C20FB200171C2A
:105DA000D585682E6EB1035C241A7E82D5EA8338CD
:105DB000DFDAE8EDC45D9036F6D52BB9CEB5ECC18F
:105DC00095035E4111B4F10A4F3287D38AFBBDA619
:105DD00098BF470BE9902D8A3D8763E43DE8D6F8EC
:105DE000F25972F338ED243EA52F96540B4DEE4632
:105DF00018AAD8396DCBE547B7D4C21C01598151D7
:105E0000844AD3D91A791A36420B984A6F8C03EB1D
:105E10006320346C8CEACBE76D0569564EF816C0EA
:105E2000E8F82C39FF5DBC6F2276C35FFD9206CB8C
:105E30006D41BA952A9A38D7723D5A5082A0AF7EEA
:105E4000C243E69FE8E8E074BDDEB9BB8051F119BA
:105E50007F9EA2D401CA5E5849D4EB765B8CA370B6
:105E60007C0D9CF30229FBBDD6DCD15D4CCCC4B8C3
:105E70005D4ADC4CA849E58C5E47CFDB7D06F0002F
:105E80001A8F91DEB82FC5DBDB435CDE1E3CD48A63
:105E90000D1ABA5BF8D22780654CEC5367083E7D3B
:105EA0008C82E7F13007DCBB61578794D98C79424B
:105EB0005D6F7B882DBA7D704D1EAE08505F6D9D65
:105EC00017C3566CF47235F2F8DEB3BA29DCBC7A2B
:105ED000DF2B6F7BC6C9069B9FD8F561E9237E79CE
:105EE000E00EFC7F0DDCE1BFFF76F1A3E70DDCBF28
:105EF000B57FF4068F0E685360311EE246001A9D8E
:105F000016F97807C78C9A497C357A4D03B60CF69A
:105F10004F6715FF34BBA1337441EB9A127690643E
:105F20003851F875972F9FDE5A9E7797E849BD90B4
:105F3000FB4AF45D9CAE51C5242E35A0051536A351
:105F40007385E4E2875D027273A2068BA0B1C488F8
:105F50003D98D2CA2A4FC25E99D5D16263138B97FE
:105F600053CC0BA96312D3854AA66F56706E49D5E0
:105F7000F3D7C3E68F830BABEB8999A45ECC56A80D
:105F80004B0F60FF56571E9EC600746222FF676665
:105F9000E9C9693A183D5FCEF9D1C1F32D8CC0C172
:105FA000EAB802F5AB46A38ECE94CE49A9DE00F541
:105FB00082090017A188E6B03FBCA83A5CECC52571
:105FC0005E9F5BAF2FBD7BAAA03466A7ACECEED67C
:105FD000371807BDD58414DA6B2B009A8E11AA0CE2
:105FE000AE837FEAB4D11BF51A2FE6D4F9F02381F2
:105FF0009D0ECFA8ACA26D5ED81FAAF7C02110E8F5
:10600000C506242B9D536E71840E8B10E8B0303280
:106010001D0895F4033CB223E18AF7BC59467F740E
:106020008BB37C3C9DA6AFA6D0B6FF0067F0176986
:10603000F8145819E04A9F3CE1AB8AFCAC7CDB04C5
:106040002F35CB3DF9781EF09F3EEA12E0A752AC07
:106050008A94D3F753EC6E8361675087BEF9A2B779
:106060008ABDDF7D09FE37DF7D3975CDCD78419B57
:1060700027DE960F3161EEC67A1B3740E73ADA73B6
:1060800073DECA1241D4AD321F4602414047E0F7E9
:10609000F84D16F3050D35F5ADAB02B08E97F5331F
:1060A000FC1200EA7020D4A0AB7776ADA4EE13D535
:1060B00092305966BEA9298CB33312482A7E3428FF
:1060C000530E07F05840603FCA78B74839FE256B39
:1060D000076354906534184617FEF0A27434A6EC9A
:1060E000D72A96A82FAAEBE1F2024F02F699E961AE
:1060F000A311964E49AF5DF5CA0682887BBE5F94B8
:1061000061443B28377DFC7E94FA28F9FB8EB887E2
:1061100063789E02405AFCD124BC8957181D1F5C2D
:1061200056D33F9F7401299F01141E6443DD083438
:106130006C08E8BE2585B0CFDFA88A21C5B78535B4
:10614000C6D5DB66B3A816EB6A1130614217D0DA08
:1061500089F532B4A70DD93A1475172F75E1A575D5
:1061600075864E29F495C4EDB15BF6EFA082809F51
:10617000F922B77F2C238A29566F258C07D0025D20
:106180009B788E624E9F8CEDF1F9A463555AD7EB44
:10619000ABCF00208E51E46D40930692BCBB4744C8
:1061A0006C78D29FB16F1AE00B8A66DBED4BDDADE8
:1061B000E591C8983DD80C0DAFB8BF6D69E4683360
:1061C000A15F231A80667B1FFA1D718EDF10F2A378
:1061D00076266243ABF46D36F3B2B214EC83CA6533
:1061E000F1090DE82C296BC778200809F225C00BAE
:1061F0007EB505161A05026AF280129FEEADE7ED34
:10620000109DB221CCA474C12E263F27E831A86787
:10621000970B1654B0C01EDB31F9C7714C8C72332A
:10622000CBA607E7B1691CCD60058EDE58CDF3C65D
:106230007C5108C7A784ED87DE72B9D3F8CF720806
:106240000E28E6D45BA9FCCC585C06DF59416E39B8
:10625000C530C5B483B6CFDB214D098FBDF16DE6E6
:1062600092ED6AB3F71862C5287FFC85513403604C
:106270009771E5022363379584C073C216AE40ABB5
:106280002B0A92C0F60A516876B4D2E05F71701A98
:1062900098DC76D916EF19A6C21B0B8B3EAD728C1B
:1062A000AB1CC3585F805D8AF5E4AB51315E832F30
:1062B000E5C6B4FC312D3FD8A37E8EB78809CEB891
:1062C0009D96ABA554CD1C68E1F57BB521984BB0EC
:1062D000BE261BEC4DE96CCBD4A6055E1902C82A7C
:1062E000EB0E3AC51740071B18F2A8D4DF3FECDCD1
:1062F00061E64BFA402068EABAED3E551905167082
:1063000034AF45D4371F4F22162FBE4A419FB922C2
:10631000114152A7074C335DCBA742FD4E51775632
:106320000280A0122C054A30FDFE17882127E4E3E5
:10633000553E98B39185C5AC695EA52EFFA9C58869
:10634000311CB500D35F26FCB0CC5BC9B4459FB30C
:10635000AC29FEF41EF4FC55ABFC91412A4FE569D3
:1063600043BF34D4EFC6CAC12914A3FD6A19D2AE03
:10637000C7B2B21ED5D5492A6F5379D82BF5F55B34
:10638000B140C49ED83723BB24B3954177DE9EA08D
:10639000F962362D78E580831C54E737A560AE514D
:1063A0001AC413A93E8A4AEE6C374E148D984A9D42
:1063B000F3DD90B49C49DF329B6A3323AC78A3CFE2
:1063C0004B028FDE8D4598B7151E3D6AC984267530
:1063D00065A42FDB1FB6DCEAA6A05B457CBB2A5177
:1063E0000949841512575B597EAA088C180A5096E1
:1063F000AF6C31DE0FDB025062747515AA6C39C2C6
:106400002F848EAAA1796673FBCDC58F1C6AC058F4
:1064100024A3A220765885BE7055E2020C2FAF0E41
:10642000440D3F4CF784EE16FD6E35C913FEA2D322
:1064300077DB3431AC68ABD92FE71FCEFE9B8116DA
:106440004A5D97EBB378DC9AE26E27C57CF118FBC6
:1064500081EFA796C611E6D2047E50D50E033A41CD
:1064600025146D4BFC868CF75013D6CD4650DC19A5
:106470002B2786786EF8F5ED099EDB5564C1E9DDC2
:106480003852B589CA013635A12F935636D66613D0
:106490005414FC317A8D11544A134F418578860D7E
:1064A00004E60186DB673B6A0F9E46B9EAF5965F14
:1064B0004CBDF1AA6C68821E5879EB6AD96336D359
:1064C0002E4AECC31EA8D9878F4D11C6DA9916C77C
:1064D00046FE03345F4ABE50D32B6E0C5AECACA57B
:1064E000DE20C2930E06B69DE910D2F232B200ACA5
:1064F00077FA66C18994FFB07292FC4B2564AC4078
:106500000174BB0632EDE1BAA9D3C7583A86DD4221
:10651000CFF0DB4D59D0769F588C57C45CA51E0038
:10652000FDD856B3411C506C8577056E20E3D70F1C
:10653000CAB2B29669248C19E5F0717F6B9DB3EDF8
:1065400075C6CFAC9CB72988BD2A30CB7128DE1622
:1065500004FF49C62145576462A533B10DAF011848
:1065600069E5F02F42FC8542DFAB609D6D5160DD37
:10657000ED19EA2A70B28392EF90FE83DCFEFA6195
:106580006E87712DB97F9F45B7E482216ED040B7E9
:1065900075B3423858AAD47D3361555CB237745A0A
:1065A000FD6B092FE35DA14735CF5DDE9361E4A765
:1065B00096D8AB8BB32ADB2D25F67820C8DCB84CF7
:1065C0004B5283D05801E77C6B99FE22BAB6F81D76
:1065D000A9E5196A4C5A9731EC6CF53C6474CB5AB6
:1065E0004C7AFFD46A8525EA5F1FA29E9EC5876B01
:1065F000C6ED19B507033E69ACAD0E26E50E4CABF2
:10660000A756F8ADD746F1DA307C3F0BF54DA85FC1
:10661000F04E60A138FD9DDD46097D1D9AC125CF54
:10662000016660D808EED39B4A20568774EB6FA0B2
:10663000D77D4325EA9B546CDE95EB74DD7B3C9E55
:1066400043AFBE513F7AA491F11607840FB9187673
:10665000782155502803BCE02236D7126ED8C68860
:1066600029548A0EAEF89324F7B18E267C04333E6B
:10667000D2B68AB6E87177785DE992C7D4D757F574
:106680000A910236E8F8754E388E4F5EF30D061407
:1066900097BAA80760D672181646CC81E2B267CFC7
:1066A0003993EA4884BA9A9EAE6E057A37DE866FD1
:1066B000340E49E1C374E93EBAAB73E8826F4E51C0
:1066C0001F8999FAA3657B526133CEAAA81F18527D
:1066D0005B483A208F610818A5C8B722E48CE040D7
:1066E000D71028232EC6B56B25C3AE55AFAC99F194
:1066F0006290B94B0174D519AB9F19BCB38D874B10
:10670000DF6DEBEFC5D3BD6BE732CB9DBD022CC473
:10671000E0BDB2C2725FFED6F0FDD6C7DE053B8D8E
:10672000B4092EE8D3C60FD451DD8DFEE6F14E0537
:10673000168E3A2C90681121077582BE7FFC407F2F
:106740005D12657F771DA8E308E20C20A37D1F0082
:1067500033DFA46357546C2ED75B591FF157BDA884
:106760006DE97EB18C8A9BC9580D886D185DF44324
:10677000A89DE518518572ED8D0EDDC7F8A7188C20
:1067800061FEB616D4034910D3432F267E138C6EB8
:10679000636A98D30266E05216F8785F802E4D51F6
:1067A00030B10EF97DC43BBD15BD6E4C61B28F9604
:1067B0009EA7A7D4E777E96E1100AD3FDF0093CC29
:1067C000639A0BBBE87A29450D6FD0D800FAE9A08F
:1067D000E95F8152319474F544432ACC97007525C2
:1067E0000E902B66431321AB1B2B3FB018FA4C1CA9
:1067F000C35EEDAE4318240CF0F26017D64E6C7FEA
:10680000A13DD0336BA64370B46B9082700A7FDADF
:106810007A4DC5B82E11598F586E8C22FDF1070C98
:1068200033815E656EC920E42F785197297DC714A6
:10683000A307E051F49C0EDCEAA7FAF94E0E5307C9
:106840007F01AC623426B7B14ACF7FFB59DF2F45B9
:10685000A9F4A76B0F61EF13DF202D35B216E7BF48
:106860001113BFBA9456746927455A1193F8113A17
:1068700013234E9F1E13E180BF41E6C7839D2F84E3
:10688000C5C5E7DBCA9F12C36838FCAC251E1AE0F9
:106890008D7498B74C3D3F6D276E421EE132F9EA88
:1068A00000B7FF82ED78B12B6BAAF6AE292A90369D
:1068B0005EDEB4C5E5A59D6B4266067D5CA1E8760B
:1068C000BCD52D3203059472D27687ADB7D97056F8
:1068D0002570377A7EB85E3F33F75B72CD30BD0AE4
:1068E000D5572EEEFD87EBA3661271B157C012C7C4
:1068F000A52391B85D4822C554BD63D35C5E4EF7B5
:106900007DEAD11CF2D6AD4AB63428EB990B748FD0
:10691000A674E6E6E289C87A7D54648351D52DBD1C
:1069200059DF48F1998768BBFEE19EFA1676FD01B2
:106930003CA484CBCB2C59A663FC4E1EFA2D14D359
:10694000271F0DD3A7F3F38B07DA17753C024177A6
:10695000BAC7D12A4A012CDF8F671C1451ADFEFE45
:10696000804742D92108EF937B285EAAF7E11816E9
:1069700038C8AE5935D9CAA3C0D19256F61865EDBC
:10698000A79216C38A1030F32FA58FB4FF6CEFE4E3
:106990009675AF23976F8041D522C280EE4F3D1090
:1069A0001BAC0E3D573DA6031A3EBD7613F3F73FD1
:1069B00040C1F80F49AF4F7B792D90F774A0847FC9
:1069C00080E887E77802559B48E7FD51ADFBB8F6B4
:1069D000AEDBC547F7A8D67B56EB3EAD1DD67A9405
:1069E000D17B0ABF4EEDE0E407E10493498BFEB88A
:1069F00092536E4ECD6AEFA872B7F6BE765CEBE2AC
:106A00006BEF093EF11552F44ACFEEB35AEF10B2D4
:106A10004BEF875DC776CF7F220DFBBFAAD9BFD6CC
:106A2000231DFACB6C35B7D515B5AEE71425AD24CB
:106A3000C54F834B87FF709673F2FF1BACE7570679
:106A4000B230CE13842B05D5A9B6924ED7A9DD4915
:106A5000E7C8A9F15F943BECD4F85394B27704D81B
:106A6000AA550179AA013982219E12BA316D100B03
:106A7000734BF3324AA1C261ED1D74096BD1C39F00
:106A8000AF35CCC309E0E319BD01BCF8D63BD69DB8
:106A9000A4A0C3DCA8AD85EDD4DE1DE11ADA7F9099
:106AA000F3BE573BAABDEB611286E0DF231A02F268
:106AB0008EA104328FCD9283E175ABFF125365D561
:106AC00061E01E8D8F50D2CB7B7E21982AADF14F95
:106AD0002655DAC2908F0980C7383AB47E4F699C38
:106AE00070416BD494FEA454A52D0C646AE2A0D826
:106AF000985FA8BF4AE33C596C81DCD5E061334420
:106B000004A57912DC12FFACD36D904EB2ADD5E87E
:106B10001970698A36C1FF4CC957D3C755B9F57189
:106B2000ED59EDDD31ADE413FDCBEBD981E729FD66
:106B3000E212508F3823FA79463FA6BF18FA1B8716
:106B400029DABE63A43C98E6F88E9F293C8E9C2AE5
:106B5000C13D26EC02D01A1D231545658880089E8C
:106B6000D44EE117C721C88998883C210F7F9FE048
:106B70002FA21712C7FA1727715C3BA5DFA7584849
:106B8000FDC04C805EB0801F3D225A44D933EA8C50
:106B90007F8FF5AFA66C1C52C39624D75BB806D87E
:106BA000E8175AD67A4C2840B7A7C4A0462015BF8C
:106BB0009009FF70159E12593C0640A05E8DBAA048
:106BC0001FE69D27BCF24F8B61F1AFD16D5134A30D
:106BD0000DA9431318F60749BDB22884E24990561F
:106BE000E89121B4C440207C258A3E663A85593F0D
:106BF000C149E38CDE770F69FE87947E46E967988A
:106C000006DC401A7E9F99A1F02F6D55074221F2B4
:106C1000AC46EB7684A01DE1CC9FE2884F0D17E2D5
:106C2000CF5726878709C6F0F638805D751F6FB38A
:106C300054207C619F5D8B00DD6487A17B8480771D
:106C40008F0D536ED5DFE562163A886D2D03B65A67
:106C50006CB32E4E8F399526D92B56A42A381F6B2C
:106C6000E1F098E43C62168525D22F62BA838F63E7
:106C7000EC802554054928471149BD2784A4DD0A25
:106C8000DDDE6E0580003F3EB44D4A3D5C9E775D83
:106C9000225C14AE666E33759326F14328E7092211
:106CA000E3FD3FDAAEFCBB6D2349FF9EBF02C63A4F
:106CB0005AD206291CBC6D90CFD14CD6F39EE878F1
:106CC000926CE63D7BBD364542124610C0F0D011B5
:106CD00089FFFB567D558D8B548E996C223771340C
:106CE000FAACE3AB6AA0CBF2FCDA23FB432E2338E9
:106CF0005032ADE73F30E43247503BE0C6DA13870D
:106D0000865C8860C0E3A50252C6E337E5D1799C72
:106D100024A494E5E5178407D5C7937879969180E4
:106D2000ADB5CCC76829C3F910A9202362128F958D
:106D3000558F12A36A24EDB056EF9852B3F9D51FC0
:106D40009391A293456E737D6E5ED23AAACE240FC4
:106D50001A84FC3450A23543C72F9BD5889A447DB2
:106D6000C052D1832C9C42929FB20CEC832F5800CE
:106D70000E208AA8F97D534A92CC96D55AFBEDA0F5
:106D8000DBA73CC3B6D7F107BD9FBCDEDB6EBB27DC
:106D9000876E7B40F7DEBAEDEE4F7AFBAD66FF40C3
:106DA000838523CBFDA9ABB7BC1EE5EBE191CEDB20
:106DB000A196E1BED58C1FEC3D90D5F01D9F10161D
:106DC0001975D99506C80D6DD75CA8CFE98179965C
:106DD0003E915D541BC8BE608BBE684C245D1E97FF
:106DE0002E06563596302CD48D07C1FEC1528D2FFC
:106DF0001A9B4E91E354EF9A215CDE1F96C9C2257F
:106E0000BECA6421AA5355727C43D2BC9C55B48837
:106E100037F31A79FA3C6198BCC0D5144AA5CB3037
:106E2000F91460998E7D0F10DAF76A84E603B5F9DC
:106E3000DC1DE671493DAEF1291E5944EB2B8E3520
:106E400059A52C5FC0820FB4204CAC2A5AD2A1A6FF
:106E5000A792091A4874A768C74034135FD4DE9A12
:106E6000CDCFCB15A1941364F7041F788188DC4043
:106E7000E42E0B6E1E90C057CD0BE0E731471A3061
:106E80008893A9B056195BF1D8D6044C1F2A8F09F4
:106E900041808F744E40856766DD93C186FC97BB49
:106EA0005A1E3B31EB3254989ACBF40618035FB468
:106EB000B041C93661A178B98ED7AD4B321D7EE1A4
:106EC0004812895D151D7D15F31D23E60F4F54AE45
:106ED0001B0EDD2E8BA0A2A0DFF150AE853A6525FA
:106EE00053B4DA44B2B50F8BBBFEEF6CF30111F96A
:106EF000C71EE276FEDA43343D69958B3A80579D92
:106F00005CE10B04C82939A792BBE5ACFA24493AE5
:106F1000CA930B3BBFEDD3C1F027AFD3F649AC19F1
:106F2000E1C7329272920CECB4FB74DD52A1F7937C
:106F3000D7EE73FEB2F02BCB44CD4E34F5FF230ACF
:106F4000256A646524009E4F151A48A2E653C7209F
:106F500080E9C0C0818EA072333864E4A6B30A9A77
:106F60006735C15A67280CE49B94C512FDEBA02637
:106F7000D88094738A63563F9E22E1E8BEAECD95D9
:106F8000FE3D9961EFB7E8A6B72FF018830BF636F0
:106F9000D645D73290BA9C32EF8B06E6BC823535A7
:106FA000511E3F8FA245B57986FE7E9368CB563041
:106FB0005927ECDE80BE61B7469F8763CA90E2C462
:106FC000E346722BD016631F50A1D1A86E1B54014B
:106FD000880769231865000033506BD673F3426845
:106FE000BAAAAA84ED240BA3A1061F275460571246
:106FF000B606B81C9889B9CA40F95D332449D5BE94
:107000002C9A961B7E80349E58B9039E03ED957D85
:107010009E251CE6385B466905EB813C4EC5412048
:1070200048D48329E8B9007F03086421491090FC03
:107030006FC60A85D6E0AFC07019AC3E97064CC447
:1070400032009E0685BB05D025B67BC2EE2EDBDB6B
:107050008AD74469D7CC6EFB7C9B246B52E151DA12
:107060008AEEE24DAD839E404CF9EBC068ED88ABF3
:1070700003289DD2692747EDE62A78D54536FD33AA
:107080007DCEEBDAAF8587A6528761BFBC0A735A03
:10709000AE41FC33450D17F1F9A65676879F144B88
:1070A0005752303410261FF2F82035EE22420C16CB
:1070B0007EE8326C44687FB95224034B7090E083C1
:1070C000E286945056E017F1E6727B661AB52716F1
:1070D0000F3122D4B24F359CA00DAE340557BA0102
:1070E00093790FA8A20718A3A987544C956E171C73
:1070F000DA0509F11364BFB945DA19323CE8086DC5
:1071000031DD77E0F2E23440DAB53A03930EAC2E8B
:107110002AEBA2822E7A4DD7D996E869CAF212AE2E
:107120008A0EC8240006124EF4519AEF9B145CE9B3
:1071300001A64AEABB261B5C88743140DA71F98AE1
:10714000366958A4DC0C978FA93449B561A8B18B76
:10715000DABB68093589FE8201B7301872773B784F
:1071600090D22ED39BCBA375C23F1E5FEBE1A11E35
:107170009EA3B48781A334C0B187AEEB1C28EB5C1F
:10718000ACB2DBDFED9FC37CE54E37F1C1493197EF
:1071900051CD1A876E3F9141B458C48B7F8947A562
:1071A000275E5191BE9E382E3ADCE59E19F581D1BD
:1071B00010EE01AF4F5FFC1F05F75F66D751DDA6EC
:1071C00014662E94ACA7EA2567BEB281E0E7A3213E
:1071D000E1DBFF158DDDCB0DF8C2B71BA767D95DCD
:1071E0005538C20EAAD813A27CFA96BAAB248BE704
:1071F0008AE2C28FE799811084ED9648D1F8994CC4
:1072000085E7D91FB6853DED4760952C6365FB8406
:107210005D09699C56B40E137FA0361B0E59610C94
:10722000D546C7E107F3747A557B70409DE2149010
:1072300090695D5C58EA2A14843834DDF55072DFB9
:10724000629C43F74EE46720EA921D3B22BC7C57C8
:10725000FCEADC12215C4F18545B61BED03F3C302D
:107260001E06A63E2EC2F2273CDC7E1DBA881527DC
:107270004ED0AEC50E51CF35F0051E306ADA4085CE
:10728000C687BC0D9591E862E6840AFA9A726E98F8
:10729000B85D7678F2FF8C7DB9A7812402EDC491A8
:1072A000AAEE193F781AA5770A0CF79FCEF52C4E57
:1072B0007E454DAB71A88663AE73958EAFA3745BAC
:1072C000E56D410CC05170BF63FCA7981EA8B38E3A
:1072D0007970BD9E5DD49C2A1DD42BDACC57A102B7
:1072E0000A18E8E8E536F935AFBF2D2FB334DA8355
:1072F0000627224CA0D4A4CD823D9500FC12C7984D
:107300003F394573C5555CF89B7A82E572E7B899B9
:107310003FC3D0CAD67D4DD9930B737BC83F53C9A9
:1073200086E9189A86A7DB758DF1AB6B1CD7D95906
:107330000D664212C28D20C63E40FD90476B687CB0
:10734000E043B36CE389330A3F27E280CDB13FD0FD
:107350001C291AF8C2031D524F3AC824750A729AA2
:107360000265F2B1F1455D67595AB32DFC13A63998
:107370002A847DD8ACD4940AC5A73584841E161EF1
:107380000605AF5DABAF42C137F39855D7A602995A
:1073900005808D62550043E9ABB31E5CDDC705B6C1
:1073A000E2E5B6AF9EB5AE00C861A125A67D5C0A38
:1073B000C4F2301EBDEBED3A9E57FAE449699E2CAB
:1073C00078406543EE7922D13A2AF8ACD7627457F7
:1073D0009D026C14DD4154ACEED5935ECDC8F52210
:1073E00067B09F935BB3A94EB82BD6922B724444DF
:1073F0003ABCBA6A22FBCA19B8C3332D3F3EA4ACCB
:107400003CAD032CFBE5AF6B7AABC798B127E81D09
:10741000C79E9CF838816AEF58D2ED21883F40ED35
:107420004359D50904FA2A452F67CB68C51EDC7D70
:10743000A7A7F8A440B30363B788901C2A8F8B0ECC
:10744000856CF0C179BECCAF2FD68DD87DDC14AF62
:107450000356C6A4A8B4F7B0E62413ED8973507898
:1074600073207EFD8195B7705BF33A06F03AA04138
:107470004CEECC4806CE9250D964B5C9000F1B31F2
:107480008EA470577672A1EB1BBCED9B851F639297
:1074900074F645B1D2C3109238D0AA93D97D6D103D
:1074A000C5BB957B443E988CDB0326910CEDBE401A
:1074B00061DC42D6585CED15389539C58709C0099D
:1074C000CB2FAC2799B523264245779D424E0E4AD5
:1074D000A211DC2A96A097AFFDB28F01F94E4C6E37
:1074E000345EED1FCF97C52AB56896AB38ADC02A7C
:1074F0005955047343D2B992F85DFD9B6209E7B414
:107500005FE0249E79F16D6255150FF6F16F083F2B
:1075100031C318CEA3AA67159DAFA2F5E5AFA3218D
:10752000504379B55E9CD28C3A70380506E9AA3191
:10753000CDE0B46B4AAF7B4F2DAFCDBD6E7787D614
:107540001B80B6AED83CD4F4362BA43600330DBF26
:107550004747D3CAD5809739CCA561BBE369096A8F
:107560003549C9B87ECACBA2036B5AB9346807B98A
:10757000C4E34FFBEBD4D5835C8471C4C03510C029
:10758000070BF2C4EF19EB5197114D31EBA8EA5EEE
:10759000F5F8F1375EC7B40A53DE67A94169D2EA4C
:1075A000D1053D0EDA5DAB8536C2B24A3010CA3D18
:1075B0007A22CC96B8104E3D1EE824C71AB7ABD934
:1075C000B2AA3979E953088DFB3E7028A57F1D4783
:1075D00005E1A9C0C053754F4F4BA7C6F7B19E55E3
:1075E000F58FAC0206620EF4CDFB119AE444E5BBC4
:1075F0009270997DC92942475263ACCB1E1E353A21
:10760000EB289D2906F3EBE8129AF414F2C3945286
:1076100073991AFECED127208DB84F7CF554984728
:10762000371B42E8555901D907FF3D5132C319387C
:107630006D2CBC0003A4EC6B82B700B0ECE2590ADD
:10764000AF598C7B6619A66744FA50535F8CB62EEF
:10765000A4858C5C07A7F0FDE7D9C47B258FFB626E
:10766000C328EEC7EA5D3FAFD9FFED456BB386CACD
:107670001FA1B7E2AAFB4AB1442058A26B0DCC89E6
:1076800087164ED12D968078B9895BEBE553270597
:1076900066DBDAEAAAA84B81B4203CC5B7BE2A0251
:1076A0004FDE3710710A51A10D5C6FAAEF0788C435
:1076B000168F924EA1AF1049052EA01556DC31123F
:1076C000B993EA435160850F078A107A39540ED472
:1076D000F819E4A4B4818FB0BCBAADD43828AF4552
:1076E00094296D007950A83B61F320B78A37511275
:1076F000EDC170185B278C253D37B754B09C33948F
:1077000044DE00516BD5D31496AD2796AD272800E3
:1077100005C96A2F8B24F9E9097D00CCE2E744888A
:107720004B6C42494F25EBD3E4E37B65F2D9AC6661
:10773000D0073588C4AEA341694110AE244B57B180
:10774000F26579A6234F265369409D8A38130B446E
:10775000F9098CAAD26C731B6F4A7EE0DFED37EB20
:1077600089A1D285B971DA15F76B5706A8E3AB4F3B
:10777000B18B95B80E5E9901E31AA52BEFF700F6D1
:107780008BB3E314A2F8A4C70FB09884CC0D060203
:107790003B06805A1DB0759E9EC80FDBB7CC409447
:1077A0009C047DAB07771C1D7431074A1EDBF48FE8
:1077B0009BB77D983702F4034906625DFC2BD6ED3A
:1077C00076F9A72D66EA2AA212D9C02A7B48146945
:1077D00012CEACBABC41D92762CC16DE0BD77806E4
:1077E0005D75A67950A2A02AD375572CB49E72C796
:1077F00007B6A103D7B89B4E545C95AC59CFD5B70B
:107800007F3CABCCA1BC9D47566F5350603C592880
:1078100056FC04895659411EE4E564C9F6FACFB70F
:10782000522CB16E4FC4DBD7955521CF2C02891D48
:107830002B29BF2BC0B8A42FDD330055BB20BABA0B
:107840009F0BF0DBACFAEE4D20D25ADE5A318B356D
:107850001F7E174E057C81D81FC02EE2633F5FE775
:10786000B07FC9B26B553DFF869E2F3BDEE4054DD0
:10787000ACC6E185C01C95956B54DDF42755F944E1
:1078800025407B7F5E3590FCA778FFCA2FAD25E8A9
:107890000B59BC1202C3FDD49C7AF23A1C3CA8726C
:1078A0008DB9080DDC39DBB0F1C05BA68D2267BE57
:1078B0005E8F36CE3C99ADD7BC638ED36EB7935DE9
:1078C000331C375C67DD464CBD2F5F59D6EBF5CDD9
:1078D00085751347B7DF64D40DF57607D47CCAFEEF
:1078E000FC21D9592820B4E379965ACF1FD2C9C4B4
:1078F000B677BCAE7B9F44E1F3870DCEA99C2742AF
:107900000C52960789E0379A71EC801D35F38B3362
:10791000A7569A869986F25EE3875BF97A11DF684B
:10792000339E3F44A8B0567FDED831B570F7FA9841
:10793000EB383F50479C2EB79BEFA3F327EAC16D6E
:107940008B2CA1908BC97B8EABA6E67AD7F3AAB914
:10795000CE25DE8F976F2CF6BEF588F24D01DEAC9A
:1079600056B3FB76BCC62FEF53363B8B92757362D2
:107970008E46E6808384EE9522B7F2CC66B335C797
:10798000D6206749B8997C99B36E1C71ABF5FBB8EA
:10799000575F46B6CD1F5EE2DB40FD8ACEE60DFFA7
:1079A000B6EB961072EB8217E9EC51EDEA2A5AD841
:1079B00026CC5F89745EAF97B3D48C51E509D48A25
:1079C0001BB511A3AB7ACDCA526C1E888B7ACC172B
:1079D000AF8980A2EC265AE98DFC7C37665A7DFE81
:1079E000B0DD59293ECE93AA88E94015864E233E44
:1079F000897932283B53ABB4B8D9983B0F42601F0A
:107A00004DDFBD1107E6C090EDBE02C9943E58B8E7
:107A100024DA59836E9482364C30E9CE7C81779893
:107A20003AED75C2DB445986364A3DC739FA20E43F
:107A3000842FFFED15338D6D090DA5DA6CEAE5F99C
:107A40004E33709BEDF26D6968DECEC57E3B37F13B
:107A5000268988C0F18BCBA3C4D1211EC58E8EE9A7
:107A600076395A99637EB96994397934E499B3883F
:107A7000D7FC21E162347798EF47E7DCFBA57EFB7A
:107A80007A19A2F7F4E00FD8E4AA89F84C8B43578F
:107A9000F94BD7C964C69DC707249FC11F972632DB
:107AA000DC6AD26E708065F9AEEB99B72B931995AD
:107AB000F457ECC9D2C467238D3C20E1FE3E94DA32
:107AC00023DBF9DC74386F9E553EE17A3A37BE0904
:107AD000752A542D3BFC9A09D5B3A726B444C6E5B4
:107AE0000FFA450034E2C9A4F47D1AEF02DFE44F37
:107AF000AE0E6DAFD39E6BD4B585190CFE164BB68A
:107B00003FC077BB5E1391B87092E7F1F8532DA296
:107B10001892BE3A61D490F9E3A366C8198A2798EF
:107B2000DB5C8C3D979FF1E8EFF24CDB2565F9AC0F
:107B3000F26C49A214CAA1E071E6A6847B3DB22F83
:107B4000E3C58204C52E97B655DE7CFEB030F24503
:107B5000FC3EF6E8BCE04F9BC6AA528A55CABF5EFF
:107B60003266C048EF13FBE7C6432EC0CB142FDFAD
:107B7000BA1A919EEF6A15BE4C9DA7A47B64180C9F
:107B8000AF249F6577368651677D935D5C408C9905
:107B900059D7A8A9A2164A02BF68DB45F9E33A758E
:107BA0002FBFAACAF94DF3F1D1CE24066DBE9DB008
:107BB00004D4D28F8CAFA2FB356593CDC8C3F1C777
:107BC000C8D990CEE4385FFB1F0E6277EB8DD97772
:107BD000B261B75FF2EE908D8FFFEBFCCFFA13A589
:107BE0009F5E348F392CFA7E1BE8B98FA4D468D4F9
:107BF000E285A54DB53FE9D7B525051619CD32B2B9
:107C000039768F0EAB57EC303FA106469F461F39A1
:107C1000C411B5D4FBF469874F53B5F9FBAA6BC205
:107C2000DC318AA4839BAAEE958658429D34F21CCF
:107C300036C95A9321CDBB17E8853CA824531E575B
:107C400028AABE79503BE1519A559DF0B6211D6698
:107C500018625B6C2469D48FEC14FC554E00F270F2
:107C60005D8F7D55E1B3A86D4EF8C17D1527D5EC2C
:107C700029395C7E5ACDE1F659B23577F87027CABA
:107C80002C575339D15D1F92FEF32BDEA7D17639E5
:107C90003685ADBC91842E7347BC335FEED2F46061
:107CA0009F54026CE9A2E145C18BA8794C3F4EC6B6
:107CB000DF5AE680C24CE572B65A47DF122B4B50B2
:107CC00037B7F9CA0DC32C8FDC6142AD3539CCD83A
:107CD000DE65C4C8E06A6788A0451035FB98E51BDF
:107CE000DB7F2230B86DCD18AE25AF6793D9281948
:107CF0006F27DB51D2A46BCB70D5988FDDC9F9F11A
:107D00007CE4F25EABAB46D76D75DC1768FB3A4E90
:107D10001B4B397CFFB7266BA0CAED79B6AEDC866B
:107D2000EE697903F745C36B49B98DA8356BA2ECB1
:107D3000C3245447C6D413ABD7355FB1D974FAB551
:107D40007149A459CA6044C8E762B6BD889E561AF4
:107D50001020B14AD89243DCE5B74DDEE0851557D7
:107D60005DD9241A593E5EEE6AD7879CB75A5F0BDD
:107D700053DD3A9BAD2C390704F4ECB111D0454DDD
:107D8000FF76A9FEA152A9F11D7CBBE7A223FCE767
:107D9000D70AC3B76695F7E8F97BD14DD420CDD388
:107DA000489A3B79AE691BFC9619022C4B8A8B27AB
:107DB0009E8F5ECE8FFDA28C31247AB57DEC65C19D
:107DC000DB4CF55E32DB68ADF40CA32EEB2EECBA87
:107DD0005F5BF721D9DC07B21E6A422B6F834395A4
:107DE0003864AD532B58D7BC3EE612315CC717241C
:107DF000AF98CBAB95F43A87461D009F8B4844CB98
:107E0000D6D8FF66DFC0B98E53627ED7B99EDD112A
:107E1000D3D34CA800E08D21C52458B120C85410FC
:107E2000CCC2A4951243D6644163C6CCD1885F23EB
:107E300052F2389924A3B8D94A9BC73366159613D2
:107E400087D8A584834D8CF2A7AD2661824C203162
:107E50003F29F76DB016DB2DD4F617DBDDD7AFE881
:107E60007035F9C2DF1A5EA0817C6FB5FB2218A1C4
:107E7000561DC854A7F150738A018D775F1F1AD120
:107E8000B3C683C0E74870EFC699CDE7D192ED52F3
:107E900018D50CA4E1398B0B88BCCAC175E69424B3
:107EA00039A168ECF4B1754CEDA3B98EFAF91E5402
:107EB0008E9A24EBCC45D2514DEC5983DDA5F72E9B
:107EC0003E658A958C0B1D4BDDCC64C4B2E995AD43
:107ED0008087DFD6B555295E02C022F0510DC15E04
:107EE00016515E9DFC580210EDCADAB3B68DD5333B
:107EF00013108337318F3824E9AF1555DEFEB6886D
:107F0000A5913FEA48ACEB6FE9F4FB684676D5AB48
:107F1000941E9F2DDE0896F9664BD6C18A37614DB7
:107F2000DB322BFBBB347D992DE363661F4AA274C1
:107F30006F836C892ADEDC7D79F517E2E0769ADDC5
:107F4000EA26232BDE96335A6F930D2944DE9537AC
:107F500092E8C70FD7D1E6325B8CECF7DFFDF0A3D8
:107F6000ED9C658BFBD16AA7D09C911387D2C8AEDC
:107F7000E84A09BABBCDB66EE624DFBF6387E14CA1
:107F8000439A3BABF6D9FD263AD50DCAF3013A3AEE
:107F90007A7ADC1C9B240EC1AAEDD15129181597C1
:107FA0006D5EDD6A0BEEA6278957115D7B6982C97C
:107FB0001F1DE587B2590F6817812274FC0582D90D
:107FC000F681D01134F9C21061C55C256D02B6612D
:107FD0008230A607F30FB3FB533612EF5BDE7CC88B
:107FE0008A7808661BB7CBF679FAF8789937D2B455
:107FF0008F6941431037CC961AC5B844182346D12F
:10800000E18677E9500A273BA604D9567517C3AC19
:108010006453CB5601A53D01EEF6E8C9D92848B610
:10802000B7ADECFCDC26B44B4722543888298417C2
:10803000E2D8CAE7ED1CCDD6D60F181D9243F83012
:10804000D19991CA90BBDBD0FE0F97511A41A097EE
:1080500036FD9E87629DB2D56A9348B073F3CD26F4
:10806000595058AE0B3D960FF909DAC86912CDF890
:10807000B90B62FDB34483335CB38D033783734321
:10808000D797CB3B737A161E8A6F721BA7541F7546
:10809000FE6C62CC68712BDDD315B929E7B7749EED
:1080A000CE6EE28B196F7A047ECEE5E85436F5E0A9
:1080B000FDAD242AB7D9E043F1341BE3C4CDBC7530
:1080C000D02C4ED7304B24D43BEF1A95177355DE86
:1080D0001BE4C94739389818FAD85CD33C7C62361F
:1080E0007AE71822240FB1D9CB4B7B796717794EE9
:1080F000EBFBD3DCB5E7246236916E46538AD6A1FA
:108100001D393A9A36628E522AE7884C46CD8856F7
:108110009B6FB01B03DD24B91D1755FCB5129AEAFD
:1081200094F702BAB11D4441E32A9F43C6FD239A46
:108130005D4D67CB62007F40C310B5479A4684040B
:10814000C89130D4B05F6EB8238EFD32E1DFA6FD5A
:108150002A7B163ED798CBD8D3053D6E17202573C2
:108160009E6B1CE6ACE9B863B23ADD71F2F8B8195F
:10817000C78F8FC97835E1094B9BA32BFC48CBDE19
:10818000945BE6FCA572F63E7C5872A4EB1BDE6B9A
:108190006AE77C173E903A7FEFCC2574375F2BBAA5
:1081A000F27D31C6077C3711DF997C377A5F9AB947
:1081B0001FCB4F1C72E11C7AE86FB5A964D713F589
:1081C00052C5B97BD73F97FFC66467F0EE479B2245
:1081D000B496EC45424868ECBD6A46E3CDC7385CCE
:1081E0004DD297C978EC8D7E6E34E8A849A0EED3C5
:1081F000240D630255711EC9ACC57BEE50F6E453E5
:108200002B228894168DF9EFA231F9CE49A1C73BF4
:10821000931333BD8AC74C47E9988A8A5F864933EE
:108220006713DE48C96CBC9957D32A6D98FD4D9DE4
:108230005E399A2436724BB029B26C81CB7B55C71C
:1082400064DCBCE0BDDC8F439AD74674CCC774A114
:10825000290A2E236C1886E9248A47D18A445303BD
:108260008FFC3CFA7BB39135FE8BE327718C0FBEFC
:10827000BA9AFC7DF4B35CDDF0D56D48AA2E75D6B4
:108280004D125A389A15AE0157365872C7BC7DFA4E
:1082900096A3736C9DD6BAC914C73118E67C65EEF7
:1082A00090CDC591CB1F1F7D6E01A9CDED0BE2A82E
:1082B00070FE62C50D0D11CC6D8BE81E378D8DC320
:1082C0008113D911520A3BFCB63E0AC5B094B6C31D
:1082D000E3FDB3628480A7FA6560620EC1EE327B73
:1082E0009E1D1DE5C519F19E848BE8269E47EFE390
:1082F000BB28F99EF5E8ABE899040D0F130E1AF8A8
:1083000063E35A42CD7ECF07215C2F530ECDD4F8C4
:10831000D220E0DD822EDAE2D56906BEADB6EB7A78
:108320003B96B84D6B962EAC0681F27A9E97459E91
:108330002F4D2EFA1E5BD071C920F90673DDC97668
:108340004D1A44CE6F68EC768A527E091FAEF9B39F
:10835000EAC05912246D7B3BE71DF3E56244D0303F
:108360003B57B18D1CC4A3FFA4CC641CBC8369F033
:10837000AEC49F1F8AD13484FDA6913627FF50F9E1
:10838000396ABC6B53A1443FEFDA5C2C11B12B4529
:10839000BF6B73E1741E508D92FD9FE59D15BFADBF
:1083A000883E89111B4D38986D9EC55492872FA029
:1083B00036F28E851CC085C8FADB46C2753B2E6F2F
:1083C00024F86D2336276BDCB99CAD164E2B5A333F
:1083D000A9F24D9CF3E916B7B9B1389DE32E4E9141
:1083E000FB1CB7B9ED5CD61277CDD965B86945A449
:1083F0005FA3B871099FC106ECE080FA49B3D24986
:10840000DCF8DC6C2D7887DBA8351C5F3E3E5E8C8B
:108410003D97C5EE251959EE33263C4AD9B1771957
:10842000721687E8FCFCE8684B77982F564C8174ED
:10843000697974347F16B6702DE368AA32A9D72102
:1084400095F8F9F1919D3137CC619EEBFCCC955EAE
:1084500033D79C21100E7148EBFA4583A8FA72C2FB
:10846000943E697B236FB46A3A37C7D41267C8D881
:10847000653B8EA890675C7323A09FC7C7B3F19636
:108480005BE9E3643B3E6B4EC870DC925EA73EAE98
:108490009DBB31F144340EEF2677A3286ADC39679F
:1084A00054DD2DAA23367C59AA6E23D565A5EAA6EC
:1084B000E1663C47754BA96EF9F8381FDF6A7574A1
:1084C000723B9E3727D4D7D1DCB90AA9F899733B00
:1084D0009E922E254938998EA80153E73677C2908F
:1084E0003D1C5ED1208621471BBB62339664C0FFD2
:1084F000B1F6A50D6D234BBBDFE757383E0C478A1D
:10850000DBC6869064E4237C134256C84676BF5C83
:108510008EB1DBA0449618592610F07FBFF5547534
:108520004B2DDBC9CC39EF9D05B77A5FAABBABAA4F
:108530006BB952DF8EF862FACC57D1B3248F5B2F20
:108540006793139D3DA61B6E907B849EB462426D23
:108550006690A0AFEBA4F9FE90B0B84F60FB7C86AC
:108560006F8E0973AFD40BA676D587F045EBF53344
:10857000F5847E062753F527FD8EE334CDD4730AA8
:1085800031A5A9DE5068A8A3187ED95F3064EA1C23
:1085900001024D9D50E09CF024A29C5EB42016A5E3
:1085A0007444A1383DA5F522DC92839B4AA7212083
:1085B0003CEC10B64A0D4DA384C8880D421FF4341C
:1085C000EC6CB81E2F068ED5CA4EC36BDFD0927BE3
:1085D000FAFFEA9D9DAD8EDFF4E4B762B77466F7EB
:1085E0008EDDB6DA33FE55E1F4DAF5AFAC7FE1D3D8
:1085F00053F774C02632C521C718D3A5953E0F0D79
:108600008E4D5BE88C2D238A83C95128348DD2C7C7
:1086100036076E1DA54FB920418BEADCF197DD824C
:10862000DA3E9E7AC873CA93E0DF76F1B5456FA053
:10863000A7DE9B9F643C59CCF8E74F325EF2DCB773
:10864000C5E8F75AE915B0A60D1EDF69DFBE9D5BD0
:10865000A87B4E376672DBEB3404AA5A7BAF0F9FC0
:10866000EDBF7AE9FB1BC643CB15035E054FD3DF95
:10867000CBC9F5E0B54C17EE3F5B759FAE1BF64ED0
:1086800065500DA767078B5758FF080ECC85DDF5A1
:10869000DD2F0CBEA52121BB3B693785832DA1931E
:1086A0009F10DD045B9434B844F0B9DC774C32138E
:1086B000C6639D00E9AEB6C5A661DCD747B7135CBB
:1086C000EA743D03FD4BE9246EFB0D2FA304FAC0B1
:1086D0000F98AC7C6D4F71AB47C2BEA5AB585F31F4
:1086E000F238A3D8B925D32299936FEC8A74979D59
:1086F00090EE87FDC2DBE111BC8F56DE1E945E0B4F
:10870000CDCC4653DABDFA9428FA051F9F064A9746
:108710001E0E163D77CA4C881974833A3964426933
:108720008BB59B87C63539D117A1796629BC24380A
:10873000B53E72DDA14885EBEBF6B1C6E98771F86D
:1087400063DE6B08E17E6DAD1CBE1A7BEFA324BF18
:10875000CF63AD7AFD0110EA07BE63F573CFB33680
:108760003D6376F8968CC03DB0233159623852F1A2
:10877000E040C9480C141ECDCAF58E69BD6DEC4EA3
:10878000DC8D69BDD9A22A5AA55F50196CAB30297E
:10879000DC7FF985F1425D31D2FADA77F2740BC7EA
:1087A0005FE868D5062C2FF8622B5DDB4A412E2D41
:1087B000FA0892252BDC511523A04DD8B5B8F84EF8
:1087C000221EED1C83A515CB87B18FE58765C41EDE
:1087D0002AA5005C70C09EA7EF074CE0D94FBBC62E
:1087E000DABA195A6509B16AB3B0472B60F80B259C
:1087F000E7C57076FCA09A173E8BFAF5E7836436DE
:10880000C8AEEAAAFE589F64267800E966FA7D7031
:108810009E45317F23F6F92CD1FC13E3EBC1EC74B8
:1088200006DBC2F5437D9E6B6C090ABF228095D0A2
:108830004B22784CE4233D94E0113C24F5EB873443
:108840000CAEF020358177333D95D0473D4A6CF82A
:10885000DDD92C33C1C7592481C3014D0982478B0F
:108860008E964A57A4BCFC6DB52524A07E1AEAF763
:1088700072263DA453E047A89F955F846B1ED03FAE
:10888000817EA6F8E787FA48FF04FABDE29FA7AE0B
:10889000F9C7AFCE29D969EFE85EBD8D575EBF61DC
:1088A000D6E74B78FD99FE09708560573DA69DF08F
:1088B000590F60105A62BD85E806FB59E6DE6EFA74
:1088C0008AFB61EFAB16BEFA9C9F26293FF3FC237F
:1088D000B598BE94CC2D7FF5DCE846872A2E7A54D5
:1088E00044AA478FDCCC8FD861A7AF1E1539254627
:1088F00026A368135F7D937C852617532B894F9F92
:10890000BA4D3C4D692DD1C6D3A20D13A5CE02F7A9
:10891000B9B64C70C8A0BCD7D90CF29DCE662F6FEB
:108920002234570F1EA05467B35255AFFEE0809615
:10893000E4F5415D0D062BD30713B8CA9D50FAEA42
:1089400064A4D6D5645299CA2899E59A3B3F29A7D1
:10895000D2462ABC5D96990F359DDC23CE3C2D3244
:1089600017918A68771E2D3B55ED96C0E499A11F9B
:1089700044714C7BD7D64120463046A8E34E5E403A
:108980005B3E7781D29027395075FDB2302EDD875E
:108990001BCD8DFFB9F6FA83E68FA386FF3FF39BCD
:1089A000FEFFBD3E6A6C9C46D67A7BD4D2978C562D
:1089B00075FD582EC9FA351D2B09519BF45F4F7F69
:1089C000E927780D0F1051AC855DA924ACD74B7BFE
:1089D000CAEE7D0D76009DDF8D65D1B1186E89F1EF
:1089E00027C01FEE7779D0CA16FA187A055A0C10EC
:1089F000045B581063DF1E67A357F2D88F638D5254
:108A0000BFA409217A9F196FFB9D287DC2E93E858D
:108A1000FD8EDA549BAD6DB54D27CE8B901015C2EF
:108A2000679B9DBB0AA9B4EB3F98A8B6A2388E7984
:108A300012EA0F85CFD2CF6240FF052EE121F0ED83
:108A40000F3E2CF4D7797BCFEB4ABF09EBFF931095
:108A50009AF45CE936451FCC37AE1F21BE63E2A90C
:108A600099CD50771AF58D6B29B045B9060384EE80
:108A700052E86C1E5C4F2673CAB8A5F41D53863AA3
:108A8000B21DD683EBE9745E77D6F77E79EDF003FD
:108A900037214D77DBB7735A62FA0195B979E776DA
:108AA0004C58D756FB7644E4E5D6DDEDDB96E9D2AB
:108AB00007E783306333D42D8CD4196360A6654BEC
:108AC00066C5B7A3EDE76A9B1AE8A0950E425B085E
:108AD00025149920324164824838B4DCA4C6B7E832
:108AE0007F74E22EFD7F9FFEEF2032A2A4889222A7
:108AF0004A8AA86C44C991BA47FFDFA7FFFFA0FFCD
:108B00003BE871072919E5CD286F467933CA97A943
:108B10009462522A9522177D20B4DDE64FFA7B44F9
:108B200084543FA52551A55FEA557F3A47AABF89DE
:108B3000E6EA38E479E17E9D395258BABFC8142B71
:108B4000ACA02CDEA644EBCEAA8C444DDDFD8B2CD4
:108B500044726C539646BDC6106072563FEF94D96E
:108B600009D2B71BF5D6359D2218CDDF2C7754BA24
:108B7000422E080E20C76AA6866AACCEAD39E33312
:108B80009C1AA370BC13A6EA183FD9FA7ABA3356D6
:108B9000A7610EFC79029CFA9420708B68E6304F36
:108BA000BDD3854B6ED46B07A7CE35A38E6F6E46B3
:108BB000BD8EC4D92B8669FF0BAE051822B258A40E
:108BC000F7B837DEC8823681F688422985A270124E
:108BD00086273D3A752F3D6AF062E1FA8CD5857B98
:108BE000AB1164FAD2BD29D338DCE4732FDAD0CCD0
:108BF000079C2E74772631A67471986574980DC100
:108C0000D5CC2C129762B083464C70396B24F4B7E4
:108C10008316D2660E2A30E516FDAE1761605E231C
:108C20006D4CA5133E78096772B046BE63CA3C0B13
:108C3000A39D716F0C29C6F0A44164DFCC6FFE09BF
:108C4000C6488388C749F344657ED7944B859B32D9
:108C5000A20548C1C7193997556354B98636128998
:108C600028AE9A8D98166E4C7F2FC2F38D696B706B
:108C7000A9D9A9F1F1F47C303486AB69985E8A6E8B
:108C8000A78DB1EA88EB0D8C05BCDC53B8F71462F4
:108C9000EC4F8CF3B871AAEEFAFEEF9B77E05781A8
:108CA000BAE374A5A989BCEBB0A5FF26CD4DDA0CBB
:108CB000133A0188B4A6425CA2750F44B59736CF2B
:108CC000FA67A5CC8CBF31A679BA7D514C536AD0D6
:108CD000FAF2D3BEA6CDE7CC35E9EB3F94BEA7723E
:108CE0004D38F27D8F9AEAE7B9CA1395C71C013651
:108CF000A443B4E45195C4B6621812F0C4107C9B2E
:108D0000BD08DC175F024265F59220C7D119B39FF9
:108D100027DDBF7F44319AEEC24652E15DE4995BA4
:108D2000BF97C84B07D1B2663F395B0C1CB9824272
:108D30004A77A852BA538930EA970CFCC24D6E6C40
:108D400005CB2C2D88D7617015ABE01B498CDD6BF2
:108D5000997C1ABC2D952F8B618D4CDE026739965C
:108D600088122F390D89689BAEAF9FF53789DA8F4E
:108D70006E850384B7289CDDC213ED59FF0E85D3A1
:108D80005BE110E16D0A8F982B77D6BF4BE16366EC
:108D9000999DF5EF51F8AC5F0E850876DA78116D84
:108DA000B54C0DE954198723751E1EAB532F612F47
:108DB00004E554A60B6CA062FF4AB49373BA6AD25E
:108DC0000D67078CFE7AB359A7F5D3A039E774C5B0
:108DD0006DAAE6F696A2FFE00B5C1CAF0EC2EBE9B3
:108DE00059FA1D1E466279FD5111E11670707EAB75
:108DF000A3C4E9BAB8D851B0F3AAB369501410D1DA
:108E00008E4D254A5D0B6E9E2DF13ED559A461FC19
:108E1000BE74F8C2E57A494BCA71F620699DA71164
:108E2000FC1DDB44F359C903690518168B17DA2AB0
:108E3000C91DDB18EEF69813E76A04ADB73A0D2AA0
:108E40001AD5E72A1A5D0AB39B025309F103F734D6
:108E5000E81FCD553E0BFB84203804553EB49C1DC5
:108E600038D1BD76703F70865B224F7C7313B34B55
:108E7000697E6F675671C2DEB8CA5AC63FAB657568
:108E8000415E9BF3726D2EF1E78A57099A66BC34F6
:108E900017D529772026873B76784F9DE17D84CEB4
:108EA00084D95CC97C9AC55BBD5443DA2169666686
:108EB0009E7ABA6776CF34FA212BD0DDF5D8C13649
:108EC000BC4EC7BCBDBBC28B6A7AE9C6A624D70913
:108ED0004C4EA3649F5FC6A792D3C4BD4BCF116510
:108EE00044070D1C70D7D302FBA5BDC6254ED889FB
:108EF000E747797F1FD0A69F2B74E3AF17DEC20D23
:108F0000659E1B086DFF4D0835654B403D96727898
:108F1000CA3E0640AD04BEBF510D4A712552DF7CEA
:108F2000AEE0C68A10DF42583F1F2A2BC54F419141
:108F30003EA2807DF52FD279D5F3B12AA5038A2FE1
:108F4000161DA02F02F86C704A0B4D671A0C39BA27
:108F5000E0D38194534E13324B22817DA9DE8A5F88
:108F6000E4B4DFD27338451A9C0E44504249DCB356
:108F7000C9040F63B9AE24CED5F1256A3D46DD3470
:108F80003BE9704620C66D58785711C4589A11A411
:108F9000A62E836687863E98E2FDEA8C85AAAEA758
:108FA000DFA2F3A02F8E418E241377CC6683880531
:108FB000156B2B5885C56FB181E133E9D9F26E6627
:108FC00001177356E467E516323050CF4E4F061E38
:108FD0008800FAB7D5BEE7D7ED3946D947A17E0B51
:108FE000BFF1F999BA36060CF5F99CE6E0D8268C63
:108FF000D435C361A78DE85327BFB4D341F424FC13
:109000006767F3FCB236BD9AE67AD29C45AAD61CB5
:109010009C9FC7BA2931AA563FD4A7A9AEBD7F5697
:1090200057B5B7E9499AA714F754134D0703A7B5E5
:10903000971AFEF36A0FB2681053C24B4AAF1D0E67
:109040009229C54DE9A709581B53C203545A63B569
:10905000D9DADE24FD1AD59DAA57C4885FF3BAADCC
:10906000D22DF84F955F40B6251E11E29C4F547EDD
:10907000E24C1DC351FDB26E2771A618750AB6DB0E
:10908000EA74701E6CCBDEA42F169D7942512678AF
:1090900088F82DF3F198EEE720BFA0CC234DD7C67A
:1090A00069168D029A509170CE8F95ECF9203F256C
:1090B0004042CE09EC6769D4D621FA55A432011298
:1090C000F9E5AAAE0D66790A58A4232CD7A3A0C34C
:1090D000A2937ACACFA34DFA6508A133DE39DAAF7D
:1090E0002AA74821E76E1F36EBF500FE86DD1BF749
:1090F0007B09D67CFE195E3C110B83505FB1C046E4
:1091000004796A877F9F842970267E762322D5077B
:10911000273EDE11CF8A14D98828C29F0A9A67D8C1
:10912000D0112EF666DB271CB49457993ADD3870BF
:10913000769741A4FBECB8A9C5F331ED6B4172E918
:1091400030E288233C5E11A2FEA7E7E14D3F1531D6
:10915000011F6EE3BB11DE24531CD59CB4BE2EAFA1
:10916000FD8CC347FCDA6F0FECEE28AD65D2513AA7
:1091700091078D30B245BC01720F543105446544EE
:10918000B7D39DC1CD0D554403FE7E16C58486EC34
:1091900050D80C277386F36D79383F1F09BFB9D1BA
:1091A0005821E56226829ACCF0D68EF2413F3BA24E
:1091B00091B2344CB2D3EEF58F02BA0C2D7BA99943
:1091C000ED249552CDD857CDC4940363850EA529BF
:1091D000F8C406169ABA60064C69BDE562DE0D3722
:1091E0005A1B2ADF0F37FA9DCDADED7B47F4B1C78F
:1091F0001FDB08AE851B1DFA390C1D274B06D1D687
:109200007C1CDE61E98536BB4F8D7E27586B43EAB7
:1092100088D051C2D55A79BA7729E28CB4F93DBFCA
:109220000FEE2A54DBFC9E0E445EB49CB807D5D7E3
:1092300076335709185EB1CC9772A6527C7B419E5B
:10924000EF5DFA3A9DD22CC5860622E84DC1008911
:10925000400AA6DE1F14680EFE35EDA5DEBD32B84D
:109260006D83F95A90EF05F97E90EF826E9DD1687B
:10927000D62C81F4C4A38A3823D3B4D31D5D389E81
:109280003DF472FB1C51CEB3CA201F911339A9DEE5
:10929000785390A765DADC29E9E4EBB81BF2D1DF5B
:1092A000998162980BC32F3A9B126A1C95CFD5D92E
:1092B0000E0D727577B754BE4B3DCD36A66E4F037B
:1092C000E7E9297FBD247F21074A2CF8B87CE472A6
:1092D000BA18A1B1FCD5D28976B574D86EFDF787DE
:1092E000EDD6FFE2B07D4B5DE32EF1ED2AA76CDBFE
:1092F0009EB2ED855396F2BF0B2B577FA4F267E524
:10930000E0968AD388A83BEFD4203E3F1BD0A13DF6
:10931000A691129ADA37F7EA5B755D9CF0705FB63A
:10932000187B45B140DBDF8765CC7223C5D49E0F27
:1093300092276890AE89C58657E3C716B44CED06F0
:10934000CF88E644C21A7CAF8D77DEBC750C6C0406
:109350001FA9B8F36410F3B23E04968E682A08EB96
:10936000B7D0F5C45BC8D1B1399AA9BFE11535278B
:1093700025328BF5BFADFD9D10999BA8736E0D2C0A
:109380000BA263481811105A79EF29E84D1438DF01
:10939000B994738E92878B54E706A1380C9B4FC308
:1093A0006B7097DDE5E3AD489346B70A61428A8F5B
:1093B0006473E34A170616478B902DCD2206A51F2E
:1093C000165D7AAA4C9592C648D3CBF0DAEDCFD78A
:1093D00092D99BBFECEB827C14FDBAEB6FFA2AD0DA
:1093E000EA3C4E731EDC7476C25EA55B1C237714C8
:1093F000FCD9CE926A4A687318DE6F1EEEE4B7D8C5
:1094000065FD39F295373BDD8785A4DF206C776DEC
:1094100039C3D91F74078D866F22FB8323161C2D39
:109420003F5BCBB511D25FBC437B3CA2100248EE40
:10943000C1F165F12C6319A6C8A52D08D636719225
:10944000680370F9516082CEED4F271B11A627E902
:10945000251DEB99286871A18C8027C850CB50221C
:10946000D27ED4920D47B9CCFD1AA47D5DC2B689D7
:1094700054E3A5021DA74064B39D8798A171AECEA9
:10948000284008BB1A8586A257C71412216A75EABC
:109490009CC24FC14B2DBE3E38EF5CC31681462F98
:1094A000211CC4B28E4ED504EC233552C72AFF537B
:1094B000E56F54DE51399DC877FCC0CD37A19C675C
:1094C00094F39872E6CF554EB4C3A6CAEFAA7CDBDC
:1094D000BD391EBBE41B38ADE0B13E668FB7C9682D
:1094E000AAF46E5508235A218491D17E046496F320
:1094F00085831D9E2A01F74574E748A415E31B8860
:109500008C7222DDE89BF67EEB278A25499B148727
:10951000DF4EB0859F4DA8B397DDFDB812472AE016
:10952000C2C1FD3643033ABD6C71B1D0275EA9526A
:10953000161562A22964A1021BA4BDBB05AD3FDEC6
:10954000E4BD8E04339349D2DB4EC73EBB287189FC
:109550004C0B300B75AF2AEC3F35B25CC1632C2944
:1095600075F6FCF22DCB675D84B4EE535EF7FC4DCF
:1095700090B7BB1D7C52E32CAB26091D2202FD9E39
:10958000771C2660D4F90185C0DD4D044B3D0927C9
:10959000DECCCBFBC77424504B631F9273136FE870
:1095A000A5881A10409C53D495C9755AE6FACEB9CD
:1095B000583C76C0431CB07C982D71C05CF4D774C5
:1095C000846E3E22F4D64EDF8577A0AED4775F213D
:1095D0007052062EA984EBF230FF549D2461A5B38E
:1095E000883DE4362C68B5FDEBD469C83057F8CD1A
:1095F00037EF0404C440C20B010A575224EFE616A9
:1096000028931082132C4843EBBEC34F9606394370
:10961000B839E8EA1DC237A784F30FA83F5AC58DB1
:109620000C6F02C82D8CA759983422CA3773F235B3
:10963000B769012967A3D32EF0B2D419E08B5F116B
:1096400046A69745D76721C35A12C4D4064E4E2268
:109650000C66DD19111456741AAE3DFB33D3F1615B
:1096600038A303688621A11C8BAF741B8DD9BF2042
:10967000CBEBE4EEFAC8C56C73CED26C4AED4B5915
:1096800050295451757F780409D1319D36BDF300BE
:1096900011E323B08887CDA87B1EA63B6DC8558DEE
:1096A0006E6E4644B8980C23C3393D0EC70DCAB43C
:1096B0000321D19D14F98E6F6E8E91EF8CF31D1FD7
:1096C000F944089AABA84F605FCAB0B894DC07476A
:1096D0005C83253FF538E0E787E701DD4D7A4218E6
:1096E000887601E949792D72F6FCCF808EB8443E28
:1096F0002A4006CFC5AD41367C977A65E43CF859DF
:109700009E84A2238AA63C380BABD54946387FB449
:1097100075556A72924D357E61F941DB1B9000A14F
:109720004D37511B99A9FA011340B35E5CE6A0CDF9
:109730003C1059D27463534D373659784D7BB3F290
:109740001BE290516340BD545C7523A5A2FCB70198
:1097500011B732923E23FE3B339136CA8930C5079A
:10976000EC2C1ABEAFB0EDD85B2E4FF09F06919552
:10977000D181F326534913943F5F959630BB397FCF
:10978000534903565D966BAF4A33E53A21AD6E9B64
:10979000C6B8894087025BE1CAD572D793EEB59F00
:1097A000644A0A7D13CA74275CD89F9CED44FF88E5
:1097B00074B63BCBECD08A642AB2FD378A58A049F4
:1097C000D18A83BCDD2F3C9B7B6ECFE852C027152E
:1097D0005BBA12D4B1BD1470CB5F9B1B21B8B078BB
:1097E000F9C99C8E3E800D5F02DE694808C024CC1A
:1097F000B7086628FC1CE1BBB2312FC18A3811AC16
:10980000439E40AF42FA06D1D434D1FEC626A5B05D
:109810002CF4E6ED2B6471CF77F5CDFDB86606E448
:109820002EB31FF70DAB704F092613AC811000A6A5
:10983000D5CD3BDE37B5DBFCAEF6E9FFBDC6E6EDC8
:10984000EF6A0D7FA54F876C85A1906D9C12D66045
:1098500077F1055F4EBABC9C128A22C2195133427D
:1098600061CE882C3DA54B256F5C81C5314190E6CA
:10987000F04AB5D5E6ED0F04AB3816333F8340F41C
:10988000DE6078E61DFAE51128C77E0C0515415B00
:109890000E4B05A86B435E5EEEB47B0782AD33775B
:1098A000FB40E8836FEC6B651A6CCD2B17D91F8ECC
:1098B000E0D70270D0C02288C3B38A45CA7FADFF0B
:1098C0006895715ACA7F2532B2DEA5D362C3DD0B1B
:1098D000A9FAFC0D340339D476581DACBA65A68CB0
:1098E00090B45E6B1047A74CCCA982B2B218B740B7
:1098F0001A3EBCECAF20ED82F0318B7E9C6095B0BF
:109900001EBA588C4B89C2EB8D5D8C0A10BE01E0EB
:10991000DD1320245A98004716FC8AF258BC655083
:10992000E22D047376DA1D10E369AF5266F07B3ADC
:10993000921013AAB23CBC209D3941EB77F330A6BC
:1099400008E8D4BEDA0B09EB5F83EE813A0C4F08CE
:109950009EE80AB9829237DD660FC2F7DE94D7A976
:1099600073FBCA578F8ACF267FBFE6FC0F28E32BF5
:109970000E3DA2D05B56912DE0C75646880316D502
:1099800000537865D7E3840118900BA8EDE6617861
:10999000D833DA743D6F37BCF4086EF742519660E5
:1099A0005056BB3E6DB25DC4D2F1BEABF67CEABC94
:1099B000CE29B4E6FB8641C28A476FF15A16787BFE
:1099C00046D302C07FA8F6D41A86EDABFDF0B050A6
:1099D000DBEBD99AB939D4BC16A2092A5CCECD6288
:1099E000CD3ECD161DBDA67AFA595B5FDFBF151EB1
:1099F000AEAF575BC292F6DFA96744B23D6685BA47
:109A0000524C396BC9E34EFB56F8CECEC7778E73F6
:109A100031C603BC5A5F7A92F95DCAB09931829916
:109A2000B1F6C13BDEE4B97A85BD82C06B5CA1D0E2
:109A3000BFCE5A966921B5CF08A5EABE5D5F9F09E2
:109A400062D16AB508F5028C6345AF08F50451F997
:109A5000BD05A00967D43B040A4A748624C058484F
:109A600008E94C3160169BC262273492673441DFAB
:109A7000990E02D9F7ACD767245FEA385080E34AE1
:109A800044C73F0A2A11B0CEF1DD3D3692A47A9741
:109A9000D07C8B0CBFC55F3B166114B5D392F0260A
:109AA0000C006A15BA4A7853D1C2957C4EF4B6A31D
:109AB000993A2DC5EA35A534757F4A18DB6C2767BE
:109AC0000D36A87F3FF1124E32D752135F53FB453C
:109AD00087D1341CCC57A0B849BC8A0233982D35A5
:109AE000BFB993F90EBFCF68E539D83CBA484BA54A
:109AF000C5B80E61E5501ACAFC98E33A627047CEC9
:109B00006E83C78B8C7806D831C1268BDB381F0358
:109B1000E7C391C06E7729C2085F839104D1EB46F9
:109B2000E788F51BD500115A223422624420DB0657
:109B300092BAA012C2184C73E708E00AE50EA123FE
:109B40008D950F582404A126B422E4778756046922
:109B500074A7246071B4038F7F61828233346034D0
:109B6000D0DFF0E8E245A821B1FE86146F781CC969
:109B700069369AE6299A3E8E9228D75C170C1E49C0
:109B8000DDB469923EF50BBDCD9A9B4715217AF461
:109B900057E4E7239EE0186DC5471B5B0AFA9D0D4D
:109BA00088BBDF36119488B92893F195F04F358B37
:109BB000497308209EEE8857F950E7CE75957925B0
:109BC000FF48D7D231E5F28942BF4A866F8126D35A
:109BD000E1039545EFAD57CF3450933A6DDE2483C2
:109BE00026627D3ACCD2389608700529EE823E581E
:109BF0000A2339C56D85D7D750CFCDCB4C4250966F
:109C0000439F7E1A02F1723A3158E4447B71AFCF20
:109C1000F007803B2A643A0BC16B3FE0E4A51428AF
:109C20002AD9078C98054C106044D6DDE5B365CD84
:109C300043E6F731054BD45E859449868B1C47C3B8
:109C400018D7FB419FE21DE64732FE795641295B5A
:109C50001DCC9453E2FC274C782EF390CB140C933C
:109C6000589EC76EB90F0BC9D9AF2A78FA372A8028
:109C7000EAFBB59141B652A830F0050BF5039AD333
:109C80000DEF7F460DFFFC72435165C059BC247C2B
:109C9000EE7971D888FCDBDAF759B3DD470FDC9930
:109CA0003846AD790B5CEAF5F57EDE02F35EE5AD94
:109CB00082E57F54E0818ED4D4A597F7378F08E5ED
:109CC000A54382CD6EE14FD9917EBBF947EBA881C8
:109CD000AE24A6D59C05472A4738AEA5999AC898C0
:109CE0004E14E1B7744BBD52EFD54BF5557D549FE3
:109CF000D527F527C3A38E8D1AEB632F171626CD14
:109D00000B54E8B4E8683A12BDE38A0093B70553F0
:109D100064C276D291A7E910D101EC450C26B49C1F
:109D20006055E47C67E67C67B2753582D83B4E218E
:109D3000169D92174298256BE6AD632AC04CF563D9
:109D400028EB9A6F4795E57449017B5C91C68E1BA1
:109D5000C96DD6BFCE856DD78C82684975EDEF97FA
:109D60008F02AAC12D7FB00466D82C8C313A7D0BAE
:109D70009C76E6348D05F734D4A7CAF9FE10EA13B1
:109D8000598335A0709422763C43519BD7AFB106DE
:109D9000599AE6E19E5787CDE8BC4E67A8184268FD
:109DA00045236846BFA65FFE20A288BE542E561AE1
:109DB0002007C22641280FCA36F9A3AEF46BBF05AF
:109DC000C347BB047B3A017C73829C4CFA59B8EFC1
:109DD000D58783E4623025A0D2EFD1FC30BF84DA8E
:109DE000C9A9963297B957DF1C21F52177AA09FF37
:109DF000075C6F97CE4263F3423F549AC94F119468
:109E0000A26B47FF00435513E6B74D774F4EBFF7A0
:109E1000FDF5F57868AC8B683E6BF8D5C5EABDC436
:109E20002D680C65D20807512F5DB80F5B83F37363
:109E30009D8C76612ED3D3CF4C911F28C26645B836
:109E400004425C008A328DC71EB4145E4187980EAE
:109E5000E407A045200AABBF86E0E8BCF4BB1E1EA9
:109E60000366A75132BDB9E91FF9C5AE9461A4E7F5
:109E7000F994EDFD4910DD85C50CC2454DE35F60E9
:109E8000758F8A428C53E98FE88AF07A818CEBAC2B
:109E90004747BB7D2742FD2AA7FDF01E0750E0C6BD
:109EA000B3DE5E7170E722E299336E1E9897986771
:109EB0000A12C1501A88F9E934E49A11927A09A178
:109EC0007CC59790FEC49DE0038F35C65EE09B790C
:109ED000E5A081F18B125DFD6261AC8C0B43B9C2D0
:109EE00060CA620809C6F63266B7D32F504A3BF201
:109EF0000F40396984FA23B8D60BAF1301C5DA30A5
:109F0000D410AED1D1F2B5AEBC729939FA793577A9
:109F1000F4B3618FDE4AF818BDB9B905C92C0AF946
:109F2000B0411225335126657C90A5DFE804235407
:109F3000FAF74D350C4BA145AC981A835196DDDCF0
:109F40006C816FDCEC04A2BF28A7B1C543E94CA724
:109F5000FAE3F374DA302984CDDF1EE38CEF268F29
:109F60006D6E9CDDB89887AA3E344660365984935E
:109F70003DD3A7D83C2D78F1F0D824DFAC47F704C7
:109F80004C80516C69452457CF89686EE49B1B9BBC
:109F90003E173086CC3CE9DE87E003CC5E1088C4F7
:109FA000D4A9FC4D23EF80A51685396766D204DB62
:109FB000D1F488F15CAE454F731842E1A76AE664BC
:109FC00086906903C98CE1428BBC3A73A3507FEA47
:109FD00027F64DE838643E9F30B04FCD07B8FB44BC
:109FE0002E3FA7C68842A1A920421CAB004DDB2909
:109FF00011E234F69139D42F0AB19CA7C0FE820B2E
:10A0000022CA9D648ABD0032D3E400E12EC1B9BAF0
:10A01000A2BAF8A19BE8EDA4252FDD44345FF17AC4
:10A02000F79E7B57CC0DA2568336D1A14DAC8F4CF9
:10A03000D56D9AA1CEFD365191FA2B6269D1D0B778
:10A04000FD70B7E11D3426FEED71379211ECB3704F
:10A050007EC7067921C7C51A527C221C8ADE148F5E
:10A060003AF663107CA34B6D1AB477BE51982BB2AD
:10A07000CB1DF0220D82A9FA7673C3F5D627D168DD
:10A0800044676C5001049EE1BDD0B446186AD232D8
:10A090000FF744E4167305152C5C2D782A3BF599CF
:10A0A000D0A5E1C82B71E559EB70C5B3561E1E82D1
:10A0B0008E778DFD08AB365C834E71C43F46E11A46
:10A0C000571B9D63F57A23F75B119DAA97AFC61EB8
:10A0D000B478FC1E1E2773A33CBDF13FC9C6E9A49A
:10A0E000FAA296AC6C1AA87DF75BCF2BE1BD02E318
:10A0F00004940D7D7BCF05EF6F55F0CD21D857052A
:10A100005CBA3F2B196C25F3F9FCCAA052C9736FD6
:10A110004D5D152A41312869228C2F7DC27932B5D7
:10A120004B442D61515715AE62F528B86A41CE985F
:10A130007E86837359A407102CCFA251F781DBC60A
:10A1400083D56DF0046F061D09E4ED207F63829BCB
:10A1500041DE41E30FDCC61F541B7F208D3FE0C66C
:10A1600089C62FDAEBEF1E41D85BAAEA10A09AC08D
:10A17000A69C22D24EA7D2CE77B79DEFD576BE4B06
:10A180003BDFB99D79FCD0AB8FB2C1F7077408D71C
:10A19000E9B6957BC73D8E935D3C2179FA637127C3
:10A1A000584953A822234D9BBE7AC9275A18D89DD7
:10A1B0009640DB37DC1A4DBB90E8E729B4A61F4276
:10A1C000E29A053650E9FBD6699C9E0CE2078808A6
:10A1D000938736CD1ABE957BA4DF563382445C1B31
:10A1E000857A8123C15BD8F89D79C97E93A65F25C6
:10A1F000BB20AC138ED96B1431465550FA4415AEC2
:10A20000AF53FFBB7EDE6C5653124A4101A2BE7DA6
:10A2100022BF0BCC1F048D879E10C6618684974F8A
:10A22000FCF2E4AA842DE48107A03A84CE3C5C3998
:10A2300044BA272106F357F3F9F7E7CA0A25982EFF
:10A2400051DF5FC83A74CD75594DEFD940AB644BBF
:10A250004252C10AAA50DB6634FB2AD903C33A2A08
:10A26000534BC0C7164C084922742012FB56264B8C
:10A270003931F2EDCE0FD7485792F490A8FFF9AFDD
:10A28000E64959E83C64A8ACE38D650E5633541694
:10A2900009C541D22B5C0C84B5D48146D4555D00F0
:10A2A000B87E5448FFE9E7B8721C82A5ED9576099F
:10A2B0003E3987241DF1566C03081863493737FA75
:10A2C0009BCF7C12FDAD3C4CE3D6384B273ED5648A
:10A2D000428A2B329231149668F0A344C8656E7896
:10A2E000429E69D2E62460FBD0CB9F06F90F220A7A
:10A2F0007C1043A15CBF39DF7E13CD6A316C901EA8
:10A3000042807B78B6A65E788433EB0F6CAB4967EE
:10A31000EBEBB7606ECDCBB0017918902DB2DA3F80
:10A320001036F25914F4DA4AF64886DE8F4028BC1B
:10A330008E82899E007162A1484493ACF88F54B11B
:10A340009CBB53E4C69333F50EFBFE1675423F608B
:10A35000D951F35C1DD165EB59014AAB90C4243F40
:10A36000987084DF9BE101BB8C2016D44B8681CC96
:10A37000CB16EE5C83209C83442CBECE02CAF4CB69
:10A38000648803D0853DCB53548C6EC917629916EF
:10A3900045B40912CEFE10F1202B71C3D2C88D51E5
:10A3A000CD79C9FD891870EAA0ABF17B55671C0E09
:10A3B000B3EF6C644696DB9EE129F8D8E59F7F9168
:10A3C0006881CC679014D4B9C300F2E148346E655B
:10A3D0004478AEA030BF57303D47A4CCD98F3A2B3C
:10A3E0001F9EE209EC84F0419B70914BC209124E12
:10A3F0004DAD5B2C975519CCA7E2D4E43D601823F2
:10A40000A0CDED633B93E8B4247A0B10CBE023B4EA
:10A410003B408313E742CC4B4E9E3363A2E02E6851
:10A42000C81F507842795AF8527D516FE82F406624
:10A43000F41DA8904D72C9A41F435D1833FAA507F7
:10A440002DA9BB7E90C7F851FA7E08C5B4BB2A8FF0
:10A450003C49D7F7823CA1F290BC4A43505E77E971
:10A46000CB33EACCCDEB8303FAF3E8D1BC6615938A
:10A47000595519B9C17857F910444FAC4F895CB49C
:10A48000B26C03B05F3886728DC37CC8A720540FAE
:10A49000286874A6BA14841C5E98CF28412E5840B0
:10A4A000910DFB88C5D56A2211E438B97D4DAC7C8D
:10A4B00070BC25AA4CD028738DA0A8806E9EF2DFB8
:10A4C00009ED2B48F55FF31B2175011A5E76733198
:10A4D0007D65A82C477AB06A9F231FD1069CD83B84
:10A4E000C0EF311E4057A21F5C1F07EDB99F5FC030
:10A4F0004607C45AF158918F990FBF06A23F87892A
:10A50000CE3A804AE686297AF58A936065B52E1A96
:10A51000B96B341A9A25A899A16A7C4EFCEBD79C9A
:10A52000ED4C0F46369B7A65A091533213FD5A6E5F
:10A53000653620B08BFE72319388891AF926069F02
:10A54000553EC5AEE8571E104A469D8C1220D17567
:10A55000EE0D6609562139011F7523A4BB5FC8B1F2
:10A56000CE21EF5D687C40E27BC990507E58D1F8E7
:10A5700012E6502E361D41EB5FE3DC83C956429A4A
:10A58000698F983B8E2DDE315F1885215D1666D46C
:10A5900029B1F50836A1FB16FBD69560AB545D7268
:10A5A000C2D9C28B5F481EE22F6DAB779E601C3113
:10A5B000A45D3465D435FEB0580C21376B2D492885
:10A5C0004494DF11B999BFC49F2FF8F3187F3EE37D
:10A5D000CF27FC79813F4FF0E74FFC798E3F6FF03A
:10A5E000A78D3F1DFCD9044D1EF3733940922BDD1E
:10A5F0006210BDCB7FEFF0DF6DFE7B9FFFFEC1EFF2
:10A6000090C578EF592EB097D0AEBF85ADC8BB8747
:10A610000E61FE904779980FD5C66AD61BF6648204
:10A620009ADBDC0AD4E73C97A9A90B09DF9A799A4F
:10A63000EADA5A431A310D355745CD210D9FC69D93
:10A6400060DC3CEA18BD8CF00757185B165E3CB521
:10A65000F9914B505C6DB80C224F0CB1EC5C1DB302
:10A660002C77320F3514B51BD6F69150E0D6231057
:10A67000CB75B7FDEE9491E9FCF7CD9E977F698687
:10A6800053057E29853F37289CF25369260FA6F98A
:10A690006324B725F91392190A897463BC89EE8F74
:10A6A000E48A5F79F0DB2118C3EFE65118E177EB1C
:10A6B000284C151A48BEB1A2EF378A5168C4841ECF
:10A6C00073CA26A7E029EB13A7B41DD57A7BC65021
:10A6D000A1FC8BA279FBD4C81F4357FA33DC497C19
:10A6E0002A9734F2581C6EFA3D8271E5C8BF1E0EDF
:10A6F000684F7602FB9EDF20E86F665D8EDDB4B1A9
:10A70000B91BBB65639326C5364C6CDBC6C6123BD2
:10A710009FFFBD65112719B4348CA3A7D33082FCE9
:10A72000558B57A944957951186B65B68EC9542C31
:10A73000154FB035E9380D0DC877693B88706C0846
:10A74000A9AECF445FB5B67DEC0F9694E5C84F3601
:10A75000B263C56639FA8B8DDE2C646839FEB1C4EC
:10A76000CF993998A3E9D2C0F1B548AA682BA9922C
:10A77000CFFD6BD940BE6C3D3A03C18C65954F7BD4
:10A78000959DAB6BD11DBC0A183D9CE392962CBEE7
:10A7900083E912F22CAA77855C61DE626D3EC5D337
:10A7A000F72D3AB70F629E7CF67A7D3A5BD858ACAB
:10A7B00079B72D9C93B4A0F127EC41847CA626A008
:10A7C000FBD7EB81455034155A313143ECB42108A5
:10A7D00068D535CC4C6790622CF2F57A7AAA86E17E
:10A7E0006007DA357ABA33106E9D4186F22F018107
:10A7F000E439BA6E0496A133AB46F41331564F4395
:10A800001A4CBD11B4820840C3E24917564744E3CD
:10A81000B090DF14BD79704262964DD461660E52DD
:10A82000C28774B3596342D1D4671E308D55302925
:10A83000BAA224E4641A8D7F8DEC03F342F9C89424
:10A8400037D20F82B1DF0A23BB22E74DBB58BD666A
:10A8500067A31D0C7B27DE19DE7A75478D717F4358
:10A86000CE2CB4387FAFCC12B9599AE75DBD93F7BF
:10A8700072D6E32238F7036D8289B1E2501BAEAF86
:10A880003FF1CE9B289A15457DB60E2B93E6E8AF97
:10A89000C96BA978A4A1796745CD50CFB1CA163943
:10A8A000A2E031349C71F073EE182B64146A939813
:10A8B000B72CA3DF12A43D19332FCFC6C93E8D1D7F
:10A8C000BCA9F8E0F802F3B2618EB5D894091AE099
:10A8D000E4072B5669B5FB43BEE88215A591D6D691
:10A8E0001C1DE648AAE7344C3206628238954CC4F7
:10A8F000761E91F41745E8C4849C27DA4BCF1AD60C
:10A90000669200169CDB85911B43247CEA6BABFCB2
:10A91000C6745D62BDE674CD2F1E250F61E2B540A1
:10A920006813C8D1506529FF7D6D8F277B7831B1C1
:10A93000548745A17A50FF802AEA2C6EC28D6B3372
:10A940004B96FF221AF99DC08494E15A58EE05C136
:10A950005E4AD731E245BAA564F6BFA384FC2398CA
:10A96000FDE68D040F27C587D22F2589A5AFF8E115
:10A97000C42621BE5C421B2EDF0E7EF6A6706C0B39
:10A9800089CE75E8705A8E65258B7D9CE359B4732A
:10A99000DBDB6A6CDE86994DBAB90D44D07E248427
:10A9A0007F8B794006F40C0088EA6F6EA400B950E2
:10A9B0006BF336211A46A6CB76D4286C51126BDD88
:10A9C00010663D55C756EE0B67C77121F23557B675
:10A9D0000D42BE4AF0B6D06D7826122761131B17C0
:10A9E0007131621C802FE1DD2E142285898638B3F7
:10A9F00014C5645BD45D50D4AA72BB1C51EC9B6A35
:10AA0000727373CB60C7867B505ADFDCEF4A6136C6
:10AA10007A693074429E0D3F45BD52AF5AEC8CEEC0
:10AA2000653A627505BF7BE0654ADBA7456D1E622E
:10AA30000E588DD348CEB8B8BC5C3F20818A9B5A53
:10AA4000CBB39C1058755810B0F06BF0E1336B5FCE
:10AA5000009CCB6EE25851970701B11D0F6567A1AD
:10AA6000B72423DB0D2A682D891368E49285D792D9
:10AA7000D0505E92438EB6297529464F2C51320034
:10AA8000F63DADD01D6603AA5C70B93333726F6AB0
:10AA90005A609F2E76D3EDB47B0B5D092ACDD21977
:10AAA0007E58BC9112CE66644CCD196A56A79BC0E5
:10AAB000D691BD6F3F164C7AB940E89E1BE659FC13
:10AAC000425FC182FA44E7030AFAB740BB1A3B204F
:10AAD00025C1D89AA693C255030F2067BD27C3731B
:10AAE000ECBA6CC99C9936D73172C5139A16DDE35E
:10AAF000DB085AA3D01D55C0C57F30DEC240021B03
:10AB0000287CA150E6C42AD34BC5F3E5BCC2283E3D
:10AB1000A50E1C7A2333723B6CDCAE09DB89997875
:10AB200095E1AAF862A926A98A29C5EB92BE1C3133
:10AB3000F4F2D15A07ECE9CA1282DC5551A16366DE
:10AB400018BC998A8EE6F2F49F1FF3ABC750F35BF3
:10AB500044C4A25EF969350E6C5E9A63A1BCA52E51
:10AB6000E181C8020A9CE733B790DCA6B28E4BBBEA
:10AB7000D481FCE2C22CD9B1822BD8ED7A40334C7F
:10AB8000E313C4AE790EA60FA28AED4857896AB2C4
:10AB90009538107B84F0C35464D5294242171CF6C3
:10ABA000B14AE666D0061301237152E935E5B97062
:10ABB00023C0D93FA946C8530261870EAF16EFD113
:10ABC000366261B8D6062CDD7A1F0D7E4487B2B698
:10ABD0004FE32285C42FE2102615A211A748FE8C50
:10ABE00059E74ED33824E906FE080D2AC8E053A3DE
:10ABF00044F52E352AB28A454908B4289C98E502C6
:10AC000056524EDD4F73D99430814808D711F92E32
:10AC1000BDA20D9D4D73963E005FCF78BEF0E789D3
:10AC200015F3F14A38E0066882ADD86465BA4DCDB7
:10AC3000450DCEC44BB913F7D3372C723BDE3A38EF
:10AC4000AA025E57619F2859FB9F8BAE7C775414F4
:10AC5000FB866286851942DE7E877A52DB51E0638D
:10AC60003BE886C10F2BC56CDE263626C42998C169
:10AC7000BEC1732F17D9FC8D2D9FD9A2535694A313
:10AC80004429D5E1AC5CC716075353EA9594C24BEF
:10AC9000F74010CB03E06BE7043411A16290BF9042
:10ACA00020E420BE2BFB9FC3DB1F7A2CCCFB1D3383
:10ACB000917C43E1635B3A39708526B461CE5C01D7
:10ACC0005455B2AB927D2101923DF3BB66604FC4F7
:10ACD000134A5B24C9A14A1EA8E4914A5EABE495DD
:10ACE0004ADEAAE49D4A9EA9E4BD4A1EAAE4A92917
:10ACF000FEA3C2E7485E16BB7A6691309831D04A0F
:10AD00006EDDEB64376C5764338B6D609E5293DD60
:10AD100006D131DA79F4025783D544C399585FC319
:10AD20003B60E1D78FDAE9F78FB09B77892678CA45
:10AD3000A490B5716DD86EAC7D85F6370B6FA814F5
:10AD40006915E4017646123559D09B4C764DA772B1
:10AD50007EBB98971D910F0933ABA62D103965D393
:10AD60005D833ACBC7EA4DC03F18383E81E22DC122
:10AD700045888603431ECB92FCF07BC957CF0FE278
:10AD8000534F7F200244CCBA77C055F6C14DCAB7A5
:10AD9000093D14220F7839784AC20572D9405F1DE7
:10ADA0008740588DB665D07B78C1EC7958F0357600
:10ADB0003DC16BBEC6D271BB4DC21979AEFAC93E58
:10ADC0009D1F26B87724FD86238C649FA2933D3F68
:10ADD000308E3CB63881BD5FB08F0B8D9E1AD1414D
:10ADE0003C4314894F17132908DCBF471844E3B9C3
:10ADF00077FFEE9D761BCCF040B28BB2A5084142A6
:10AE0000C0A3E8AF2E01953B2D4727B6BE4C9772E5
:10AE1000CDAB2785E708D152D444830F55427FF547
:10AE2000AE8AE987BDE7D2DDC7F119221817A293D0
:10AE3000834EFE437988136CE5901D96258744A6C2
:10AE4000AA88121F4822501793F480C84905FCE1D4
:10AE5000912481FFFA51E88E479048C928E9559915
:10AE6000F43CC503CB2B704371CDBC2D5376074406
:10AE7000C5BF0D810553C26B4247DEE382DFA7A445
:10AE80004740EB92D7A12BF1973C2E25EEF29FF491
:10AE90000C023194F4CE24D1BD4F1F180A5A7826E3
:10AEA000B1C00804914E9E8589F4EA7D99F4703012
:10AEB000D5E81D4552D79CE61D3D5E63C8BE3017E0
:10AEC000CBCFB70E60178F72B97D91E32713BFD434
:10AED0008321F86AFBEC5623D95371F1C0CD66BBD0
:10AEE00084FC4701BC8669F3C0B568314CDE2C6137
:10AEF00026001A128EE54798A90FB3D2F223011E3D
:10AF000051F85658905FBF7152B35C7D8C19CB7766
:10AF1000227E2B24B4D4E24431E344383B337FC156
:10AF20005699233039A501A06DA181633FE2F775E1
:10AF3000BC59421ADD1A2E6F166989A4E547553DA2
:10AF4000A758BA2C32DF459763A7CB5EC4BD8DA44A
:10AF5000B719BBEE707A4B306F7BCBF660C47709C4
:10AF60007B2EA1A6F8B10A1E196C2C7DA68CDA697D
:10AF70007EC1626617E452B90025414EDCB0E6702E
:10AF80009C8589B148FCB97C4D2D1E4A1DDDB9E474
:10AF90005385AB8F2B455B4310017F740B436215C8
:10AFA000713426F884EC4D0A1AA12270FD4298DD16
:10AFB000A04C0ABB0462DB07926D3D46839C9668F9
:10AFC0000DACB2D2587494CE4541E9CC68228D0ABA
:10AFD000A2F6381CDA3E19DAF6143108A963A196F4
:10AFE0002714C1A13952981AEDB219D589184045D4
:10AFF0003F2EE4B43A0927BF6F6E6C768BD7C453EB
:10B00000280E85133A89EBFF188FC7F5E0D8AAFA06
:10B01000756027C0D0B1EBEB273B6D40D1259F0178
:10B02000A5CCD0893AA1CB2329B8D26F9A938D4D64
:10B03000B0A5DB1CA059EE3426E04C6F36265DEF40
:10B04000C2D1D9F045A9B510BD4D7AC907EF584D09
:10B05000D450046186108451A7AC5A3652672C5ADA
:10B0600037A1AD6492B35032A4218C2F5D107E4481
:10B070000815E14123EAE00B578423F10B9EB463EA
:10B0800049C04031FC327D2C8D32C05AC829AE7780
:10B090003762127A765659EC800532BB7ACF9BE044
:10B0A0001499307AC202C813AA3A9814F61F65C6DA
:10B0B000BB4383694E4A2F4AF680C0F6C251933390
:10B0C000E28E9346E9F2A0C18ECBBB8EFA0D1BF344
:10B0D000970D75AB0DB14BB3BB6E75E6DEA9C870AD
:10B0E000F83D9A635D8068E2135207775156B204C7
:10B0F00030E60713737361BE055A2FCC3443653FA6
:10B10000571328BFDC6AE32D6340C763992D2DB325
:10B1100041816F01169A27AA79E26E8A0F55CDA454
:10B12000525B90F02CE73EF49547CDCC6E6EC6BED8
:10B13000B9E744386DC0F5A3CBB089352BBF66D4D1
:10B14000F8B8E76DAD4FFD30DC6279368E1FFB6AD3
:10B1500058E61AD29CFEE9B149C5E409B59681AA20
:10B160000F36D7A784739878A7A093A5B33EADF404
:10B17000E32FAB77E5E1DC8ABCE5F6DDA156E43FE1
:10B18000CB597B62C123113E86EB79E26070DECB46
:10B190009704949651835C1571A0A345F18F0F6AB3
:10B1A0002D97B824E5154CED4F4302FEAD06AB9745
:10B1B000BA95125CD918275490A1E7AB00C31A24A2
:10B1C00048F980C2AE7AB90060438549FF026B61DD
:10B1D0000C49539EFA137D1A25A25ECEFBAED045D4
:10B1E0000DA386790460A31FCD2CC858C534E97916
:10B1F000E761A446E1312DD198426714FAA5971072
:10B20000190F5D7870D8860AC6E1195F80C1793858
:10B21000E2003A6254D561EA5A19048A3E6193C346
:10B22000EF96732E022A8B436B0E5573E84ED11B9B
:10B2300090C655AE0F9F6406282CF3559EE3294611
:10B2400088244F043F0CF15B487F04B991F65E906F
:10B250001F2FF2EA22EF1C6A7AF22C9D1046DE5173
:10B26000099DE25B2AB9AB923B2AD956C97D95FC70
:10B27000A1927B2AD62ACE559CE0DC8DF9B5360604
:10B2800093B2BC6D63E869714AD5E3CE82B51722EB
:10B290004B5A2D9A2C96062B1243C70C0A288AEB80
:10B2A0003881C8CA3B2FA64547A3AE46523CF58419
:10B2B00051B34513B14262FD1792352C445322839A
:10B2C0009811FBE083A40F904574F1463EA158F01D
:10B2D00026F9ECCFFF7E03561104F267F68B922419
:10B2E000E2A85269B57521DE0CA5E8481FB00C89AB
:10B2F000DE2A24E6B6AC6112E11515D8A771F44236
:10B300005D82039847EECB1623BCFAADC7F2828567
:10B31000131B4784CDF2A8935D8B2D18B93A73DBCC
:10B32000C72223C65333B3F6E6C10F15840E8F7EB2
:10B33000B1207010461316A4244D4D02CC9ACD991D
:10B340002F47B4A05F1DDB32ECDB979CC2E98DD1A7
:10B35000568830FCD81118B4CF975DA34A6A12DB27
:10B360008528A10EB3B2EFAEB630DED4CADE674593
:10B37000EFC19778E6494E26E11591051243A538AD
:10B38000C66F26FBCC35E25C3B9678A5A9DB6F3413
:10B3900094256077B80445EE359BBE91D34A9E0A4A
:10B3A000952B9BF029B2C96C592E95802015FAE88F
:10B3B00011FE4C47E70C983AA5B215363CFF822F98
:10B3C00002CC0654B17C808CDE2BFC17F1B151AD60
:10B3D000AE60341D85F678607B7E32A769682C4F9D
:10B3E000A93E9DCE4721B7386442458DE927B5C8AF
:10B3F000FF90BB3554B40419242BB1B4A65FE655B5
:10B400007FCC39C6C8911E29D8928A8A1C32015134
:10B41000A97B86F0E09225715D9B3B78BB76411C51
:10B42000E497EC25F359D8558F1D3A4E5B294D060C
:10B43000516E8A604F94741C1224041C16B1D07F84
:10B44000C3835101054909C3F32A882E5905321BCC
:10B45000ABDC24D881F2ED745DBA282D24C5C95B1C
:10B46000AA2757BACD9965BBFCA25FC62FF8F55C39
:10B4700025EE811B3BDD8CE4A2CA703CC97E604096
:10B48000BD25B37F73C380794BE6DFBFCE9C85C9F2
:10B49000CA85E9DADD2312909948676EB1759D4837
:10B4A0002A146E0B1406EDC6324A83F69325399D95
:10B4B00022D49C5B04CE2C9D221836FC67258C91EF
:10B4C00032AF7DE160FFB884EE8B78BA81F92B1141
:10B4D0002729EF4BBA0E8B57DFA534C87FFA22D548
:10B4E0006418666CE9191CDC6EC1352E995EB88B48
:10B4F000B743E67C2D5E075BBE39D371AB7A6C72C5
:10B500004624A6AA97944C2844B20CE7B17B4B770B
:10B510002D602D0BD3DF2AD8C08ED88D7132705D8F
:10B520006A5EB90760E4EA0C3987242F96B5B695B0
:10B530004623CFE86AB1F61C75C87C7290A5BDA001
:10B54000142E716C28D0CDD2B659CC916B74BB98A7
:10B550001C4F99169FCE09D3EA13DA7614FE845D48
:10B5600001D0FC6C04BF63FBE69212AC8985D1303C
:10B5700013638D465D5504FAA2A5CA1C0B02445DF7
:10B58000C253A4A2BF40BD5376573AA5533BDA88B5
:10B590006FA7B8F546A9DD7030539087F16DBD9166
:10B5A000CA6B27C4443AF776C2ACE16DEF106C5E0B
:10B5B0001997D141DBBECD8AA75D31BFDB684CFF57
:10B5C00065956E6C328CDDCF59C89A861025C36C98
:10B5D0004A43E05F6708200FF0C79CD4C644BE957D
:10B5E000BE31BA606104E609F064E8C4FDBE2922F8
:10B5F0003656CA65E62EF6B0D4F5C22270808F9119
:10B6000082FEDAC4D2F3F6F5C5F6A0F9EA0D17B456
:10B61000C186EADC4DA6D8A1D5061BB236D880304B
:10B62000E742F589421290B3B654481853DB33E031
:10B63000C4F2D32D34C24256BE4AACAE11653D436E
:10B640001E9A61A3EA96887458D7FC866F3C6B30CB
:10B650005FB242BD528EDC1104C9391387193879A3
:10B660002BCF6965D8AFC5AF765272B0B49364DFA3
:10B67000243273C915763F78ADDF8406E0EA157F82
:10B68000D1D270337434D3D46D0943717D3D664992
:10B6900024F4D44A76143294222DE9CFF94CB823FD
:10B6A00067C25D46B5763DFD941629FF0CD3FE14A6
:10B6B00064BD34957F329F74F17F31C18C5F0E2958
:10B6C000F8A3CCFFA39AFF4799FF4799FF2162DFB8
:10B6D0009920C5424CE499114A79EEE5EFA09247D2
:10B6E0001146128E625E728C73D45C1FEB38D08A66
:10B6F000F77D2165192B88F4059198C4CDE6BE6BC2
:10B700009249DEF82CCB05F01B869D2EBB9CEFD515
:10B71000718ED603E979D404171F4A9FB07E91F544
:10B7200062EC356532721F29A774AD0E6B2E26852B
:10B73000B5F7A422FACC3F05664290667207A63898
:10B74000D21F079816F1DE6E0595390CD1CD4390C6
:10B75000B3C923B0C393B7E04C8303FD3E04A39B5E
:10B7600031DC8721D1397BFC9E927F2684FEC5CDBA
:10B770004DFE897E9FD0EF17FAFD937E1FD3EF73A6
:10B7800022DFF940341766FE65036635C3FCF146D7
:10B79000FEBC5B3E44434B64DBBD50FC6B13BE1DE3
:10B7A0006A4840D1E06E137D9D6CAEAF1F7A448B2A
:10B7B0003DF74CBAAF8A17E4648B13E1618B93A910
:10B7C0008C6FD22AAE23CBC74D315F925C1052C72B
:10B7D000ED9C7020C7F3F48445D92E3C4E64C56BB4
:10B7E0000A9F98B0548A5B383E2BFA7F9FC0FDAC0D
:10B7F000BC10E3332B615120F4093BA43C2BC665FC
:10B80000B398B019238564B9F8E381BFEBC5231C55
:10B810009110AE231CF705645CF32761FE0982D00A
:10B82000E8C9739ACEB9BDA561E843F656679EBFD5
:10B83000E3ABFFA568C88161A307191B07816B02F1
:10B840000BF025A0971A4DBBC8096592372EA9CCDD
:10B850002EA56C16A82C14A3C7E0BDF898A6C31794
:10B86000C96A5F152B8B85F5E25D798AA61B9277F5
:10B87000FAB66C78CB152C64E2F33F90F91BCE84BA
:10B880003F388B5E03C1BB86ABB5B435D0E15E6497
:10B890007A30BA4237F875536870871A1EB85CEE72
:10B8A00045552A839B5AC2AE74265E209CAE210861
:10B8B0000DDA02185ECCE2C88C07C64038598A13EC
:10B8C000644E2EE8A2817244751DE51353441B1289
:10B8D000AF5312C28542CB2DC94997AD6E76EE4A61
:10B8E0007DCDDCC14DBAAC76B4BEBE59A812410BB9
:10B8F000D0B041D0D233F9357499B4C8719632338F
:10B9000054866D887F08FC95E067396366467C7DC8
:10B91000CE8AF7F9F0AC82576041AE99EB005647FA
:10B92000AE304F0404F0689413C047CE2B53D5F7C4
:10B93000A9176722FA9069808EF5027D4DE73EDDFA
:10B94000132C02700B98EFAA17D6803BA48C0432FC
:10B9500090B7301E88FAFC8C977DC8E2C2D9E054BB
:10B96000C5E3301EB6887A3DC7EF5589A8E234B8E2
:10B97000C44F5B44BA8C5CCA25A1B33F7C065560BA
:10B98000C749A7927A65521DF5A664330437682B20
:10B990004C6006015F1DFEC2B3B22E047DE33C3451
:10B9A000A78F74F34C6C2BC4B4F158CACFDA0A6772
:10B9B000EF24984B98FF6B179E646006B06D85AAC4
:10B9C000A10762CA521BA3D0ECB81E7754E2EBD891
:10B9D00086A8ABA77F04FAA96F946C8A7D705CBCC3
:10B9E000F5C756BA6D817CA3A305EC111651E1236E
:10B9F000EA01BBC819C183018BD2D967717BC848E2
:10BA0000BBAEF7A1F8B478EEC3BE13752C797C7287
:10BA10004DBCC4ECDA5BB0D3821704A949F755409A
:10BA200064616E855F0B856D6121114D0775CC4C8E
:10BA3000F44A2BB260C6426829E31A0171C6335436
:10BA40006664FD72BE4D234A09A1C46885358DA97F
:10BA50000AC282F9AD2EED7502DB80D21FFBD191B7
:10BA600084A1BE50503D138A66A918248B4C5D4AB0
:10BA70001879945FB1260DD1F9F9B164E1DFA52CF5
:10BA80007CC57EC578684679B77985E8BF6D64C5A1
:10BA9000E0189BEFB6773008CD660E0D5E4107A427
:10BAA000115B96D2B0163FEE71DBC65F0D0F84E1DD
:10BAB000860E8D6F2C0219402353A421ABD23E87F2
:10BAC00032B005F12C9194C87A1E2D74BC6833A352
:10BAD000647BF1AB7FBC6813DA4967298A7845310A
:10BAE0001697300218B10369466E08BA3634E2F888
:10BAF0004B353A16F9027338C8168B8FED61214227
:10BB000056F14489A4D743589BABCA79FD6DDB211C
:10BB10004ABF28A4BA4AD9B017A56C589BADC148F2
:10BB2000C3AB1A7AEBE91730B859CA802DE4920DED
:10BB3000C1F4FF8B82FB1B94CDB28D2339502EC2F2
:10BB40006BF18374ABED3CEBC6275EF5D5FB131EA2
:10BB5000B763C6D3F30DDD64CBC6A299C0B8A1A567
:10BB600051F32F5D9BC279F164FDD86FD284B3E9A4
:10BB70006ECC00C767CDDC0ACE46CCEF805BC646F4
:10BB8000BE91DDF622B17D94E2C12CB23C11212A96
:10BB900008931DF434BCEEC2FAEE1D7CF1FB49D8CB
:10BBA0002198A6C1453083E5DFCE7D6FAA22CBEF79
:10BBB00070CC17C7467C9DCFA3A932D81324253853
:10BBC000262A90A8D07D5A89AF9C5282550B825567
:10BBD00014CC4A3C0B25B16B8DB4E7B15A537A496A
:10BBE000DAB3D8A15F59DA944177A5B4A75F584B6F
:10BBF000824E0955F40C963DE5193F6E11792009E6
:10BC00002BBD8C3DF3625861A23B90669FB545E425
:10BC100039735E14FD3088C3F8C435C8549AFBC527
:10BC20004505FE7669DA49D8DD095B46F982DF37DA
:10BC3000444A88A5A72269135A2A09EC34B47D0323
:10BC4000BFBBA2B253DA118E35DB2194BB4DB3D901
:10BC50007D8BD0B1D56101CBEF8EF24B7C19C457EF
:10BC60002A3EE0676127CA01D76F32F442719036ED
:10BC70001B38B63DF9597A6CCB677C49CDFD40F451
:10BC80007B60A1093989D2989947377C325249BFE4
:10BC9000217BA8AB0A8A2D0AB1C1FE17ABC6889AD0
:10BCA0003A1EB257385E03CF1542118AEDB268C60C
:10BCB000C0F4662F791ACCF87D23CC27BDD821FAA1
:10BCC00051B2D7CB2F8C7EBA4758A3A4DA0782C2D1
:10BCD0004052C48F11780F45F6EB63BA2B4B895D48
:10BCE000E699B1E4EB8CDF84F85EB168B2C33863E7
:10BCF000D1FA22C92FC72B077627581EB7417B815F
:10BD00006E4FAA7675F2D06D1F46BFAB3CD4DCCF28
:10BD10004F21F54764D3912354DA4AD291FE207A19
:10BD200022FDF848687AE0EF6A0173D8174D5D7715
:10BD3000A7EE56E484BAC91F216E867B619CAB3E98
:10BD40003FAE1D019B627153702110C3181B1F036E
:10BD5000B1250E91DD41F74A3231D63FA310518F04
:10BD6000BDDCDE877A6A98848B0A5C9903C21CC3A7
:10BD7000ECA69D58334291ECD295B1BF437BF49A27
:10BD8000F58800791525E75570C7D6F1972F5DBD69
:10BD900078E9767122550F9B427BB672EA943AC5D8
:10BDA0009EDD0CB1AC40DB2F5DE142F4D00A1D12E8
:10BDB000127DE239DB55073481F0BC5D8CC21E5B1D
:10BDC000E6085230C2CBAF37312B6145905475C86D
:10BDD000EA55D026E4B5E15FD21E4AE0362BE727CC
:10BDE0009481B944CD7B833CDB22A53F3D0AF8B763
:10BDF00083A01A3ABA80BC7F98DFA5C6A6F870A9BE
:10BE0000F8B02C3E3CEAD214E47FDCDC8C6F8583F6
:10BE10009B9BE1AD70AAB8F970C88B7D1E0EF12214
:10BE20009E07279EADA15DD6C0413BD4AE7D3C4A66
:10BE30005D0511A0B2A627E31EAD5BF0DD13D7BEF2
:10BE4000848B7FEAA7D67D0987179D9AD00D64AAB7
:10BE50003DB598DCD812909D858581A9D9441E1BDB
:10BE6000641286C2F643F1F73B7941BD66ACD7C890
:10BE7000007A2B2C1001BE534C6720CAD7DE89C430
:10BE80009258762B24481EF3071875EC9B821D856B
:10BE9000443BE360BC1305FC81004520C77BA2FA4C
:10BEA0005E86966164BEF839C2A19274780E1E3225
:10BEB000A1980465140217E68F0AC0FBD7B7564B4A
:10BEC00009E68DA44B13F1C0309909501FB05E3ABA
:10BED0006C82AE549151558D1B763788FE19064EF3
:10BEE000A9A850CA023991A5685B62D0A142140387
:10BEF00044EEC051746005DB82973780C2A65120A2
:10BF0000D4E1406AE866F6964CED2569D56CD846D2
:10BF10008D601B327594158C78051B6B4E7F0C570A
:10BF200017866B7E26CC9837EA759AA5E856F8A84E
:10BF30009CA5476696A272960C6E23E6368B5883B4
:10BF40002A55234B7FAA900FC93736399988D06A72
:10BF5000867738667BCDA4482764C7CC33A60DAA64
:10BF60005F6096815602A32C4C5D3E5A667868A9A4
:10BF7000C33F9337EF828914CFFC0AB714EFB23076
:10BF80006A14E2AC13B743FD18CA00F43D0173C252
:10BF9000BCC9166E6561FBD6E69C95D1E00DF063D9
:10BFA000CA389CB58E993D40BF849D8C6F6EE273FC
:10BFB00063F4BAB0DE7ECDE4F888C9F06343949FA1
:10BFC0005A727C32679738A033D445E90F47702EF8
:10BFD00098722FB0345888B3F23F3121E653F600FF
:10BFE000603558E0D760E077AF286DDCC3DEB9E894
:10BFF00079B37044C7DD296D9B59784CA1098E39FE
:10C0000041D3E2EF9ED6DE399DC0971ECBFB8CF963
:10C0100050526712D3189671BE7AE29D35CF21A394
:10C020004DA5D8DFDE01B572DEC3EEFE452B58C448
:10C030000369E53BB732408D99B4F2DDB452C4B91F
:10C04000AD1C502B9955AD7AE4B9170E8EAD3F9AC1
:10C05000C95D5F4EB07BCDE48E6F8470E5B028D8AB
:10C06000735D0D06149D2586874314F00E0238F289
:10C070002C3F0712C136AE6B503378691CB6664947
:10C08000649EE1D35E3CC670C145A471ED101052B0
:10C09000E99C7F79B9F164B7A37B1479AB1D501685
:10C0A00088B307D2A2B4E119B0901A381FDD8A63B1
:10C0B00011792A184161B24D7B97CED300E1FB087C
:10C0C0008341C3EBC4EE089E78711356E2D1A29966
:10C0D000227C1811A5BFA8E660B91A744AD6D32FDE
:10C0E00047C2316D2E204A4EBC9F8604E4613C5607
:10C0F000085CD1082CD220BBCBD963F14BD9642C7E
:10C10000E05F6CB22E850C0AD83EB286597AABD06D
:10C1100005DF58E72AF2776CFE1CF9976E31E35F72
:10C120009B88F8B1B2B89C9C05C6167D725A082C43
:10C1300054311C8086683E1B79A2AF3DBAF7681661
:10C1400026DE4B8319516F28AA57459728F2A5255B
:10C15000D9CA8CF339B3990DA14079BF81B1BD80A3
:10C16000AA0A1154B7CC05C15CC3F89B5C13FBE170
:10C1700002976DCFD3CC1EA59992B480EB31D6B87F
:10C1800089FCDC0FF50F1CD80F717145C9E96E1CD5
:10C19000E924676EBC2B7E18AF5535244A2A349E9D
:10C1A000151C1FF1ECC948F1842AF9B4F0FD19A05F
:10C1B00071E8D6A3C076B7D6250A33133D972B4F27
:10C1C00084217DE68643EFF6A85A13BF9F164044AC
:10C1D000F8C13E4DD91E5B4171C964EDB3BF6F1EFE
:10C1E000E4A766BC6FC8C722EE33E2E88C15710F76
:10C1F00046A913B8388AED533CD19CC084F9459EBA
:10C20000A84E0A8B93046D6E80C2115DEE1EFFE690
:10C21000697D6A2052F5E958C7A7BD3FD8B6687155
:10C220007FC00C317BF304272B1A697E921373A213
:10C23000151AE0749106509370D48B83842E81116B
:10C240003B99C27418D81FF660197CE8F7F401FC1A
:10C25000D5E2E1411DC3DA0110C4C98637EA654160
:10C26000E4DF3E36A823A17DBD33BA16C75C6086E5
:10C2700002E9913AB5052E50200A32FFF6A95A3844
:10C2800036699710F5C9D6F1E673984348404AE4F9
:10C290005F6019500C4040D135FF821383531EC399
:10C2A000603D60032931533EBE821CF0DD3051C930
:10C2B0001DAAAACFA28D158A0BC710A4CEA93550EE
:10C2C000FFB4518D0BE1911E47093BEBD619FC1CC5
:10C2D000C7AA9E31A85F1394071E9B1B5F849078AA
:10C2E000DF5AE18D1F84D796E36D79DD9613CE1C5E
:10C2F0007097B3F5080222C75EFCA06A003D7E5D20
:10C30000DD2B7810682B39B5CD29C847205E0996FA
:10C31000B6833C4495DC87FCD03B53841CBCE2785C
:10C320003AA3CE714689A8A79C51C2C044EF0547E5
:10C3300048B9A35383230CEC3066F3303EEB7EA464
:10C340001BE733D11B9FC281FA339C29BE19CB9EB8
:10C35000BF5AEAF95F76B8636D4DFF75EB6C94A434
:10C360007D7333DB69D3EDFE91AEC59B9BCF44FD5E
:10C37000DCDC7C624AE8CF5BA26D375C5FC76D296D
:10C38000EF76D4B47D61595F478A853288CE0FE05D
:10C390007A85206D56B9BE9990C4E13CA364BA6118
:10C3A000092FE6AB52DE710C2FCBE74083C94B5C03
:10C3B00081FE2FC545D9766069E34D84DB7291D04B
:10C3C000820B157E68A00A930613820881129A17C1
:10C3D00098470DBC013A30E5D5C798FAB021E51C65
:10C3E000A7951749AB5DCC90F0D66393A90403677A
:10C3F0008BF794C080B3906F9973BBC42AFCEAF9A1
:10C40000BCE42580516DA77F59DB3B027447CA20ED
:10C410003926CCE9DE0AE9097645204E1BE277662B
:10C42000433D639357CF60EA6CAA47E9773A1A5EB7
:10C430002BFB8DDD1CC66BC5F78C76C82B7C8D4E17
:10C4400062D6EE0FE3B7F82CD9E605DD11EE5C37C6
:10C45000E96AA4F3C46366271F9DFDCD23DFE8AC22
:10C4600042189855EAED5CCE1D4E0CED2ADA473F96
:10C4700054FC9A2D098C39BCC6E111C2CC68E5295F
:10C48000931362CE49C7485A78105A6173405BD5FE
:10C49000E798C1329E9564B93C5242B8A5429812C1
:10C4A0005644B9CF8534652A75EC436E1C4A5B4906
:10C4B000D869137EA90934086FC431CAF6971107E9
:10C4C0004C8370481CA06DCE9FB06978C2DE766246
:10C4D000DD6BB324053007C412A6727F27CE11FB93
:10C4E000D857D51B56F193E5DC5C6D72AB2D6661B8
:10C4F0006DB71978D23C15A73C636F099022366E50
:10C50000841757602406B108E33DB3FC6CF9FE2C98
:10C510004DBFE146E45F31D356C056E17E378E7B96
:10C52000B1312ED0E7A8233FE0BD18BFA731BC87AB
:10C530003258553E9E8E8458FA68561CC6A77E61B6
:10C540007DBEFABC289DF1A962C2323DFE912285D2
:10C550000710CE8087467B373C2D79CF0456E2D337
:10C5600017964AB90F0588C2B7AFC8574D83EBF38A
:10C57000D949A047F0D24B3F7371710D27CF1F945B
:10C580006B86B074337DA4188E2907011BDDC54F5F
:10C590008FAC87E37EF12C7524904C53ED77E13717
:10C5A000D5C07EA1D45C44F05CC64F7D9B9DB2CAD1
:10C5B000405EA210F55CC55FC3FCAB4708B7B32073
:10C5C0005FAA78152DCC0F232F3635DE7DDD546A1A
:10C5D000EEEB8A68E7F0788C5B92904E38B2A94314
:10C5E0003A9AFAF3D29BC1EA06BBEF65710A96A7A5
:10C5F000EFE191F683F920AC1CA7557E3F2C287102
:10C60000AF145E21C8B7EF243B6D517766FD663AE3
:10C610009672732AE5567CC43AADA18EB24F64017E
:10C6200055EAF30AE9C4A5114F578DF819EC16DA4B
:10C630007706C77520BFA0817B73153AAC706AD7A7
:10C6400078638E79BF18F382F8CAD744FA8506FA60
:10C65000CE1E9B4ABF2E0D19ACF5CAB0182DE0EACC
:10C660006174DA798B4D2E2B52604B36328CA5B724
:10C6700050CC8A28ED300BF91DA1B4B364E8183111
:10C68000F2C651C62EDCEF9B1558C53DEA96F30D58
:10C690009B3A6665EDAE2E6C5369639A4A8B78A817
:10C6A0008942107146D49023254CB17B7832812089
:10C6B00026B4B02454DDF9576C114CFB37371414F1
:10C6C0000E932612575EB9A48054C941BAFDB04BEF
:10C6D000ACA7942741D4332651FF08F23CD07F8A7F
:10C6E000991B11CA34DD4318C6C6D6D73B4ED16D4F
:10C6F000F64F6CBEF2033C1B165FDF82FCBBBFDA59
:10C700007A1362610EBD92E444209D8DF65732B8D3
:10C7100031C8219CC44A964A947D373596B1A6D635
:10C7200044D61416906154E2167EF1F8D4A3C2994F
:10C730004FD3C009BDC2506CC6E661037D8858E086
:10C74000E98FE182CB5ABD29C44F2937E69A726638
:10C75000B400F7F137BF12D354C660930DD30C6EFB
:10C76000ED9819BAB9E980F90BB5FE5E398BFC6A10
:10C770002591F9A3409F07F9039E44D13C1F7912EC
:10C78000F2AD15AFC74574F1E95B2B85A12EF99485
:10C79000B233DB9226605788B56A2BEDABADF8AEAD
:10C7A0002E447275292E2B7A575C330B332557B8DC
:10C7B0002740A7B78E752C123983CB68CA9E515873
:10C7C0007462D29BB8BA794FDF1DECEFC54CF8F616
:10C7D000BC49D5D30A611D3816FD60C28F478F89C9
:10C7E000C67D0C55C6789E9CB606D3295BA97AAB4C
:10C7F000E8633CC95FCE26E1278459060C5F5F8A57
:10C80000AFFDF4347C587C3DC03375F814DF845898
:10C81000B0B157CE5A38CEC2C757D813583A21565E
:10C82000D885C74B03DE59C27CD18B710CCB1B550D
:10C83000253C478701265EA8462B76057527AB0960
:10C84000CBF1EC56A16228C3BC3F21910E56E8F211
:10C85000E94295B6633DD2DD6A431EC5ED9DB5C183
:10C860005191A2D4D5579EBCF01608F5F9D2A997DC
:10C870009503A8C89175DA852921D7BF5D67A71CE4
:10C8800082083F8BCBF4A429AA1C70325AF8636645
:10C890006D269FA6645552444951B32922F4851E42
:10C8A00094A99445E23BEA4FCF8B9A71A3E36FE4DE
:10C8B000CE4B9668F4D362C48D0C95627461A16A04
:10C8C000C5F6024AFE99B18B14C6E5C41346E64E7E
:10C8D000247BE1633581D50BEFAC7AE1832FA9BED0
:10C8E0005AC7D5C7C3988D9C7445BBC8AA7A602126
:10C8F000D9F59EBD1EFA47CE88567BF1160B072A46
:10C900005DDDAA8595940D04F7D12A8D5C16392D2D
:10C910006EFA68CE2A05B9284A964EEAFEA26951F7
:10C92000C8C3F071912D003D5A8FAC9919C679D9C1
:10C9300045DF5C0AF6B9B74C1752978B4960233A2A
:10C94000CDDCE71A4BA33430806CCD26AFA83EE394
:10C950004B0DF9C1A4D155FF867AF533A6BC62A66A
:10C960008BCE0BD315AE460621BBDD9D99198E7C6F
:10C97000798532F6498948CF7B5833783C214CD6AB
:10C980005D337472B0D279C940DEE5337EFB612F2E
:10C99000BF0693A0CADAAC86E6F10B670E812D5074
:10C9A000F1C6F2179D81123FF7169FDE8AD3061259
:10C9B0000EB09441506CDB8EBA5139F6DC182E4D16
:10C9C0007732532A4C2973CCF2CEEEAEA4BFCDE61B
:10C9D00091F3101EA68D0E8154BC982DA36DD638F0
:10C9E000B2F6EC7D6F86570C3AB3A5D333BFF09205
:10C9F00019CFCD21FD88AF96C7F81213EEE10A9149
:10CA00000D73E8D4DFBFDBADB32A427D2F1F6E98D4
:10CA1000AF9EC0291B7C6FE8C65D7DE7B6C66CC2C1
:10CA200056E58F34D1AFC66340054D584E1DFD48C5
:10CA3000D93573E76D193CEDEDA740C60EF32C4ACE
:10CA40004EBDBA4E9AEF0FEBEA1A18D917AA01A6F3
:10CA5000707D1FB07540EB1D4D35513AA3A9C7AD90
:10CA60005462207BCA0363A221FFDA85F74582F86E
:10CA70002783F370F503A9EE97A61158B82B164338
:10CA80000EBD9899EF8136741D53755C35B4F4E191
:10CA9000DC1556918D38E5A9B1DA786D2C71E4F783
:10CAA000E758F12821043964677FD35CD335EA88DD
:10CAB000A71582D4F0B837B0CEC862F99C0E1FE932
:10CAC000E990E98BA8CC603C27B3ED98BCA52F7307
:10CAD000BA96D9ED47E1DB5958C9C66977AABC8A2D
:10CAE0000B65C5BE93D589157DBC0C67851B65E1BB
:10CAF000805D19DED777EB225B1D40DEEAD2A38B87
:10CB00009F6AB9805B22F54DA220047BA64ED40417
:10CB10009A14E0EF9E0B3397BD44EDFF7F7199BCF3
:10CB200017EE5BE39C6B54BDF5CD7C5EFA66EE4E72
:10CB3000C3F7DE98F58FD8B1AAFD6876AC0FEF6F1A
:10CB4000DE188E95D77AD360C08E950FBCA11BF1ED
:10CB5000287CA05E870F60C01DC27909E474F728A5
:10CB6000E64A1D42AE6D4F3DA040D5AF3217855FFE
:10CB7000E5E9FAFAC0F8555EB3A7C9B822159F2FA8
:10CB8000B827E3D6D93B2A752CF7213C92F4D04A3A
:10CB90004CAD04083CC26E9598081EA022EA61CCF8
:10CBA00027F5ABF0117A5976F25578D5F88EDE81FB
:10CBB00089FF56BD634FC7B9B1AA29F7E9ACF47430
:10CBC000FCB63096B8E4E9780F4642BE7933EBE91B
:10CBD00018A03313C97796757F4BB739848A5EE105
:10CBE000AD1F81D7E058402770B6E0E938C3919B6C
:10CBF000B96E8E017F589135758097369E8633EADF
:10CC000097F157B4B1A946C69A72D23B0B9A67EA1C
:10CC1000D8DA654E7ACDB3E0AC9B550928DA9C8D05
:10CC200070C4BE501BE131E1AEFBE23739A33AD903
:10CC30006FB2D9042A4392F59B9C29069A62073861
:10CC40007E9361306ABFF09BFC8EFD26DB3AF6AC2A
:10CC5000DFE432C2F84D2E23DE11FCEFCF7D489584
:10CC60009F0CB2E9CA0D0E795131F102A45CF55B5B
:10CC700077959E2A989384AE39EF6D5A237875C3C1
:10CC80001810CCE07474308A6630120FA2C708C541
:10CC9000B06FA4F651504F6693139DE1F4BD3A076F
:10CCA000CE4E09191232381BEE34D931D100965FBD
:10CCB000A0630E81A6197F6CB2B6CD900F102263CF
:10CCC000CE15758A2E4A3E4F688EC5612DCDEAB5C8
:10CCD000B11D6476310C0095A74CA23235B2A74C39
:10CCE000A2BCE26451978A8E105A6938E036A7CC0C
:10CCF0003E3C7287C7C54943207D5BD33E1CD0DFD5
:10CD000047E1ECB6063FF182B7749FF21E85296BAE
:10CD1000E507FD3DB56F3F186A5E532E7B045C3816
:10CD2000EED95F29827DF52C2CA2C56BDDFB32622A
:10CD30001C2CF041C0513351112B304299E221CFCC
:10CD4000023B45547A179805C83542825CFB3EB4D5
:10CD5000019ED2608A8D92A863DE28C762468A3718
:10CD6000DDC3DE437414D29F3FC235EFCA7B4A3322
:10CD7000B3AB0E08505E86DFD4578A3BB6F0EFABFC
:10CD80002F789BF82854DB67F9F9243F2FE4BA97F2
:10CD9000853FE74DFCD55EF76784017F014DF79134
:10CDA0008E432329691706D5088AA6AC49F78F5503
:10CDB0007662C142FF6C78108EF52448D233D9F8E0
:10CDC000293C5BAAF9C552CD9F7E52F38B55359B0A
:10CDD000B79ECB76F041B17ADF13C055715A7DB062
:10CDE000CFB14FFCEBD3F0C352EBB43F3F40322105
:10CDF00067D352A796ACCF0B1111EF7B43DFFEA692
:10CE00002E9841C866F58C3CD193C5BABA6FB1DB98
:10CE10009F706D3D1C2AB7BF05971ED30F1704BD29
:10CE2000DFFDE6A5D73641F52EF45E8649E201CA5C
:10CE30002F2552BDF4FDE6DBC6A13C90FC24C3EDDA
:10CE400069E350BD0D5F36DF753B3B3867DE85F02B
:10CE50000CBDB1B9F39596EF2B3EB6397E2DD46358
:10CE6000E9EAF3F0DD4E9B3AB7E6E99947059BDE28
:10CE7000F3DE5740D22305F6C2AB900DCFF4A88E57
:10CE800080A0E075AF1DBCF59BF1EDD7B73D4938EB
:10CE9000A484B6DF40290E49AD6FCAEB982FD8FFA6
:10CEA000E8226ECF954EC22FC68C41799DEBB830EB
:10CEB000A66FE0DED738CEC019ED3F740C5D15F6D5
:10CEC00007AEAFDA8156579D20C6B217A062483F21
:10CED000B679152F2D3A1B405F88345E87A270FF0C
:10CEE000F65B3829DEBBFDB67A45BFEE65C1085753
:10CEF000345D98237345BFB618DFA47245C7E515A6
:10CF00005D8A4A158E403528A55E8F4D94C54D42E9
:10CF10005FDB65F61FE115F548B6F65C88C44B98F3
:10CF200049BDB06C23FB7A0D015F1AB881A68C8ACB
:10CF30003DF662F5D43765E9845F23C2F9154EEEFC
:10CF4000359835CF14B4A406F8D0E663164E9B830B
:10CF50000A9D6C646B77E29ECE021DB1142285A3FC
:10CF60004067DD2F3D8FF7B064FEC486629E792F47
:10CF700098C2F9C4F847AA068D3FBDAFF0254A33E1
:10CF800008F5C559F3ABCF4FA7E614FB684A7DE619
:10CF9000521FFFAA941F3CF374F2CB7ADF8B036E0F
:10CFA0009536299DEECEB78DAFCA2148A8C7BD37AB
:10CFB0009649F8A5F722D049F085F6C91B63208F62
:10CFC000E0DB1C9BBD63890A8EAD01BB9E8D526F59
:10CFD0008C401E6D993782E87CE97DA6AAD41BB9E6
:10CFE000A3C12E4B748577B0829FE2E0E6BD0AEEC6
:10CFF0005D5E82F2CE6C2EC158798E15B212E1B60A
:10D0000097A0B91DC3B4B806AF048BC63534A39C32
:10D01000307BF65DA258D6816E545877628BAFFC98
:10D02000D23609F33FD54998BF5117617EC70F101B
:10D03000F11C116D446CCB3E3FA0DCF68A9C395844
:10D04000724488F180EFBE0EE0CF7E582CF91B4170
:10D05000E41448F101E4228E80CF7F2314BE7F4484
:10D0600018788584B659B0B3A2F5F5CCECAC03BF03
:10D0700014E3049C98BD7365A8E97DC1077761C27C
:10D08000714FC2DF3DCE28DB66AD389DB4076C61C1
:10D0900042537581E7E2FF9860380CD72CC1D07FEE
:10D0A000A01E1984387610E2B444881F5884786D25
:10D0B00009213E0442FCDD4BCB7B9E9004BEE7532E
:10D0C000BEE7E928EEE26D6517083102DF2C429CCD
:10D0D0002E20C41A13A85D84185082C93F20540919
:10D0E00072686B82BF6AEA9AC15F054BD148B2F899
:10D0F0002B0109E3AF16AC1CFC15A658D70AFCF5AA
:10D1000091C15FA58EC3127FB51105FE6A231EA1D2
:10D110000F787E4CD8F2A4AD393985371C3AEBA68E
:10D1200079ED6AA52D0C6143B4A17B2ECF0E3DEBAA
:10D1300038B6DEAA13A9DF8DFF55B05FC167D550A1
:10D14000C4EA439BE128880A5B23215C9910953D42
:10D1500027F0771F9ED221F8BE099E4BCE6CB5BD3D
:10D16000BADFEF1C992BFD7A6EF7E22FF2DEDCD4EA
:10D17000EBBE8D5AAF97B84A6E366612169D0EEB0F
:10D180007E57F7477A988EF4FBB7CF76D3C9799A52
:10D19000E824F7804BFB47E1CA14180CA53B6A4E04
:10D1A00084B2E199311865E9249A6A2F0977A6C2F9
:10D1B00006496739C42A143346EDFBE2B725B3AA02
:10D1C0003D6706E1800774403FEAB5601583AE898C
:10D1D000FA709665D4705D5C3A76531617895A7961
:10D1E0007AC82A6D233A6F3B3EF3C9B90ADAECEBF1
:10D1F000EB755CC854226B8154582A0167A9F5412C
:10D200009E67D1C92C874FD8C5E2DFF5C9341D7E92
:10D21000D3F9FFA28EE16C9AA793BFA8406CF7BB2D
:10D220006579A9A77490A4BD18D6E27BBD7ADD9874
:10D23000D4B7602A9CBA2981503D6529AA9224223C
:10D24000F2DCD4098F0E44B45FF357309DCF05AEA6
:10D2500077E105992D1BB5D5F57476321DD200B452
:10D260006BF4362E6E879C9D827A6C101B0452CE16
:10D270004A3BEC8DABD1982B7E255D2E9FF8D7D6FF
:10D28000231B97A7925468AECE672771343D5BC8C5
:10D29000CA465E439BB3EABF316636B527D624F64D
:10D2A0000B7D6FC3F2EFE78222F55A33829693012A
:10D2B00041DD999E6802FF911E0F66715E3F6252CA
:10D2C000D3C9C4197A3D1A7EB4E42C32F1D98B5DEE
:10D2D000CC3D61E7CE05779AAE84D57C34AE285933
:10D2E000DD42564D6097057A8AD5ACB69B0B2F3E32
:10D2F000E27673EBB03A0D8D7C1C61F5743E16C678
:10D30000E0FFDD6CAE5DEB79505BBB46B179F7DFDA
:10D310001676FE27A9D5EA058CE856A6CF6318F83D
:10D32000A91372F063908D9ADCB5DA755D650DCA4C
:10D33000BC10CBA51B69833D623BF21E6BDEF57012
:10D340003A2544CEF49F20125B2B48ACA4581C769F
:10D3500036DB8ABD81045158FFC7D61FC3BAA2531A
:10D360003F9B5B7E2FEDCF696B36D56F09DF872141
:10D37000D2D0B3D69584091F4DEDD3817F0D184DC2
:10D38000638D1746AFFE241B9C9FD5D05C2D9AD68B
:10D390009234AF0D92DA0079EB745DB70C3C79757D
:10D3A000CA5C57D7133D9D0E4E75F0AB62733B3F81
:10D3B000F3B4353C1B6439347138600501A8832906
:10D3C000BF89D3E1F56CB4BECECFFDF63073522ADF
:10D3D000D942E7C0F32C84B25A8F79294A5BE61010
:10D3E000FB99E82E61C1468E3133E210667A332311
:10D3F0001501FE8870AA03204C866BED15ECE48EB7
:10D40000DE02615DDF9B419272633F4D4629ADA410
:10D4100032D235011DABE2DF3228BD41426635E82C
:10D420005F1B8195FAF5D3A7E24AB42E74EAE6F6BB
:10D43000FCC84AC05C5FD27F182F0A160EB4FB707E
:10D440003524DDDEB45C93483018A8EF0CB2A97E19
:10D4500046374604A98CA970B93BF057D46151FEF8
:10D4600095E95B6A5BD2E3D5E9DBEA9EA4FF3B3B2F
:10D470003DF1B015146D859CFFC6F4B7DDDADAF620
:10D48000FFEDCFE9BC21404B444488CE5CB69057B9
:10D490003CF1D03DD2E43735A231FA83C2D102C784
:10D4A000389F74D1D17D2300C2A8D2256132335573
:10D4B000AC661508F8F9416DB7FDE2923680BF37CA
:10D4C0001EC3F0826BA7CCECD201ADFCF78896EAC4
:10D4D0003BF8F57BF033B64F64944E7406C3245882
:10D4E000863AD42518A84C46912FF9695E5A9D7E3C
:10D4F00004B6BDE2E6CFF249ECFFFBB77F8DA28B0D
:10D500005AA6C7E1DA753AFFAD56E3DD1CD64F796E
:10D51000ABD0FCE1589AD729813575C23AA17D4D2F
:10D520000381B57BD462B7861859EA5AA7CD316B0F
:10D53000D7BA28461B7EED3A9BD7767EFBD7C6C668
:10D54000CEBFE738D5A761EAD587175FDF3EAE3B90
:10D55000F7FFA147780E81E463C27F08CE4E77D3F0
:10D5600064CC4EFFE454B7737648E4C720F63D42DE
:10D5700065081456C54615AEA3A56734FC33D60717
:10D58000E7D106B742E702BCB3B26CD783597E46F7
:10D59000F8E40FC69B82FAC3C1341AD2997792A7D6
:10D5A00003CF1CD58D7A506F18721C970E8E739016
:10D5B0004BE08B0D62A883873B2639ACD7AB0BEDD4
:10D5C000CEB4995EF788ADDBA935D3DA69B72FCE33
:10D5D000BAB5F3741A717F321D53C72E74B7BE43A8
:10D5E000F3C9B5980232EB94FFF76E59F6F72E386F
:10D5F00099F1E02A18C7FAB25BA35254AC5A102929
:10D6000041AD4DFF7281156DD58C1F912684806BC5
:10D61000DBBCAC957A990C6C46B99E4C83694EDBA9
:10D62000A0FB95B09A687CD51C8A93A1A036A4BFB4
:10D63000447ED74A7DBAA0268F40CD537073813384
:10D6400076EE6C8FF4A9AAD19E1D789BDBDBCAFE17
:10D65000DFF16BEDDF558DC0C56B364F4E59F1CE06
:10D66000E7EEFA3CA65AAD18949953B43BA0EAB33E
:10D670007A757E360528CD8082DA267F1275117480
:10D6800010727A278D11C5A2E387A6C5AE88E6344D
:10D6900085FB5CC9C1096F399EA098E6A449C4A660
:10D6A00066B80BE8D69B4D92AE9DFBA5F9A7AE36AA
:10D6B000BFCB92DD6BB7BB358EE0B3B573070BF212
:10D6C000FD8C66B6293ED8E8A2FA4EBBB19C7F8A93
:10D6D000486885E0A3A1C9CB109899AEEF601B10F4
:10D6E000EA80ADB6D0B2992482FDB44E576072AADA
:10D6F00069CCD3F8EA50E7CF129A3448B9D0197000
:10D700007D7C0C700D0C72C4080ACA807498CF6BB3
:10D710004BD59A0155416EF564F094B75B9B024C72
:10D72000C51272556BD7C3390F28ACBFA72B24196C
:10D7300038DB6271B2EAE845A5EC785E4B93283994
:10D740009FE534024836998DA85B049874AFCAE708
:10D75000BC26B16BD7C9BCE6D6C1B3F5FF65543F53
:10D760001DD46B9AFCEF0430FF8B41C57F31A89824
:10D77000DA224C3FAC9F176DA509E1882CA9CD3565
:10D780005C77B6D8A80145EE12EDB6BE1EC18EF884
:10D79000FC6F4DC5E2C846D45A94238541EE5952D8
:10D7A000AF45B401C3FA948F85048D8BDCF7DA752D
:10D7B00034AF0DE5D03397044178FD27AD9690EB5B
:10D7C00084569E5CDB54CB8A73CB74D496E65FB9E7
:10D7D0007984CA79105E1B2220B836C74A50FFC729
:10D7E000E8FE68381AD7D9AEDEC9207B58248CF9F8
:10D7F0009F2281DDBB04F50E56BBAEB0B6ECD9B8A6
:10D80000DE6EDDBF57C6D9C277EE6D6FDFFDA3AE0A
:10D81000DC1345EA3471EF30854EC200FFDAFCA517
:10D82000C2313AB88D7F2B4972F4A0ED4D699AD37D
:10D830005E9B638EA2114B688FE9181CDFA4C93B65
:10D84000A77BDC0F892EFBB0B97D774B9F14F19538
:10D850004E54D39EC226944DDA3AB9BF39BE6B936B
:10D860001E4553384F1F15BDEF50EF8B824E1737B3
:10D87000372B7D6470AFB6391C0E2BF14BA3E63409
:10D88000B74A336C49155D5A37B923C9A6341BA36F
:10D89000334DDDEF8CC6C37BF539D131D937173A1B
:10D8A000EE6ED3BF8315D0B1B549FFDEFF2FA14384
:10D8B0006BFD93F5749673B9AD5580736793FEBD98
:10D8C000FF5710B002ACEEDEBDBB0232F8F65906CF
:10D8D0008DBB9D3F4EEE0F5682065BD827B41CDCF5
:10D8E0009855E071AF3338F963F033F0B877EFDE75
:10D8F0007F041BFF9F616005D4718F56C1C65C3DDC
:10D900000AFFFD1BAE48553B494757B5EB9AC58604
:10D9100005951255763AA21C8C83C227E925EE772D
:10D92000FE34280514FEE5E21F0F26517C15CCA21B
:10D93000E694A6917D8E8ED5F48A50F84973162907
:10D9400027F2C1F979AC6BDCA9DADE24FD1AA94310
:10D950007D9AEADAFB678B9F8757939334562FD3D0
:10D960003C75F3776BF3DF96FB0D7C73FEDB40D5E4
:10D9700006C1454447AA1E2148B8DA37CA27147C95
:10D98000ED1FDBDB63837480F79709B26C7091F94C
:10D990006FBFDD56BFDD0E821376AEC8C1C1987071
:10D9A00092DA351DC23F19FC6F546A81D940994BF8
:10D9B00054C8207F761FF95D9027D29932C5A0699F
:10D9C00068C54133AB68A3B454E08734A60295928E
:10D9D000AB1DC90C05AA66B4EFB92B365794006D80
:10D9E0006D4ADE2A42685A5A02CE9FF4A88A5BFE2C
:10D9F00072345C19ADCEF9656D9AC6D168B9255BF4
:10DA00000B1199E89F5D8B9FCD764D160FDB721C35
:10DA100013A15FD3711C9D4FA3E94FD0CD32E359C1
:10DA2000341AE9A480ED36E653E68BA6B28072A7DD
:10DA30007F66AFF998D96242177356B6A52F8B301F
:10DA4000A581AE5A2097DA28E80A605EB502A15C8B
:10DA5000EEEEBCA86FA7C6DDEA0B82C422D6F52382
:10DA60006A85513A5A212AD4A15910FC0488456D7F
:10DA700030442BCDCA0255CE43FFE7F5639AB97AFD
:10DA800053E196ED620166C1C89C8005BC5562B841
:10DA9000D2968DA18A7E01DAB54B273186CE489683
:10DAA0004E56415B6D3888875E5C6BD6B6295C3B11
:10DAB00003F8B15E33561C8404CD9D1EF1A8B88FC7
:10DAC0002D3D22DC2A392DBAE846480F4DC4CE6DD3
:10DAD000EAE22FBA519CA37E2DA6964D3F1AB5CEF1
:10DAE0007DBCC8F3ACC8D4FE7CD3B9EB6F977F91F3
:10DAF000DE74C1428E7EC0BC0BDA16B2FFEE165E3B
:10DB000084D8CA15E5ECD2E6F46C300210C906B42C
:10DB1000D3CAD28FE8513AABEECFD53B7BE95AE579
:10DB2000165C42E12E48C51520F9AE3C3956814AB3
:10DB3000156CB177252A38C39E590D5E0B573855A1
:10DB40005C2BCB0D86C0B5B17F583B848E990CFD04
:10DB50004BF474EAB55B7FC8D630791DB8765B0D9F
:10DB60007E0DDDCB68825F2CDB8A0958CCF913C0AF
:10DB7000FECDD8F76D0EA36C186BE798F939943980
:10DB8000D0B41296F814706BA5F344EBC4B93737D0
:10DB900087DBDDE55C190FDDE6D177EE70077F6B83
:10DBA000E5E9E9692C376141DDD44AF2C61C299BBD
:10DBB000821575CB4BBC7557987105FA4115D03C51
:10DBC000E7116D37C325A8C11CC2AA9BC5C1DE7E63
:10DBD0000E400B735C02BFDD466DDBA785FB6871F1
:10DBE0003B504902E8936F11ADCDF9B91E64D0B333
:10DBF000B1999B93F4C78AE8A51840B14C958B68FE
:10DC000014ACA77ADD616AD5062734CE594EF5B03B
:10DC10005C2F46DEAD31634B4218BECD1AC7E0140F
:10DC20004FF9E830F46A6B6B71AE4DC45FDEEF0BF9
:10DC300033849BC5E9F8F04C0FBFFD720754EE9A90
:10DC40006AA962D8D27DC2BA2641AD7074F5C9E323
:10DC5000531628291DF85BE7977EA58EFF62F3FD1A
:10DC6000744B0D097D5BBEDC5D4A6479227ECA4639
:10DC7000FBE9E1B848BBAC3CE916665F78051DFAE4
:10DC8000B78D8D71D9741910980DEEFA0E1D02170B
:10DC900041929F3587ACD3D5F16934B28D086FA21C
:10DCA000A9983848C64A44E967356DA226079DED14
:10DCB000DC45BBEE815EE3137D1973F9CF1035AC03
:10DCC000020F7D196F5AE059D55CA655CD1E6B7FAA
:10DCD000138CFFDEA2FCDD85FE35BCCCED88644EE6
:10DCE000D912A4CC2AEF737BCA350D89DB34674F78
:10DCF000AD5D045DF2AB4207637B3B9FCE4166574F
:10DD0000FB3F1F66D182E944FB17D8BF4BBA1BCA41
:10DD10008475207937FEF57DB488F5302C344F7446
:10DD2000FE5D6BBBB01D836DB6984507447415D876
:10DD3000FC14C82A104A44E4486E39EEE57F5C19A9
:10DD4000036796D2A5389D1628B1ECC022BB05FB0F
:10DD500055BCF65568D9AFD0E1152CC1FF7C526D8A
:10DD6000FCBCEC7BD30EFF0775698483E58F25200F
:10DD70005EA668CAE227039CD545EFCA2BC9405D61
:10DD80001B3791D8A7B1B7130796C75AA2D332BB96
:10DD9000A783D9A916ACA8434D98D7D69599DDBCD1
:10DDA0009B4B794F4E97723273B9187AE52C43E743
:10DDB0006C79B9A4F979779998ADC2133F77C8D334
:10DDC00045323CC38D32A1D58FF552A33261D24288
:10DDD0007172DF47ABD28E653C9842838CC8384164
:10DDE0004929110C9CC5EE1559A190ED0CFE1F831D
:10DDF000C1A0BBD010ED64D38E195A39721E78655C
:10DE0000481D0C69944EA26440B127C66D7639B0A6
:10DE100095A3B5881C2F322D633F4FD3388FCE8FFB
:10DE20005C287110BF7999A3BCFA5DE0F8C71DE0CA
:10DE3000904B0793B9B80A4453EBA587A4028A0D07
:10DE4000DF4C8E8F55E8D3A5F3E65490E1E586A02C
:10DE50007F163A2AECA0953D2D70B57FD6FEB9DC31
:10DE6000A5158D5B18A8E262FCF58B2E08B551CC88
:10DE700058D1CE096CBDACCC5AF4F957798B0A8BCA
:10DE80006140E0CB33E97EB1AD817A08D2C96C85BF
:10DE900055B89AD7DCC64B6789B01165DC168CED96
:10DEA00027D7FDCA09FEDFB4B78DE66AC64114BFA5
:10DEB000C89AB3A5CA9D5BE097FC4D5C83F61D5CD8
:10DEC000499FA4A8094338D795A3B084F1FFB6FAB7
:10DED000F3C1A97651D00205A8A039AEE4C266E527
:10DEE00041FB2F5AA8768BC948E1F737050F29F176
:10DEF000459E797317384F028657640AAD9882BFE2
:10DF00007F1B38C9B21F56B6E6503484ABBBDFCD99
:10DF1000D1CC706EB7DAEDC9B472B2753ADBBF1707
:10DF2000F3E97473813EFA7575FFE5129A01AC86C8
:10DF30000B57B8A1369B82E1224C33C35059BA2209
:10DF4000AB0F35FE220AF0D7FD80D8C37FCC1EB0C0
:10DF50002213B26E0B686833131B748BD1BCB40BE5
:10DF600015D85536D18C7CA5A769C9B3BF23C48801
:10DF70004BCE18FAACE039FD8281FA37B01E6E6ED6
:10DF80007A71CAA0BD403821A2FAE6E1CC1B5A68DA
:10DF9000C6D114FCDE85E8A5F95CECF2DF9C5FFAE3
:10DFA000BE535E537F81BB57701ADB1B811E3DB28F
:10DFB000DDFA153EB9C0CC00526D0FD2E665B35DF7
:10DFC000A1BFCB239636A8AAB58B239542D36FFA6F
:10DFD000FB271BF8CC0108D07D02BDC9A1CF14E2FC
:10DFE000FA9B6E03E3591CFFA48D2626FFBF6D85A7
:10DFF000394D69FCD32DF79F417E65110CB47456E1
:10E0000063AF4B5BF32764DACF1F47FE1E756C6E60
:10E01000CB79314E5A75DEEE8423FFD570CA33D1E9
:10E02000BEDC765970C9827DA764E82FD64E58F5BC
:10E03000FFA2F456EDFA3F9B78A70AA293CDDBC965
:10E040007FD081DF5A90DA28D06681718B181B59F6
:10E05000469EF602414645435CABBCAA8B78F3660C
:10E060004915704E082017590D5C0081B63D4118C6
:10E07000BD100AD0C5B98AED868958FD62373DE7E3
:10E08000BB77904413F318899866F15DEB4C6B51A4
:10E090003286B9326D04CF50F0FF7CD357E36C3039
:10E0A000D1D3C5FC602D103E5461A9D9BD6571A2C4
:10E0B0001A9F792BF36CDD2D72F19B86793F75FAEF
:10E0C000C751D50E4ABF8A7E2E7470B1007AB8CD82
:10E0D000CD1B774F8CF0497BE733285F56DAE32876
:10E0E000B7BDD6F6F4674D2DE6E5B7583CE25CCBFC
:10E0F0008BA279E268CBBF74CC16227BB5F20FD12C
:10E100001B6696F27465C1CDA2E4DD3BAA66FF6F83
:10E11000DB49FB3F133D8A0635CFB974EEDE013291
:10E12000CCDD119E90AA599E63C9E0B3F7D0FCB72D
:10E130007F7759D2ADF6FA1AFCF668583BD53918F4
:10E14000E15357BCB6DE696DB5FEA8CF4D963C35A0
:10E1500096368AF4E7838BC1E1308BCEF3DADEE5C5
:10E160003908784CC96BC81D6735EFF9E1DE6BBF24
:10E1700076516FBC6E999A6D4D7496BD4F06D9D588
:10E18000AB734795EE35B4A48E67497A7E1CEB24B9
:10E190003C18E46788F1ACA50D55CDE0D3F70C959C
:10E1A0001CA7E7ECA5A5A35E3BF53F8C6C03A26F13
:10E1B0005069E424FAAB568A1C68E62472DBA1EAB3
:10E1C0007AAF5B8CA71CD314A6C3882F03310BE94D
:10E1D00007AB92AC053CBFD2C567B49709B388744E
:10E1E000B67B46A7B73B1338EC015E83F8382A723A
:10E1F0001D438E7A6ADAA9D4B44F709A0DE28A135D
:10E20000A3D7AD58624DA78BFC22FFBC3CFFD2C9FF
:10E210005A7556959D97300CABF3BFBEEE2DACD81A
:10E220006B36AC32B87CA1AFF675E23915F9FE62F7
:10E23000F30FE2D8F460EA395D2E4A403364A1FA64
:10E24000F6621DFFE5FCAD580CA9AF0499E539A9AC
:10E2500080C0F2A414E052CC4A09624BD352D68556
:10E2600079F97BE052CC9AED6465DACA1ACB792B46
:10E270003BB0347105B82C8FD38199158D9B829555
:10E28000B66D096E798E6304D35CE6C8CFA2694B84
:10E29000D3E9C06A000F728F239811E14BF674A482
:10E2A0007F961D02980B45583E319B0DF39497BC09
:10E2B000C81F12F017D9C2B6ED3B2B413823654D6C
:10E2C0003B48A44B823F2FCFBF728DCAECC5F9D01B
:10E2D000864E8EAB52A40B95220B0D7E5159347D88
:10E2E000A4877443C48FA2D32877AAD33BE19DFBB4
:10E2F000EBEBFA5FE1F63D9B5916EF3591599A40E9
:10E3000075A82B805C81BB9B9B76D94209FD8790C9
:10E310002BAF3672779B1BF9A37D73435F7FDCE3E2
:10E32000AFCEE6267F7636A90BB72A75CBC1CEE6EF
:10E33000BC76CDB45385D4E0AFB712CC52AE2EEA42
:10E34000AFEAE8EB6A3F5FB7568D026D2ECDDF3C3A
:10E350003F2362792FCB64D14555D87C36EAB5810D
:10E3600000DD60086653BDE1804B970BD672031643
:10E37000658A628D25BEBB6870009E79364B9EA66D
:10E38000E9B7C246E06B6311D72A2727E135D3806E
:10E390009779807A14BC6D05B9D561A899EC2DAA3E
:10E3A0008635F354C2FEB8AC6E6C3E9F1206333C09
:10E3B0009326563690571B58AC992D02C3BEC80AF7
:10E3C0003D74631D386F990AE0B92E97F68BC0FC37
:10E3D000343D3989F521107F6C615189E529C11ED1
:10E3E00014037E9ACFB4C3D70F76F78E775F3DDAEA
:10E3F0002388E198770F1E56BEF71F573E77DFF24E
:10E4000067D737152EEEE0C6C2A2443C4F3C1775C5
:10E41000E9961024D3BA3F373BF3BA9A4B58787831
:10E4200054AD176EAC91414A97E807BBC185D279CC
:10E4300061D3904D7504D7903AA2DB79F7D5C1EB43
:10E4400057EF5F3E5290EF0B7431C9D5D6986FC924
:10E450008DC155E4721B1608A1886BD5DDBBE51094
:10E46000FF554E82516686B63B2CFAD8D9F6659E8A
:10E47000F70E765FED9B99CC65265F1D1C3CE0187E
:10E48000BFACAFD1607B1835F66FB072D89EEFC7C6
:10E49000D6C65C91F7171D129B899825FF24D3835C
:10E4A0006FD279679BFDF37D42D9990150ABFF5341
:10E4B000960F0BDAF867FD9FA589E1A5A9A9C2957A
:10E4C00003F276997591B54E7BDD198BDC6C6E4D40
:10E4D00095A5A902AF5AB55C4ED5D04A77ABA55BDE
:10E4E000DD0054B51E179278764453CE99B96584F1
:10E4F000302FAD65CAB2EFB4BB663F97472ACEC690
:10E5000057DF93D22F033CD9DC5A75E4952061A6DE
:10E510004356DCB6B1B4727C762F1DAB7F716F367B
:10E52000CA4BCAF7DD69955478F0EAB24959197EA9
:10E530005B359B8521E95B9DF9CF56A834F4EEBA93
:10E540002581E5845BF05F5ACEF73B227501A33746
:10E5500037B7EC2E585C9EA25F194F6B141ACDEBA7
:10E560005C517BC3C04EAE7351D2196790A79558CA
:10E57000376E27F879F5D2D53D5984F8FA9E85F79C
:10E5800012906AF28041770AD4E8FA190D323DEA16
:10E59000FE64045DEBD21156FA57F6D73740C8B384
:10E5A000DE2C2DCDF2169C2F0E39F95BC31BFC3FE0
:10E5B000DAAE7DAD6D63DBFF7DFA14669A72A4322C
:10E5C000D8E6962602E12F21B44D9B404A92B6FB35
:10E5D000507610B600A546766539843A3ACF729ED9
:10E5E000E53CD959BF35178D64D9A47BF77C6DB054
:10E5F0003437CD65DD6766AD30D757DE4916494CF7
:10E6000041B892D68FBD944414D5E05EA89E14E024
:10E610005A97A69BABAB136F786ADED737CF682CBF
:10E62000A310C14EC74C4EF593BA4C23339B1387AE
:10E6300086AC3E7D7EF4E4E41FEF0E7F7D2501F184
:10E64000118967340CB6F1666A18C1A8301E2563BB
:10E650007FD78BFF864589AC8FCA04088F414DACAC
:10E6600027D3F50DEADEF07472B63BD9DF00635AAA
:10E67000D6552AB7BE71A6C7C7BD46CAE699EE7A77
:10E680005CC8C97AB8692F8717956EBB58B06BC83C
:10E690006E8D5E0D1712C41C8D882A56D6089B2AD3
:10E6A000A27D92382C5B36884A8623BF3A3C797E1D
:10E6B000FC4C3192793A7A34BD89B3A46F3401DDD0
:10E6C00030B3A49FDE1EBFA9F2FE6765923F749728
:10E6D0004DC97E652386EFA86AC74F4F9E1CFCD8A4
:10E6E000504D5D5757C5D923481A1AA2B094065BFE
:10E6F000D5DF37789396A477BA88F2E67F95F2E66D
:10E700007F2FE5CD1DCA3B73696E3A2FC66880B274
:10E7100070D6800F3709E1407AD59A2AAAD38AB2F7
:10E72000AB299C6E8B669EA841C7C0FEDB262C35AC
:10E730004D0431E8CE65F21111AD49E6869B939206
:10E740001FA47ED12CB1F7BCCAEA96053CA8B746F7
:10E750003FAC2FCBB08DEB8B7E6F68F1F2C5F337FA
:10E7600087274F5EA8001081A38BAAA2848BD16D4E
:10E77000A09E0BFDCB70866FBF63E7EA5ED9D89B86
:10E78000EF9FBFC6380B787857E0F8EAC9C9E111A6
:10E7900083239774BAFC5D369A820359B1A6362456
:10E7A0005E96B2E74B671A619A966423B84A53A300
:10E7B000F162F124AFCBE8791DC18DECE8609C4D8E
:10E7C0002A476D927E7AFBF2C9C98F5A5ED79E7A2C
:10E7D000B53058C95422E23DD0BDE1AFD4A98D92E5
:10E7E0002739F48B0BEE9BB2518E2B0757B8F2AE44
:10E7F0009C1B110296DBE57D79F8F2E9E1090372D1
:10E800007F74339E128320A095CA9B0BC3B19AD705
:10E810006081B05CF86D53641EC7968ABE8DA3A854
:10E8200048F63C210765C75757E790F86DDA1F8E09
:10E8300026D4FCA9415B3D6CF6765C5DB65E39EA98
:10E8400083272F5EF0980DC64EDCF13D3189440DD3
:10E850000FCAFABE846A18C7C4C402AF017452D08A
:10E86000C75477520926EB8D83BC67F63796CFBE27
:10E870004B1648274D39E2C668AC4C0B1CDDF13E07
:10E88000F0A831DF3A0B73820E691731BB73ECB11C
:10E890005CA45D3F5DABA9AA55C05EF32D2B4785F7
:10E8A000399ECA7CEBDE26FEFD1E885840A0345CF3
:10E8B0009F4AF970A42D58759B7D562FA458132B91
:10E8C000B5365657C53A126304CBBAAF817F7B1C6D
:10E8D000CDD5179395F58D7B654176A6D5F2C45AB3
:10E8E000EA20A8F08525E2794D4E9AE3FE7E6FEE90
:10E8F000033F475982F3DCAD94377BFA510AF7376F
:10E90000ECB8A1759BE4D7ADA8A57CE8367DB8111D
:10E91000BB608848ADFC90BAC3EDFA7340D5482A75
:10E920002C2D229C4A4603A218CD1C93ED26DF0E07
:10E930004751EE91960A66995A9B4F5550D32ABA81
:10E940001006BF949495DE074743045BBEDFD431C5
:10E9500073B8D672ECC2E42064FB4AD7A84004F036
:10E96000BFFD06E0CEFD09CD387B5DBB073867FDF6
:10E9700068128B5404F15A08F74BAAA95D4ECD7466
:10E980006A5649CD55EA7F54122F74D18B4AEAA5B5
:10E990004EBDACA47ED0A91F4CAAB92C4FA93AB445
:10E9A000343F1979A291C76816F0C77494C746A579
:10E9B000F9CFB5587199E6258E7959EB9232F6E484
:10E9C00072878DF866D95D9A5B37F755969E1775F5
:10E9D0008174E74E76B00C3C45890FFE32006147EA
:10E9E0006E8B7053DB8889AA54AC5F6A22CDA43C3D
:10E9F0007F7678F4E6F9B7CF0F4F2410D59D100E2F
:10EA000078D23819257BB416E453C4704094C7B04B
:10EA1000FB3960BD48404B1C010D415D1469AE0BD4
:10EA2000406B529B4A5D3914A103F6AD1D6039FA63
:10EA3000B30449B3BCC0E25E6250523724CE2AB65A
:10EA400040EAC9DADA1051765D5BE05CE7FCFBFB7B
:10EA500022455DE773C49E32C06469E788F7861C6F
:10EA6000454387A961AF7C4561CD9536840E1CFB7B
:10EA700076F133DF09CB0348F2B8897407664B0C93
:10EA8000C25034610D01ECACE889610BF03206A391
:10EA90001B97B93158943E2E97555BB838322F2AC0
:10EAA000AAC6AC02DD4BCDD9D54599174ADCDC7935
:10EAB000CBDE9A9C3785AFACC416E00C4ABD3EFC59
:10EAC000E9EDE1D1C1210B75A5A965020BF962F150
:10EAD000D5137E51D1E9674D3D30DF787272F24433
:10EAE000299FB10A14B5587C75C0A8284CA85B159D
:10EAF00029CA7B2567BC1FC27EA5F918C38CF7C441
:10EB0000D5463F3888A28924DE68A78E565C868366
:10EB1000B28AF3C04A0E774635E5A6632FB47CDF90
:10EB2000385320E7559DEF11A18C03ECE43444A544
:10EB300053ABCDDBF0EA175ED5106152BF9EA63D08
:10EB4000314D27D7C9253126018013676CDA43BEC2
:10EB50005FA80DA57C412BEAB9F1AB665308915B28
:10EB6000F5BE50CF3E05D8232AE0EECCB8B82BA78F
:10EB7000B3698FF5FD241E9B3DD62CBE82E7B42CD5
:10EB80001E843320867AE3A853F8AAEBDB1DCBA1C1
:10EB90007D6CDAE52099932010949B1F70CCC657AA
:10EBA000FB741ABE9EA7C4EE92410B27485AAA7B5B
:10EBB0002D9C218A7261368F6C0F4E554BF0B3A994
:10EBC0009AF26C77FD7A6F4D5922CF18B9F7CA9730
:10EBD000861804823DB44ED381902E2E04E275FC3B
:10EBE000C714E6DB436777A164408128799790A535
:10EBF00062148897310445B796E6E581D0829890F3
:10EC0000C64A118837D453B7AC51F5A85FB4866EA5
:10EC10008E35E104E26DD51E2F6469DA0C44DD5AAD
:10EC20002FA4C5BF4030D0BA79667F2F782CF5D697
:10EC30005EB0D1957A5B2FD8D892E59660B0B529B1
:10EC40001DA135D87E284B5E136C6F4BC784186CA2
:10EC50003D96CFDCD76DE9A8B6C1367DC27DDD908B
:10EC60008EC21F3CDE9007EEEB9674AC13C143EAF4
:10EC700053B97D16EC3CA65EBC38D62DED3C92D641
:10EC80002018CC48D50936A458E1BFFFCD7FD70462
:10EC90007C3F97FB355488D42AE49066146C4A4133
:10ECA0002F5B52FC5304DB9424821D4942A9081EA9
:10ECB000522BEA27B4AFEA774F04DF48B1CF7FF792
:10ECC00042F5A27EF628EB11BDEDEB1FF54B1D784A
:10ECD0002CD131FAFBB5C0648B8EFAF90A3F859CC2
:10ECE000B3F8073A7C825CB2256FCA78A7E28190BC
:10ECF000E29D40B8106D470B6684D331CC2497F465
:10ED0000064F9452B9E767BF8BC68A16083C89C282
:10ED1000AF9FBF5972BC67EEC8C9B2332FDA3FF458
:10ED200031B62BEAA731E48971DB4AF51D6BE1119D
:10ED3000D4314F11A7C2DF5D52E695AF833182FA1D
:10ED4000AC9C2024E6703A8827BC01A7427ED1CA39
:10ED50001D572835E81452C257F008EBCBE3F60FE5
:10ED60002076AFE841D3464B43BC190B9C2287F772
:10ED7000B5EC0E5E71D4010F1D3E97D947C376A442
:10ED8000EB6A91259D945D8BB99C3CAEDADEE6047E
:10ED900004789D462D395C28E720DEC0E76DA18808
:10EDA00005E6964A7F4A7C6AE84EB2AC17C9E7F797
:10EDB00082C7A42D4B44835303DA2E71CAE3491E44
:10EDC000A41280C3C4380F86321AF21AE471901468
:10EDD000326D1B7336243DE7604B9971B617B61F31
:10EDE0001BBFC3A9D90063245B54B99ECD4DECFA77
:10EDF000C35067ECAACEB7D13D9326F5AF592C3D51
:10EE0000BE544BB98B672510709849FF6BFC785343
:10EE100075D7BC9B6777A4521C1393C3FCF9451F9D
:10EE2000218FDD834DC062353AEB2B34F64820D27A
:10EE30006A74CA02B05696E77843508F6760A31988
:10EE4000C42C965FF2FE279E7974BCC81A0B938976
:10EE5000972AFFDA9F3E9549431D55DDE95DE9C3D9
:10EE60003429FB3D1793288606734AE411C411A484
:10EE7000117411E495C92A282C135610E5B312BB5E
:10EE8000CB45F219C1120F66CDC41BAA576A0E26D4
:10EE900085B290E9D61A6FD8D1979AB3D755F6D7DD
:10EEA0000BB2BF56D99D05D91D95BDB7207B4F67C5
:10EEB000878BF24355607F41FEBECE5E547F5FD7A5
:10EEC0005F5D90BF3A2C5CD8D1EB11D69AEBA5A42C
:10EED0008605E07AB5E4154A3E05B794E09CCD6B13
:10EEE000D1437EAD1E69BC016AD4923F7D529C28FD
:10EEF000F05C1FD6E76FD3C9743C66EFC3FAA45C1D
:10EF0000CBEE5CC1F1AE6DA1385741481094C057AB
:10EF1000569ABA78B41CC88D886F77DFE6E05B45F7
:10EF2000B32131A2DAF59574499FA77FADCB463264
:10EF3000345DD53E3A55A623699AFC9CF09AF7D1E8
:10EF400054893999736EC8B119321C5A877A43694A
:10EF5000BE5E8830C5C0C85D3FD571D5ED8689FAE3
:10EF6000A0041954923D4399D3B91553D9809A9965
:10EF70009D78CE8E00E2C80E39A18CCDF5424DCFE2
:10EF8000AEED81FA704ADC1807CA636B7E494BF715
:10EF9000FFF6CC9097F83DEDFCD3CE6E337B31730A
:10EFA0001483461229274D8E9E4A66E30778B7FCE4
:10EFB000C6B7C6BEDAE8E6D6DE0E0ECBAEE8AF596F
:10EFC000F2823BA551EE6244D5A3B4A481C4C4E748
:10EFD000E822D2B45E5BA6F586C19030AC1EC46058
:10EFE000E80631A0426A1EB4A0F7BC160780A3A1B0
:10EFF000A8B04C70C6AFA333C598003559933236CC
:10F0000069D6028576B3A8E81B2F43888A59D6EEC5
:10F010004F26D84B0ACF1FA897A245C3CD8CEB7EB5
:10F02000DE7555592A4167E34A303293503F1B53EE
:10F03000962649A77CB8E8ACD8554EB1BDD22BB6C0
:10F04000BCEFD130D3B7CA03769F9ACDE303A500B6
:10F05000C397FED305710934DAB5A331E268E467DA
:10F060003AE4C1B05DC6AB401203BE0D53A161DEF0
:10F070007AA0B5A631134C4317B0617901F3B19F63
:10F0800050FBC6471862B0E355B7408FFEAE71D350
:10F090003B23F55A3F174E8081EFDDD04329C9BC91
:10F0A000B1899A709DE763764B9CA4D8E421AC8922
:10F0B00006249D7F8887BD5ED7DF0B3D1BDAC12606
:10F0C0004A1B370B434740091AB57BEA79E88AD7D0
:10F0D000E5C06081C0D80846CBE93089C4885315A3
:10F0E0003C18718462C765325194C19487D1CBC3F7
:10F0F0007DE57BFC1CBEC7E191FEDC780FC709EB08
:10F10000F7133EE2A85268944F8926E732A6142DE1
:10F110000785FB95D007A505E1F8884319E044A0D1
:10F120001FC00FFC4B6F63A7BB46FFBEE6C3DD5994
:10F13000940E46375E19225BC76169C37492983397
:10F14000DE198780D7CE71FF0CBD99F1BC1E4BED47
:10F15000C1173ED8694A1678326787D270DB76AF1E
:10F160004BE9B8D9A574E927382FBEE8EC9FCB232B
:10F17000E84FCEE7F6700F55DFB309C5467B43B4C1
:10F180003EDE0C53FA36E020E8746E6F6FDBB75B3F
:10F19000ED5176D5D9EC76BB1D2A2F5A1F92F8F681
:10F1A000E9E86328B49773FC13CA1B7D5CEC7FB15C
:10F1B00087CBBF7CEB2DAC382F5597D4E833DDEEF1
:10F1C00057425FB7D56F70247C555EFB0A85BEF64B
:10F1D000B5BEBD235B3B5DFCF3958BF69B68F27B74
:10F1E0002B1984020FC621B1F341E55F75F9A7EA37
:10F1F000752E8651FF771A3995D814ADBB506C3EE9
:10F20000B22D6C6D95F51F5ACFCACDB57776B8F68D
:10F21000F637CEF73FBFF6C3875CFB9B6D5BFBA168
:10F22000D3F5EDB2B6F6B0A6E39799165473B8DAF3
:10F23000275A7D74863EDDA7F6B6684D33EA547BC7
:10F2400047542E1452D2BFDA247EFFA6261F3EFE5C
:10F250007F6B12BFCB9BDCEB0088F8C959912F2F35
:10F26000BBDB83AD1D171EF0A3EB7EE32C0A9E33A0
:10F27000942270414BA1986643EF4B3CFAFC89BD48
:10F28000CE15FE10D2EC9F97C4F7BD43080AA3D257
:10F29000CCD100ED94DBDC4584D794F2F2E9373B26
:10F2A0005FED9657B62B777B17461268552FB96AD4
:10F2B000AFEA366A02A15B7613650AA7F61ECC8E0A
:10F2C0008AAAAB7FED4EC57A79E037F331BE516A39
:10F2D000661571C9F6C7A35B184F5B1777ADBDA85C
:10F2E000A5DCAA87E21DAD594A6B768DA8184C6340
:10F2F0002644646E46E9D56844D4F376629DB8D757
:10F300009DE1AA2FECBFD445E1767CAF1319FFE352
:10F31000766EFFCB25B2F4F40AC1697209AF0B9384
:10F320002045CA9BE8221816360E16241A37AA570B
:10F33000588DF165E2F9747EEBB5BFEE480E8CE1B5
:10F3400016580BCF7B63B8802FCE656E38F07D11D9
:10F350002AF43DED32E644351D7E0B5C1FEF1C8721
:10F36000A4A4F00E03240E6D0487594EE3B22D4B76
:10F370003081EF69A586BC5A7C32AFD058F460F674
:10F38000272DAD9A24EEB94186CEA2FE58C7039A26
:10F39000DE925CDA631EC75756C27D35C873376E7E
:10F3A00044B5F750AC0BC7C97D43FBACE3A8A184BF
:10F3B000694F34BA131001029F38BEED1FCCA60569
:10F3C0009FBAC038F8BA35E4DD388754341115EFE8
:10F3D000FB28C02EBB4C3F1870B857EEC81D57F81D
:10F3E000CAD5C606019D29F060F6BE6875E660EED6
:10F3F000DB1ACCBDA6BE3F8D7046925EBE8FA32C9D
:10F400007F4A12E48B6892BFBE4BFB0859A420D1FF
:10F41000667D1B25C378100C79D5A679902017B18D
:10F420001A82329E93CBE1AF51F1822A7EFAD4BD8B
:10F4300007D4F40D7683D465680113538094D7699B
:10F440001DD8CC42ACD8400825622F99A11AF4CC23
:10F45000F90678301BF5B81EADA3BA946E57B3D237
:10F46000F4BDD7F4454B3BE909C5B3F843D28FA1AE
:10F470004DA5EA332DE50A94BAF460362E2338AC54
:10F480000CCBA1D89008EAABAABB0F66BA444F38A0
:10F49000DDDBA7BCBC35A16553DA986AA3B1015185
:10F4A000771630FEB8BE21F63F19E03133D454C58B
:10F4B000383810FB0F66EE42EBFC9EF20F67BEBBC6
:10F4C000AC89AD56D98223CA570625FE72E7971735
:10F4D00046AF331B758DC09690F087512CA8BFCCDA
:10F4E0000ABEA8E1AA409992AB37412547BA2054F9
:10F4F000A885BAB0CBFE8211453894CB8D43F10B71
:10F5000089DA46C086A87D43A273CC0EA8C00988BC
:10F510009711FA01D4C0079446CBE1B99E0C06BFFF
:10F520002403E253CF9288668DD030216D3E238133
:10F530003B1FBDD6748830D2C645B22AE15B7F013D
:10F540001696A19D08BC386C53E9926363CE3FE4E4
:10F5500097F1E5E552E732AD45DE654C06948572DC
:10F56000C298D439A3576A406B3EA60FAB1879B442
:10F570008EB9E1102E5FCCA1BBD8C75E63ABF4F3AC
:10F580004E2FF1CD38BF73265FFEA3548C677D44A8
:10F59000AF9B20729D8961975AA56758599344ADD6
:10F5A0004926A70914DA6064035445960E4E7191FA
:10F5B000B6AF89E1651835AA83728CD82FBCE10BF0
:10F5C0001D595E872BE3D5551C5B88EE085A7AE6F9
:10F5D000B2FE20BC2408654FE22B61580DC68B4B50
:10F5E00048A4909EAA4D1FB6BA10D377ED94C63AA0
:10F5F000ADB757D411116B40025F846AD9F9ADDD04
:10F60000F1A1402366CC554C6283B702E6544E3AD2
:10F610000EB161EBC08428B4152FD813C36F171D2A
:10F620003E628BFAF4FA971A800B87B23EDE6C7555
:10F630001EB5AAE9CE952AC999BE4C55BFCB2F510C
:10F640005241D393F93D04C8B942ACC7E483087E64
:10F65000AD40BDEFE1AAC365EF97602067AAE993CB
:10F66000E836E08D7DF5AC912E57E1AA155C04A932
:10F670007EBB07367E8FEFE8AF7E59A00F07E35EB3
:10F68000A90FABAF5257FFF77F44A182F73208C9E9
:10F69000121C5882C95982F9D983A12497E698434C
:10F6A0006C0E3C143292B03E156DE0C5B91CC929F0
:10F6B00054FA5298FFD57307AB7A98DBD100E62F46
:10F6C00086D38C86B5A8D3899E1607FEA92B918276
:10F6D000F5D3A9EC9F9581D8A013FBDECA862F4FE6
:10F6E0002FE5782E23F6E56C3A26548E0FD5511966
:10F6F000EC7206D78D148BB000B2EF354D8001044B
:10F700009A1AED96E68D8A82A41C033189A9455D7B
:10F71000F33D060169C96CAE834B4EED91C16A5B46
:10F72000BBF5608D58A1FEB4BCADA0E3EC515145D2
:10F730006A795750A6E1804A6128DA0C778259F439
:10F7400060DF5292E1D16810EB2E62B756D2B25A06
:10F75000C7035C9637287BD8615555531CE220F1CE
:10F7600095C68DE3E3F0DB20FB1E3D1666A9302D28
:10F770007D9EE421158B3943C77AE23C4F1C82D829
:10F780000A1DEE09E7AA27FD681C9B04A09DAACFCD
:10F79000D7E61032F099B2FD967107ABC36CE8B3AF
:10F7A000F9EA74CCDF1C703F1681D0D4C2FD6541EC
:10F7B000F0A4B9028009C7928978D2AF72E238ED1D
:10F7C0006D285C503007C866B6E4F8E2223EDD538F
:10F7D000DA7480F345714EB9E71A24357FFDD118EC
:10F7E00083BD8A6F83107633BD29CF8FCAF24C8CCC
:10F7F0008AED608E0D5090FA47B4372E77D3531AA6
:10F800002407A595C96E7C7A0E6423843A3F0BE3E6
:10F81000D3F44CE24FE80DD50B296DF6C27A937103
:10F82000DBD1D9489C6DAFF5FCA27325B5AAA24DDA
:10F83000B56FBC1936448394E841B8AFA323B32D08
:10F84000DBAF07FC1DF6584E08861C7ED9973F8714
:10F850004E686ADD60165213F4DD4BA303B20D1837
:10F86000E6DF19088EEEAD6DB97A084C8B4EA0C854
:10F870001C191213C34CA5A773985065E1FE774C71
:10F88000A4624BA4B2A2BC43EBFBC1779E73A796C4
:10F89000A0E5BBB092A0BB3A0AEB5D8CC2BCD9BA62
:10F8A000DA5BD9907D5C00F8911A1AC16A3AE14896
:10F8B000BAF26318BB9175E5E99DBC950767E173E2
:10F8C0007C10D34904504D6739767FF70E78B11616
:10F8D0008ADD9658BB234CA0D78FF44A6FB7BE3C45
:10F8E00068D890A034EF406F0F988AFC2EB5E711CE
:10F8F0007E4150DA72AF40B768939CA22A816FA410
:10F90000F034D29F035AD20C9182DFF10498FADAD4
:10F91000AEAE5D061C1208B447A9C2D79ED90689AF
:10F9200009BA476310D8E82AD2D4AA01DFDDAA6D4C
:10F93000989F7DCD8C5EAB56390C442FFE8B0DAA63
:10F940005A6D10336E6DB71EF494496C214DB0E6BC
:10F9500033359267E1E854C169255A795BF888FA32
:10F96000CD86FB5756E9AB6F053C6BDF662486AA54
:10F97000BD00523CB1179054F602A850D4EB06F0EB
:10F9800013EBFBF2385CE9F28110E3101FD247362B
:10F990005564B24C5B79254FC2F98DC651AF7D1AC3
:10F9A0009FF59CAD13EEDEB0218034077246E86807
:10F9B000BB8EBD1EBFAA4DD05A690D0F95F2062F02
:10F9C000A39EDE4DE8A8ED0418756637717E3D1ADA
:10F9D00004623C9A20FE16FC3FD4881B28C33DBB22
:10F9E0000E1C8E3D78E9ED74C168DE60CB6596AD86
:10F9F000AE46047199ED46984A12C62AC1CF9D4C75
:10FA00001B9837F531FB520C46539AC265A5CDB50C
:10FA10000E2E9F3B3B4246AF27008BA6F968127D16
:10FA2000E0C3CE0418ABAB270A42AAC0017EF4366D
:10FA3000F41040DE92BC18A43EBA99E0049C2F78E2
:10FA4000578B7747B18B4369194D34B64FF93C76E4
:10FA500076A7C502874564FE2EC33774115B91F803
:10FA6000535766E11CFB284FAE140B162B5DB058A4
:10FA700099B338DF13654A9C85F89365A0F985A88A
:10FA8000C6816C9C3AAA7DA4B63FDF873348A7A500
:10FA90007A735811615F4B61952B410CC700DB47AE
:10FAA000FAE47B4395C28F2485A8049A8E3E610FA9
:10FAB000BF1834098F410BB4F6CB394613B6A904ED
:10FAC0001037496A84F9F76D7AA14CFA8B8CE8A358
:10FAD0009311817CD35F1FDC331E9739788337877E
:10FAE0001C876069524AE66A202C6BC3FABCDF357A
:10FAF0000D6987562A799D241EA18260308E6BA0E5
:10FB00003C0A8DC8F84E6202DF639EAE21C90487AD
:10FB1000443140A9DEC0F18383BD86231215517B99
:10FB2000D00D993AF879351A3D47D79814544FC0FB
:10FB30008ED0DC8DA9EE069FC9535643E262497A06
:10FB400039125C531B901AEB8E755D7049524F4D04
:10FB5000EFB4070018692641ACAC35AA1BC6477D37
:10FB600073731F7473D576D4C8C03AE957D212069E
:10FB7000BC9092263CE095E39695ACD0D8EC03DDA2
:10FB8000AC6AE885F784A84FDB7AAB57A1E433036E
:10FB9000C7680AAEDB9B9BBAF9D77A28E1071E53E8
:10FBA000C1BF729A2639DEF8572D0F420F347FF20B
:10FBB000B2FAC99EBBF6FA7046094231A0A78AAED6
:10FBC000BED4B15D833F1DC9BDE2FE8810FED3A740
:10FBD00079E64AF214CE5DC42A481701052BC40AFF
:10FBE00028382A577387AF75870DB606C74E0F9A08
:10FBF0002607181628445B02E04BC7C89D1A90B030
:10FC000080C13577EBAAB6740D5FE08BB45818FD50
:10FC1000F419DF04AF5078D6FCD581FE2AD04A63B0
:10FC20009764E35EA0EDEF2599D4D8AF198EAFDAD3
:10FC30008F7895FE8EB6292D4BAE48617A374ADF14
:10FC400031837917A583779A2FA96359F8FE5B2D25
:10FC5000BA0BAE2A7CDF906FA5F12D6FA5D280E2A2
:10FC6000627EA00D1ADC0814B8BFD084E19AAA11F4
:10FC7000CC8827467C5C22366725A66362EB039B13
:10FC8000E257A6E8E2DE29D2640F5F4320BE318C42
:10FC90001DEAC1403F1F39A22F1FD124962DFFC35B
:10FCA000101563E5488DC162584694B706BB841BA6
:10FCB00070EC247FB89B2463B52B67F6E7525B6D2D
:10FCC00068DA4CECC668EB6762DA318C30C6FC7ED1
:10FCD0004EFACCD0E8A23F548447A890D69660361E
:10FCE000EA7045157A4D3E227A65B543DE7D1452A1
:10FCF000DCD28AAD894E47ACE5ED6B121BE807C339
:10FD0000C334ADE1D8347543EF2EE0103C5F612A77
:10FD1000890989AB6D9BCF9702DBB7933617F270D9
:10FD20004B26092B456F27210EAFFF125FBC1EF536
:10FD30007F8FF9CA2DD718A5A3719C560BABB4D5EC
:10FD400055F304FAA40BDF100CD1C455860E194BE1
:10FD50000DDF91B148D226624FD27F590977849442
:10FD60003095FBB3C6E32FB79316FBAD0D60114280
:10FD70007D682DF6DB3CB8CA97F574F709723363DA
:10FD8000E31912B40D30383B3B38C88544B33A8E82
:10FD90004128911BF1968FD2BA793568358DB845D7
:10FDA0006764A6040A50217F0A81332BD6340439B4
:10FDB0008F3E8FA0F7ECA5FFD3A78559FB0FB7BBEC
:10FDC0003226514EE8532F22101BED6E7B9320817B
:10FDD000951841F2A7028D60A67FA1B5A8B4890845
:10FDE000F8168414D3C4A4B37EA4D30B92B5FEC872
:10FDF00073548D53F082B27C462D7366D0E95CE07B
:10FE00003042D6BE4E3EC4377F1013BD09361E3D6C
:10FE1000DA12547B904E50191848C5F5914161AAE9
:10FE20004F073892F3A8CDFF053B5B94D18FC6B83E
:10FE3000E5517E7F92AAAED7BEAF5AEC565BCA6937
:10FE4000FEDB57A311496CAA179B68923DC67FC081
:10FE500071D2AD87DD2E86341A5C4C270D8DE2C43D
:10FE6000A20876BA9B54E8629A0C0728C3B128D836
:10FE700076947C446B038CE4BB8383B59BE8F79852
:10FE80001232D23728E522CA6292D6719F49F447CE
:10FE9000441445707AC6DF42F9F8633261159C5A02
:10FEA00026F11EED82F13873A3F90428E6FF3577B9
:10FEB00025CC6D1B57F8AFAC19D743368088BD7081
:10FEC00048A23C8E6527EED4B16BC7E9A461C69108
:10FED00044CAE2842255493E6A99FFBDDFF77601A4
:10FEE0008287EA7452CFD4962060B1FBF6DDBBC0A6
:10FEF000BEB7A803D424F7A6F5902A793421A2B17D
:10FF000061CFE5F8783EBFFEE3704E2797E7EF41FB
:10FF1000C2EBF0BEB50590DEFA33D028A67A91BACE
:10FF200025EDA3CFB704379A0762367D7371F59A32
:10FF3000DFA46F81615C6867035F56E43266AB6281
:10FF40009CDD37553B79767E953EAE9EA388F3F9CE
:10FF50000EF481821DBD9E5CE8563B3EA2368D7438
:10FF6000D5D431B7D6C9CBBA8EBDAD8EAF6BB85B29
:10FF7000A1989C7C6FCCF6763A1E4C9EA9777E2782
:10FF80001BD1D1AA6F5F3D51A97A8C33AD95C98C35
:10FF900057DAEEBA6257EB864E9F2DF02F18F54DCB
:10FFA00067F906AC51F463C6FB45C88FA3E43B492F
:10FFB00088CFDBEDECDFFF703E6DA2E886F42743CF
:10FFC000C6B1A0CDD1743E1BA368361F76EE1F0CC0
:10FFD00067FB770E9F3DFCE1A7E78FE40310CF5F3F
:10FFE0007DF3D7270FD5B093F6FB7FB70FFBFDC38B
:10FFF0001F0ED5CB1FBF059A99CEAACCF5FB8FBE9D
:02000004600496
:100000001F76863354D98CC7FBE10543F274FFC5D4
:10001000A387291AA54D234061C891CE7646D7A360
:100020006187DDB6C3FC6A0443A0DF36C875A49FB0
:10003000741DE29ED008A53B99FCBBB81E3641500A
:100040009B37EAE8C061080F5CDE6D9F0B68CE85C8
:10005000E06AC60FAE18D8FD8283355A7D783A190A
:10006000FD845F753E1E5F0BFA20A01D1C38ECB4AA
:100070003E0611E1252DD8F1730CB8A7C3BDB43EDF
:10008000EBB15B89F21A76BEAA11A9E3C986F2D652
:100090003BF08B33003542D1535F5ACFAFB7144E8C
:1000A0009DA46559A9D4972AD54596ABD4419952B8
:1000B000631D0A75E6AD4A2DEAA6D6A082CF9D4AF9
:1000C00073A787B3B4E0A9CE9C46DD1C076F70B060
:1000D00065C1428D462E23404FD09AE0AD51156F39
:1000E0006A9B29AB0150E768612A80CABDCACB8CE4
:1000F000F78A4A051C4CA50B55118EF6AE503ACF27
:100100000D0A4B6D78EAE5D4AA1282B0D658E57391
:100110005DE2CCDBE1CCE7A555DA59F461940151FD
:100120008531CA66809B55A8932963D0C8A8BCC8EE
:1001300094576509220AAF3C3A061980AED12CF5D6
:10014000BE1CCE80BB23C5C023036980992BED89DB
:100150009271448980C126AF1C08CD618505C82BEA
:100160004DA172FB519DFB82046539503A117251C9
:10017000CB9768A1D1A28CD428234CB4056090C53C
:1001800099514566C94B94906B0E08E7054A2AC8F9
:10019000A1F00598A53D4E0D9BA1DCB0B2080A6404
:1001A0006814F2DC5A160044EA2B4AA7C0A1247254
:1001B00026074E9E70F3D20154E5281068188F1A56
:1001C000475B910D1950295968C31DEFE3A9F74EFC
:1001D00045AAC809CA06DC729EEAA08B12CC2BD9AC
:1001E0005DA504A43395B23E9E3893B3D74A499F88
:1001F0004549569243E0A17694276440B9FAE1ACB0
:100200000026A898534F3CEA69E868515207809845
:100210002367F00BC5876835F1A832DC760A3DA16B
:1002200072E6140B21630D50D0215C58C85D19F49F
:10023000A62134A0C10B7405EC04030769910BECF3
:10024000DD42934F306B01AE9972547B9D51574AFA
:1002500052A87335D5147A215C0055F10F2A41EA72
:1002600030249705D1E41594336739FA3634275C86
:100270005947D1382A1619EAA8EAE0610E3584995F
:100280002970ADE2716A3372B912A67F1C76FA6BDF
:10029000865BC052AA020C82DD7AF44D9169E15D61
:1002A000E1825678B13BC19D0A4C8D155CC067E870
:1002B000022971056C830A422C5CC15AA85FB04DBB
:1002C00001B9BA8C6A00E695A5981A79EA091BACBF
:1002D000A6228037986F02423E9C9545108A0551B0
:1002E00016E4FB2A1793CBA170D007D81EC8A3E54C
:1002F000416E5058583A9530A76C690C689DD3E20E
:100300009C86A15496D2814E3B404FE9A10A4B2DC9
:10031000B31534A012770360A86D35952D7A2A4D58
:100320006B138F43A688383C64EF68A820C453F150
:10033000A90F04A9E8A420210AC992F3A8AB5CB8CC
:10034000001369BF8A460A59693A447A8422A38B0A
:1003500032EC58C40206E992CED3C241017B25AAF1
:10036000CF1E2A0EC21A12648DA0D7F44427742E11
:10037000F46CCE05E6F34C8C870A243E061D8BCD2B
:10038000FAC064281089CDEAA2D64DFA3C52003753
:100390000A60649676E41A0820BE8A4E40873F467B
:1003A000E0D3F8C0020A9F7E014E676AE8CF2CF9BD
:1003B000C24AF418002527143A6401DD224129DDE0
:1003C0008BA1C68B898A47D1C19DF32E6903A77C77
:1003D000F0606021840A7D840FC61558A3C96C0D96
:1003E000EDC9596C39DC50E2453C29C58CD805DD96
:1003F000334D830713CFC4B82A289817B24130F081
:10040000980637438C38D0902EF99B0B8674DD27E5
:10041000F424F4AE3074769DB2D01446BCD6706627
:10042000C86A7A604B62E4048C83A9C313F3073271
:10043000A778BC0C1760181406141BD471D240D1D5
:10044000D2C17EBA964288325417D860F087D00065
:10045000EA5A4ABF67E8FB0A2A12B02C551CF282FE
:1004600003359183053582141AF252FCA7F450C962
:10047000D859040D4E894F1A2C101089AD5882B0EE
:1004800017956CB06EE0448618D433965C85824E26
:10049000798FAE57B3B52D8C788DE8E345C32D3DEC
:1004A00022F1C2D84D172F3F0E42A445D16EE191E3
:1004B000A89C4EA6073C180221823939227E86026A
:1004C000D162A07216045B81F139472C39C3A80CA4
:1004D000B70E274FA3D19809984ACC10B206E92449
:1004E0000A2E533EF7E2C3E065852C0707C2AEE152
:1004F0005F092913CBC54C840E021C354115C54B31
:10050000A035E721042F8819F1B8981A2B88710AB1
:10051000F214F132B08C13980E951308C0542A11BE
:1005200099E748813185CE81F0733169433FA9E96C
:1005300021E8C54535E487430AE722160303D5358C
:1005400053C2AED8A3308BE3914C103847F1F1C4BD
:1005500051AD4935BC97B55AEEF0AFA6A97A2A033A
:10056000EC81AE9F5E588BF16A5A08FD8D4C1E38A7
:100570004E9662A21C8E44BD382F2B8820674359AB
:10058000218EC91A4D120BC5FF70B49CA6C01A1C4F
:10059000144C6A72D8CEC927CF5914075B16195864
:1005A0001FDCE4D4C8548E6CA3A2D46350FF8D1C0E
:1005B00019F53FE493651D838B670B59199030E65D
:1005C000A4D344F1CA739E44A8E319B879AC91B09E
:1005D0003134E64B3B5CC640D797F573635CE1D89A
:1005E0005D3E49362F302C5F65CAB2D2124C8879F5
:1005F0006AC35F8677B5AB37A5E999E247BE7893C2
:100600008F979D953844D9DB6EEFBF001B62D86A87
:1006100058E1DB42A2C3F2B1C8AD80E4DD7B1B46EA
:10062000E04413ADB4C99245F2192CD85262262F7A
:10063000E511F977F4D9EEEEFBF1F5FBF9E56FF78B
:1006400066C75717EDBEC2524622312D4B71ECC41E
:10065000E7663CB1C715D6E669729D09ACB0179242
:100660002C4C4CE2F8BDF0CD17866FBF307CB745FF
:1006700027B682FBE5B3C26D69EE7F926D23CE276C
:100680004F5FF5BF7DFE5231265F1D8ED16055F262
:10069000AD0E9B75960D229AD72A49272EA1E06EA2
:1006A000767E9568BE4B79F5B42A3F2486D79607A7
:1006B000C783E7A17ED59214BC2A79A87068B8C117
:1006C000EFA96EB2FE0B70811C480FD4ABC3E7FCE0
:1006D000F3E0CD9367B772212EED6EE581BC83FA0E
:1006E000E3F846E2C3075FF9F5CEE623CB5B896901
:1006F000AD452D1DA5F4BFF48EE16A15E53655CD47
:10070000FBBFBA7D7C43D84040D3CBF1D55903A47D
:10071000B9BF826CFC2E69A3ADE17F729B37AF5FDE
:1007200022A9A7477CDD3A3B9A9DB4909E9CCB9B27
:10073000D5FF7737FEBB14EC164AD7DDFAFF5CB164
:100740001F86E853F56378EBC5B8C64663EB978818
:100750008B755F1FE9FA0276F64A5E13B75F1EAE2D
:10076000A84FF355DAE0EF306D686110DE2837FAF4
:100770002DC1648A5BCE3061B1A536F5C73AD3B3DB
:10078000F9E5E423119C365ABBFEBEBA56D166D2B7
:10079000D0B11D5EC5100A6ACAC7B797E37506F1E6
:1007A00003ECF2C16A795F7DF91BF10A9737B169F1
:1007B000FCF828EE7F658EED51E13B3550095A5B20
:1007C000DE34793E3EE92C168BBD31230FB9BFE7ED
:1007D0005A761BF7778EA9F8E3EBB00EC9BC90A34D
:1007E000690F557BC978B65A86CA720DB18FC69704
:1007F000BD6E134FD0E4242C1720E32AE3DA12A4B1
:10080000A406267C7F29EB8F21CCA989B18EDDFC43
:10081000ADCB15E25B32D293A3C19C9154CB049C27
:10082000103F97BCDD80C3E8E3938D52D9D92339BB
:10083000BDA5FC62138AEE25675B4B474DE98BF142
:1008400029B72D78BDB2BC2841D77FE976DE8F8FDE
:10085000AF642DB2B50B466B859171DDDDD5148982
:100860007A5BA9187813C348F7DA1B14B4A04E6456
:10087000F3CBEE6CA729AAB76D5AD649968B1ABB53
:10088000370B09B38D71BADCCC60AFD5B6150F88C4
:100890003B83E9624B6856028CB889718FEBC68C3A
:1008A0000EBD787B3C9D5C9D75B9D49BC80E89F5C7
:1008B0007A2B97115BF7E7338640CBFE52F53AE788
:1008C00078B5C2E9695D6391BC91E621088D8B54CE
:1008D000FD90BDD759869BDD9C44EC2420A0DE9280
:1008E000210381E7833A601E5DFDD65BADF8B64E0D
:1008F000BFD35122A03204156E421ED7D16DC485DC
:10090000BB3A9C48A035B460FA2F295B02EB2D3628
:10091000C2445B0A7174EFDE2A299062047DDE4BCB
:100920008E3E7D0AC0979DB500EF0561BD67303FE3
:10093000037E4F6B58E1EAD6E0C86B960428D7F2E5
:100940005116A6A1ECAC853BA29806B7B4AA4619ED
:10095000EEEF84F5C87BF75E77576AACE448325A0D
:100960006D75BF8E1810BD9158B96C935C0D3266D1
:100970002C3C894BA1DD35CB99532F7E9500D19D21
:100980008BA351D8F5D8249D8C3B4D0678D0F92601
:100990008D324B5AAC5D3EF62DF9E2323B90C83BAE
:1009A000469EDD9F747BBB9B9C8A09CB8C1F388441
:1009B000076F76F89877274C27F86EFEF692790342
:1009C0005FC3B97E1DCB9E4E66B494B5D2975C9141
:1009D0001FB134993632648C631814EF0C18477DBC
:1009E00035680A92EF24F78741AECDB619374D4BE3
:1009F0006873A36F2D2E35B4EB056347F5D8FE79E8
:100A0000DE6312D159729A5C246FA04ADC26172E3D
:100A100006DE69304A6AB9EF679F3EC5D38341B7A6
:100A2000D99544BC2C9F90EB242EEE3BD26BA90BA6
:100A3000A3397F8E61CEEF068FBA87C9839F575A3D
:100A4000372317B397E2BAFA2FF00F8C5B8DAA1CED
:100A500013BB3A12CB3ABF0F8BB813CD6C37AEF243
:100A60000F0693DE964C3F49A638B87BF32E646898
:100A7000EEDFBD79B950D2E2F16C70F7E67C35DD7E
:100A8000BA7FF0ABA079BC3A8604EA963912E21D2F
:100A90008E627777B2982633AE43ADEBC4DF3B73FB
:100AA0009C0F06D79F3E5DEF0FBA11DFA61273169B
:100AB0003E0C8EEFEFFC1C192551DEDBB215D76919
:100AC0006825F2BE9F7C3CBA1CA561A08F0981926B
:100AD000CBCBA794FA6BD359F6EE6C2F3EB92CCB47
:100AE000FE84C9F07A56F9E8E8EA4C820452CE4C0A
:100AF0002F980ABA9AA41852905B51EEB2DB55CCEB
:100B000016DD929E1EC1A865166A67E53BF2C06AB3
:100B1000E3BBEFAD3C7288EB1F90D0D9FCFDA08108
:100B20002012C3748069C16BC9F271C62079924AE0
:100B3000A486D3E326D77C9931DBC294D5B6A159DC
:100B400053106681ABE9ED40EBB1F416D3C989DCF3
:100B5000262A5BD3CB71F774F56EC8301F484A74F0
:100B60008CB5C2C5896829C62C9CBF6965CBA3EB2F
:100B70007F2E54B412264F6781529C7E5863C00A60
:100B80003E61562569A6ABBD70B70749F35D655256
:100B90003B777439395B4ECAC64D8899CC0A568268
:100BA0007A7A7BFBFDF025CE83FD3E95F8E0DFEA07
:100BB0009258070E1B020000303030303030303099
:100BC0003030303030303030303030303030303025
:100BD0003030303030303030640900000100000621
:100BE0000000000000000000C4D801202CD9012022
:100BF00094D9012000000000000000000000000067
:100C000000000000000000000000000000000000E4
:100C100000000000000000000000000000000000D4
:100C200000000000000000000000000000000000C4
:100C300000000000000000000000000000000000B4
:100C400000000000000000000000000000000000A4
:100C50000000000000000000000000000000000094
:100C60000000000000000000000000000000000084
:100C70000000000000000000000000000100000073
:100C8000000000000E33CDAB34126DE6ECDE050043
:100C90000B00000000000000000000000000000049
:100CA0000000000000000000000000000000000044
:100CB0000000000000000000000000000000000034
:100CC0000000000000000000000000000000000024
:100CD0000000000000000000000000000000000014
:100CE0000000000000000000000000000000000004
:100CF00000000000000000000000000000000000F4
:100D0000000000000029DE07007B9A171C2A002043
:100D100000000000E803000000000000442A00205A
:100D200000000000E803000000000000000019407F
:100D3000043A012000000000A0D4012020D30120AB
:100D4000000000000000000028000000400000003B
:100D5000280000004000000000000000000000002B
:100D60000000000000000000000000000000000083
:100D7000000000000000000000000000442A0020E5
:100D800000000000E80300000000000000801840A0
:100D90004439012000000000C8D4012060D30120A4
:100DA00000000000000000002800000040000000DB
:100DB00028000000400000000000000000000000CB
:100DC0000000000000000000000000000000000023
:100DD000000000000000000000000000442A002085
:100DE00000000000E80300000000000000C0184000
:100DF000A439012000000000F0D40120A0D301207C
:100E0000000000000000000028000000400000007A
:100E1000280000004000000000000000000000006A
:100E200000000000000000000000000000000000C2
:100E3000000000000000000000000000442A002024
:100E400000000000E80300000000000000001A405D
:100E5000243B01200000000018D50120E0D3012030
:100E6000000000000000000028000000400000001A
:100E7000280000004000000000000000000000000A
:100E80000000000000000000000000000000000062
:100E9000000000000000000000000000442A0020C4
:100EA00000000000E80300000000000000C019403E
:100EB000C43A01200000000040D5012020D40120C8
:100EC00000000000000000002800000040000000BA
:100ED00028000000400000000000000000000000AA
:100EE0000000000000000000000000000000000002
:100EF000000000000000000000000000442A002064
:100F000000000000E803000000000000004019405D
:100F1000643A01200000000068D5012060D401205F
:100F20000000000000000000280000004000000059
:100F30002800000040000000000000000000000049
:100F400000000000000000000000000000000000A1
:100F5000000000000000000000000000003401203C
:100F6000742A002000000000E803000000000000D8
:100F700000003F40A82000600000000000000000CA
:100F80000000000000000000000000000000000061
:100F90000000000000000000000000000000000051
:100FA0000000000000000000000000000000000041
:100FB0000000000000000000000000000000000031
:100FC0000000000000000000000000000000000021
:100FD0000000000000000000000000000000000011
:100FE0000000000000000000000000000000000001
:100FF00000000000000000000000000000000000F1
:1010000000000000000000000000000000000000E0
:1010100000000000000000000000000000000000D0
:1010200000000000000000000000000000000000C0
:1010300000000000000000000000000000000000B0
:1010400000000000000000000000000000000000A0
:101050000000000000000000000000000000000090
:101060000000000000000000000000000000000080
:101070000000000000000000000000000000000070
:101080000000000000000000000000000000000060
:101090000000000000000000000000000000000050
:1010A000742A002000000000E80300000000000097
:1010B00000803F4058200060000000000000000059
:1010C0000000000000000000000000000000000020
:1010D0000000000000000000000000000000000010
:1010E0000000000000000000000000000000000000
:1010F00000000000000000000000000000000000F0
:1011000000000000000000000000000000000000DF
:1011100000000000000000000000000000000000CF
:1011200000000000000000000000000000000000BF
:1011300000000000000000000000000000000000AF
:10114000000000000000000000000000000000009F
:10115000000000000000000000000000000000008F
:10116000000000000000000000000000000000007F
:10117000000000000000000000000000000000006F
:10118000000000000000000000000000000000005F
:10119000000000000000000000000000000000004F
:1011A000000000000000000000000000000000003F
:1011B000000000000000000000000000000000002F
:1011C000000000000000000000000000000000001F
:1011D000000000000000000000000000000000000F
:1011E000742A002000000000E80300000000000056
:1011F00000C03F4008200060000000000000000028
:1012000000000000000000000000000000000000DE
:1012100000000000000000000000000000000000CE
:1012200000000000000000000000000000000000BE
:1012300000000000000000000000000000000000AE
:10124000000000000000000000000000000000009E
:10125000000000000000000000000000000000008E
:10126000000000000000000000000000000000007E
:10127000000000000000000000000000000000006E
:10128000000000000000000000000000000000005E
:10129000000000000000000000000000000000004E
:1012A000000000000000000000000000000000003E
:1012B000000000000000000000000000000000002E
:1012C000000000000000000000000000000000001E
:1012D000000000000000000000000000000000000E
:1012E00000000000000000000000000000000000FE
:1012F00000000000000000000000000000000000EE
:1013000000000000000000000000000000000000DD
:1013100000000000000000000000000000000000CD
:101320000215000059F001000000000068C00F40E5
:10133000000000300F000000020000002C851F405C
:1013400001000000FF000000FF000000000000009E
:10135000000000000E0000000200000030851F4069
:1013600001000000FF000000FF000000000000007E
:101370000000000013024000260018007800000062
:101380000316000065F001000000000068C00F4077
:1013900000300000100000000200000038851F40EF
:1013A00000000000FF000000FF000000000000003F
:1013B0000000000011000000020000003C851F40FA
:1013C00000000000FF000000FF000000000000001F
:1013D00000000000FF004000260018007900000017
:1013E000011700004DF00100000000006CC00F402C
:1013F00000000003070000000200000040851F40BD
:1014000002000000FF000000FF00000000000000DC
:1014100000000000080000000200000044851F409A
:1014200002000000FF000000FF00000000000000BC
:1014300000000000FF004000260018007A000000B5
:101440000718000089F001000000000074C00F4080
:101450000C000000220000000100000048851F4031
:1014600001000000300000000200000048851F401D
:101470000000000023000000010000004C851F4018
:1014800001000000FF000000FF000000000000005D
:101490000000000032024000260018007B0000001F
:1014A000061A00007DF00100000000007CC00F4023
:1014B0000000000C1C0000000200000058851F40C6
:1014C00001000000FF000000FF000000000000001D
:1014D000000000001D000000020000005C851F40AD
:1014E00001000000FF000000FF00000000000000FD
:1014F00000000000FF004000260018007D000000F2
:10150000041B000071F001000000000080C00F40CB
:1015100000C00000150000000200000060851F40B0
:10152000010000002E0000000200000060851F4046
:1015300000000000140000000200000064851F404D
:10154000010000002F0000000200000064851F4021
:10155000000000002B024000260018007E00000062
:101560001000000084D801208030202000000000FE
:101570004300000000000000000000000000000028
:10158000000000000000000000000000000000005B
:101590004300000000000000000000000000000008
:1015A000000000000000000000000000000000003B
:1015B00043000000000000000000000000000000E8
:1015C000000000000000000000000000000000001B
:1015D00043000000000000000000000000000000C8
:1015E00000000000000000000000000000000000FB
:1015F00043000000000000000000000000000000A8
:1016000000000000000000000000000000000000DA
:101610004300000000000000000000000000000087
:1016200000000000000000000000000000000000BA
:101630004300000000000000000000000000000067
:10164000000000000000000000000000000000009A
:10165000916C0200F161020000000000F0300020F7
:10166000243E0020B8500020B8500020B850002080
:10167000B8500020B8500020B8500020B8500020CA
:10168000B8500020B8500020FFFFFFFFFFFFFFFF12
:10169000FFFFFFFFFFFF00000100415343494900E6
:1016A000000000000000000000000000000000003A
:1016B00000000000000000000000415343494900C1
:1016C000000000000000000000000000000000001A
:1016D000000000000000000000000000000000000A
:1016E00000000000003D0120003D0120083D0120D8
:1016F000083D0120103D0120103D0120183D012032
:10170000183D0120203D0120203D0120283D0120E1
:10171000283D0120303D0120303D0120383D012091
:10172000383D0120403D0120403D0120483D012041
:10173000483D0120503D0120503D0120583D0120F1
:10174000583D0120603D0120603D0120683D0120A1
:10175000683D0120703D0120703D0120783D012051
:10176000783D0120803D0120803D0120883D012001
:10177000883D0120903D0120903D0120983D0120B1
:10178000983D0120A03D0120A03D0120A83D012061
:10179000A83D0120B03D0120B03D0120B83D012011
:1017A000B83D0120C03D0120C03D0120C83D0120C1
:1017B000C83D0120D03D0120D03D0120D83D012071
:1017C000D83D0120E03D0120E03D0120E83D012021
:1017D000E83D0120F03D0120F03D0120F83D0120D1
:1017E000F83D0120003E0120003E0120083E01207E
:1017F000083E0120103E0120103E0120183E01202D
:10180000183E0120203E0120203E0120283E0120DC
:10181000283E0120303E0120303E0120383E01208C
:10182000383E0120403E0120403E0120483E01203C
:10183000483E0120503E0120503E0120583E0120EC
:10184000583E0120603E0120603E0120683E01209C
:10185000683E0120703E0120703E0120783E01204C
:10186000783E0120803E0120803E0120883E0120FC
:10187000883E0120903E0120903E0120983E0120AC
:10188000983E0120A03E0120A03E0120A83E01205C
:10189000A83E0120B03E0120B03E0120B83E01200C
:1018A000B83E0120C03E0120C03E0120C83E0120BC
:1018B000C83E0120D03E0120D03E0120D83E01206C
:1018C000D83E0120E03E0120E03E0120E83E01201C
:1018D000E83E0120F03E0120F03E0120F83E0120CC
:1018E000F83E0120003F0120003F0120083F012079
:1018F000083F0120103F0120103F0120183F012028
:10190000183F0120203F0120203F0120283F0120D7
:10191000283F0120303F0120303F0120383F012087
:10192000383F0120403F0120403F0120483F012037
:10193000483F0120503F0120503F0120583F0120E7
:10194000583F0120603F0120603F0120683F012097
:10195000683F0120703F0120703F0120783F012047
:10196000783F0120803F0120803F0120883F0120F7
:10197000883F0120903F0120903F0120983F0120A7
:10198000983F0120A03F0120A03F0120A83F012057
:10199000A83F0120B03F0120B03F0120B83F012007
:1019A000B83F0120C03F0120C03F0120C83F0120B7
:1019B000C83F0120D03F0120D03F0120D83F012067
:1019C000D83F0120E03F0120E03F0120E83F012017
:1019D000E83F0120F03F0120F03F0120F83F0120C7
:1019E000F83F012000400120004001200840012074
:1019F0000840012010400120104001201840012023
:101A000018400120204001202040012028400120D2
:101A10002840012030400120304001203840012082
:101A20003840012040400120404001204840012032
:101A300048400120504001205040012058400120E2
:101A40005840012060400120604001206840012092
:101A50006840012070400120704001207840012042
:101A600078400120804001208040012088400120F2
:101A700088400120904001209040012098400120A2
:101A800098400120A0400120A0400120A840012052
:101A9000A8400120B0400120B0400120B840012002
:101AA000B8400120C0400120C0400120C8400120B2
:101AB000C8400120D0400120D0400120D840012062
:101AC000D8400120E0400120E0400120E840012012
:101AD000E8400120F0400120F0400120F8400120C2
:101AE000F8400120FFFFFFFF00000200000000009F
:101AF00003000000C4D8012008320120E85B002068
:101B000031306D732D554D393878000000000000DC
:101B1000280A0000099600000000F0420000803F03
:101B20004643464200040156000000000103030042
:101B300000000000000000000000000000000000A5
:101B40000000000000000000000000000000000095
:101B50000000000000000000000000000000000085
:101B60001000000001040700000000000000000059
:101B700000008000000000000000000000000000E5
:101B80000000000000000000000000000000000055
:101B90000000000000000000000000000000000045
:101BA000EB04180A063204260000000000000000C2
:101BB00005040424000000000000000000000000F4
:101BC0000000000000000000000000000000000015
:101BD00006040000000000000000000000000000FB
:101BE00000000000000000000000000000000000F5
:101BF00020041808000000000000000000000000A1
:101C000000000000000000000000000000000000D4
:101C100000000000000000000000000000000000C4
:101C2000D8041808000000000000000000000000B8
:101C3000020418080420000000000000000000005A
:101C40000000000000000000000000000000000094
:101C50006004000000000000000000000000000020
:101C60000000000000000000000000000000000074
:101C70000000000000000000000000000000000064
:101C80000000000000000000000000000000000054
:101C90000000000000000000000000000000000044
:101CA0000000000000000000000000000000000034
:101CB0000000000000000000000000000000000024
:101CC0000000000000000000000000000000000014
:101CD0000000000000000000000000000000000004
:101CE00000010000001000000100000000000000E2
:101CF00000000100000000000000000000000000E3
:101D000000000000000000000000000000000000D3
:101D100000000000000000000000000000000000C3
:101D200012010002EF020140C0168304800201028A
:101D30000301000041694F2D4E472D76362E302E7F
:101D40003120323032352D30352D333120737465EA
:101D5000657220627574746F6E206669782C2073CA
:101D60006F667420616363656C65726174696F6E20
:101D70002C20463950206E6F6973652066696C743B
:101D800065720000350102003501020035010200D4
:101D90003501020035010200350102003501020063
:101DA0003501020035010200350102003501020053
:101DB0003501020035010200350102003501020043
:101DC0003501020035010200350102003501020033
:101DD0003501020035010200350102003501020023
:101DE0003501020035010200350102003501020013
:101DF0003501020035010200350102003501020003
:101E000035010200350102003501020035010200F2
:101E100035010200350102003501020035010200E2
:101E200035010200350102003501020035010200D2
:101E300035010200350102003501020035010200C2
:101E400035010200350102003501020035010200B2
:101E500035010200350102003501020035010200A2
:101E60003501020035010200350102003501020092
:101E70003501020035010200350102003501020082
:101E80003501020035010200350102003501020072
:101E90003501020035010200350102003501020062
:101EA0003501020035010200350102003501020052
:101EB0003501020035010200350102003501020042
:101EC0003501020035010200350102003501020032
:101ED0003501020035010200350102003501020022
:101EE0003501020035010200350102003501020012
:101EF0003501020035010200350102003501020002
:101F000035010200350102003501020035010200F1
:101F100035010200350102003501020035010200E1
:101F200035010200350102003501020035010200D1
:101F300035010200350102003501020035010200C1
:101F400035010200350102003501020035010200B1
:101F500035010200350102003501020035010200A1
:101F60003501020035010200350102003501020091
:101F70003501020035010200350102003501020081
:101F8000350102004000210160002101230C2001E5
:101F9000600C2000230D2001600D20006012210143
:101FA0002300200160002000600F21014001111179
:101FB00060011111600D210261ED0000E940010096
:101FC000EDEC0000D5DA0000F5DC0000E5C700000C
:101FD000E9C70000F9C70000FDC700006DF200006E
:101FE00001C8000005C8000009C8000075F2000023
:101FF000D9F1000065F200000DC8000069F2000090
:1020000071F20000D5F100000200000039D4010097
:102010009DEF00000000000031D601002800000004
:102020000001040001000000000000000201574907
:102030004E55534200000000000000000000000068
:102040000000000012034D00530046005400310010
:1020500030003000F8000000C0A8057E00C0A805D0
:102060000100C0A805FF0000000700203863002021
:1020700014390020000000000300000007000000E9
:1020800000000000C1E4010009E5010031E50100A4
:10209000685B0020283A00200000000003000000D8
:1020A00007000000000000004DE4010069E40100A9
:1020B00048630020283A00200000000003000000D0
:1020C0000700000000000000D9E30100F5E3010073
:1020D000705B0020D83900200000000003000000E1
:1020E00007000000000000008C47012054000000A1
:1020F00081E5010091E5010001EE000000000060B3
:102100000000400000100000000100003501000048
:10211000610000000036306D732D4639500000001C
:1021200000000000C0000000A80000000500000042
:102130007E00000041694F2076352E3064205765BF
:102140006220475549202D204665622031312032DA
:102150003032352031333A34373A31310000000023
:10216000000000000000000050630020B456002072
:10217000000000000000000000000000000000005F
:102180005C630020BC56002000000000010000003D
:102190000C0000000000000068630020A85600202A
:1021A000000000001000000000000000000000001F
:1021B00070630020A85600200000000014000000FA
:1021C000000000000000000078630020A8560020F6
:1021D00000000000180000000000000000000000E7
:1021E00080630020A8560020000000001C000000B2
:1021F000000000000000000088630020BC560020A2
:10220000000000002000000032000000000000007C
:1022100000000000000000000000000000000000BE
:1022200000000000000000000000000101000000AC
:1022300000000300000000000C030000000000008C
:10224000000000000000000000000000000000008E
:10225000E3B0C44298FC1C149AFBF4C8996FB924EB
:1022600027AE41E4649B934CA495991B7852B855D2
:1022700019FC0108010166000000000000000000D8
:10228000000000000000000000000000000000004E
:10229000000000000000000000000000000000003E
:1022A000000000000000000000000000000000002E
:1022B000000000000000000000000000000000001E
:1022C000000000000000000000000000000000000E
:1022D00000000000000000000000000000000000FE
:1022E00000000000000000000000000000000000EE
:1022F00000000000000000000000000000000000DE
:1023000000000000000000000000000000000000CD
:1023100000000000000000000000000000000000BD
:1023200000000000000000000000000000000000AD
:10233000000000000000000000000000000000009D
:10234000000000000000000000000000000000008D
:10235000000000000000000000000000000000007D
:10236000000000000000000000000000000000006D
:10237000000000000000000000000000000000005D
:10238000000000000000000000000000000000004D
:10239000000000000000000000000000000000003D
:1023A000000000000000000000000000000000002D
:1023B000000000000000000000000000000000001D
:1023C000000000000000000000000000000000000D
:1023D00000000000000000000000000000000000FD
:1023E00000000000000000000000000000000000ED
:1023F00000000000000000000000000000000000DD
:1024000000000000000000000000000000000000CC
:1024100000000000000000000000000000000000BC
:1024200000000000000000000000000000000000AC
:10243000000000000000000000000000000000009C
:10244000000000000000000000000000000000008C
:10245000000000000000000000000000000000007C
:10246000000000000000000000000000000000006C
:10247000000000000000000000000000000000005C
:10248000000000000000000000000000000000004C
:10249000000000000000000000000000000000003C
:1024A000000000000000000000000000000000002C
:1024B000000000000000000000000000000000001C
:1024C000000000000000000000000000000000000C
:1024D00000000000000000000000000000000000FC
:1024E00000000000000000000000000000000000EC
:1024F00000000000000000000000000000000000DC
:1025000000000000000000000000000000000000CB
:1025100000000000000000000000000000000000BB
:1025200000000000000000000000000000000000AB
:10253000000000000000000000000000000000009B
:10254000000000000000000000000000000000008B
:10255000000000000000000000000000000000007B
:10256000000000000000000000000000000000006B
:10257000000000000000000000000000000000005B
:10258000000000000000000000000000000000004B
:10259000000000000000000000000000000000003B
:1025A000000000000000000000000000000000002B
:1025B000000000000000000000000000000000001B
:1025C000000000000000000000000000000000000B
:1025D00000000000000000000000000000000000FB
:1025E00000000000000000000000000000000000EB
:1025F00000000000000000000000000000000000DB
:1026000000000000000000000000000000000000CA
:1026100000000000000000000000000000000000BA
:1026200000000000000000000000000000000000AA
:10263000000000000000000000000000000000009A
:10264000000000000000000000000000000000008A
:10265000000000000000000000000000000000007A
:10266000000000000000000000000000000000006A
:10267000000000000000000000000000000000005A
:10268000000000000000000000000000000000004A
:10269000000000000000000000000000000000003A
:1026A000000000000000000000000000000000002A
:1026B000000000000000000000000000000000001A
:1026C000000000000000000000000000000000000A
:1026D00000000000000000000000000000000000FA
:1026E00000000000000000000000000000000000EA
:1026F00000000000000000000000000000000000DA
:1027000000000000000000000000000000000000C9
:1027100000000000000000000000000000000000B9
:1027200000000000000000000000000000000000A9
:102730000000000000000000000000000000000099
:102740000000000000000000000000000000000089
:102750000000000000000000000000000000000079
:102760000000000000000000000000000000000069
:102770000000000000000000000000000000000059
:102780000000000000000000000000000000000049
:102790000000000000000000000000000000000039
:1027A0000000000000000000000000000000000029
:1027B0000000000000000000000000000000000019
:1027C0000000000000000000000000000000000009
:1027D00000000000000000000000000000000000F9
:1027E00000000000000000000000000000000000E9
:1027F00000000000000000000000000000000000D9
:1028000000000000000000000000000000000000C8
:1028100000000000000000000000000000000000B8
:1028200000000000000000000000000000000000A8
:102830000000000000000000000000000000000098
:102840000000000000000000000000000000000088
:102850000000000000000000000000000000000078
:102860000000000000000000000000000000000068
:102870000000000000000000000000000000000058
:102880000000000000000000000000000000000048
:0C2890000000000000000000000000003C
:10289C00FFFFFFFFFFFFFFFFFFFFFFFFFFFFFFFF3C
:1028AC00FFFFFFFFFFFFFFFFFFFFFFFFFFFFFFFF2C
:1028BC00FFFFFFFFFFFFFFFFFFFFFFFFFFFFFFFF1C
:1028CC00FFFFFFFFFFFFFFFFFFFFFFFFFFFFFFFF0C
:1028DC00FFFFFFFFFFFFFFFFFFFFFFFFFFFFFFFFFC
:1028EC00FFFFFFFFFFFFFFFFFFFFFFFFFFFFFFFFEC
:1028FC00FFFFFFFFFFFFFFFFFFFFFFFFFFFFFFFFDC
:10290C00FFFFFFFFFFFFFFFFFFFFFFFFFFFFFFFFCB
:10291C00FFFFFFFFFFFFFFFFFFFFFFFFFFFFFFFFBB
:10292C00FFFFFFFFFFFFFFFFFFFFFFFFFFFFFFFFAB
:10293C00FFFFFFFFFFFFFFFFFFFFFFFFFFFFFFFF9B
:10294C00FFFFFFFFFFFFFFFFFFFFFFFFFFFFFFFF8B
:10295C00FFFFFFFFFFFFFFFFFFFFFFFFFFFFFFFF7B
:10296C00FFFFFFFFFFFFFFFFFFFFFFFFFFFFFFFF6B
:10297C00FFFFFFFFFFFFFFFFFFFFFFFFFFFFFFFF5B
:10298C00FFFFFFFFFFFFFFFFFFFFFFFFFFFFFFFF4B
:10299C00FFFFFFFFFFFFFFFFFFFFFFFFFFFFFFFF3B
:1029AC00FFFFFFFFFFFFFFFFFFFFFFFFFFFFFFFF2B
:1029BC00FFFFFFFFFFFFFFFFFFFFFFFFFFFFFFFF1B
:1029CC00FFFFFFFFFFFFFFFFFFFFFFFFFFFFFFFF0B
:1029DC00FFFFFFFFFFFFFFFFFFFFFFFFFFFFFFFFFB
:1029EC00FFFFFFFFFFFFFFFFFFFFFFFFFFFFFFFFEB
:1029FC00FFFFFFFFFFFFFFFFFFFFFFFFFFFFFFFFDB
:102A0C00FFFFFFFFFFFFFFFFFFFFFFFFFFFFFFFFCA
:102A1C00FFFFFFFFFFFFFFFFFFFFFFFFFFFFFFFFBA
:102A2C00FFFFFFFFFFFFFFFFFFFFFFFFFFFFFFFFAA
:102A3C00FFFFFFFFFFFFFFFFFFFFFFFFFFFFFFFF9A
:102A4C00FFFFFFFFFFFFFFFFFFFFFFFFFFFFFFFF8A
:102A5C00FFFFFFFFFFFFFFFFFFFFFFFFFFFFFFFF7A
:102A6C00FFFFFFFFFFFFFFFFFFFFFFFFFFFFFFFF6A
:102A7C00FFFFFFFFFFFFFFFFFFFFFFFFFFFFFFFF5A
:102A8C00FFFFFFFFFFFFFFFFFFFFFFFFFFFFFFFF4A
:102A9C00FFFFFFFFFFFFFFFFFFFFFFFFFFFFFFFF3A
:102AAC00FFFFFFFFFFFFFFFFFFFFFFFFFFFFFFFF2A
:102ABC00FFFFFFFFFFFFFFFFFFFFFFFFFFFFFFFF1A
:102ACC00FFFFFFFFFFFFFFFFFFFFFFFFFFFFFFFF0A
:102ADC00FFFFFFFFFFFFFFFFFFFFFFFFFFFFFFFFFA
:102AEC00FFFFFFFFFFFFFFFFFFFFFFFFFFFFFFFFEA
:102AFC00FFFFFFFFFFFFFFFFFFFFFFFFFFFFFFFFDA
:102B0C00FFFFFFFFFFFFFFFFFFFFFFFFFFFFFFFFC9
:102B1C00FFFFFFFFFFFFFFFFFFFFFFFFFFFFFFFFB9
:102B2C00FFFFFFFFFFFFFFFFFFFFFFFFFFFFFFFFA9
:102B3C00FFFFFFFFFFFFFFFFFFFFFFFFFFFFFFFF99
:102B4C00FFFFFFFFFFFFFFFFFFFFFFFFFFFFFFFF89
:102B5C00FFFFFFFFFFFFFFFFFFFFFFFFFFFFFFFF79
:102B6C00FFFFFFFFFFFFFFFFFFFFFFFFFFFFFFFF69
:102B7C00FFFFFFFFFFFFFFFFFFFFFFFFFFFFFFFF59
:102B8C00FFFFFFFFFFFFFFFFFFFFFFFFFFFFFFFF49
:102B9C00FFFFFFFFFFFFFFFFFFFFFFFFFFFFFFFF39
:102BAC00FFFFFFFFFFFFFFFFFFFFFFFFFFFFFFFF29
:102BBC00FFFFFFFFFFFFFFFFFFFFFFFFFFFFFFFF19
:102BCC00FFFFFFFFFFFFFFFFFFFFFFFFFFFFFFFF09
:102BDC00FFFFFFFFFFFFFFFFFFFFFFFFFFFFFFFFF9
:102BEC00FFFFFFFFFFFFFFFFFFFFFFFFFFFFFFFFE9
:102BFC00FFFFFFFF000000000000000000000000CD
:102C0C0000000000000000000000000000000000B8
:102C1C0000000000000000000000000000000000A8
:102C2C000000000000000000000000000000000098
:102C3C000000000000000000000000000000000088
:102C4C000000000000000000000000000000000078
:102C5C000000000000000000000000000000000068
:102C6C000000000000000000000000000000000058
:102C7C000000000000000000000000000000000048
:102C8C000000000000000000000000000000000038
:102C9C000000000000000000000000000000000028
:102CAC000000000000000000000000000000000018
:102CBC000000000000000000000000000000000008
:102CCC0000000000000000000000000000000000F8
:102CDC0000000000000000000000000000000000E8
:102CEC0000000000000000000000000000000000D8
:102CFC0000000000000000000000000000000000C8
:102D0C0000000000000000000000000000000000B7
:102D1C0000000000000000000000000000000000A7
:102D2C000000000000000000000000000000000097
:102D3C000000000000000000000000000000000087
:102D4C000000000000000000000000000000000077
:102D5C000000000000000000000000000000000067
:102D6C000000000000000000000000000000000057
:102D7C000000000000000000000000000000000047
:102D8C000000000000000000000000000000000037
:102D9C000000000000000000000000000000000027
:102DAC000000000000000000000000000000000017
:102DBC000000000000000000000000000000000007
:102DCC0000000000000000000000000000000000F7
:102DDC0000000000000000000000000000000000E7
:102DEC0000000000000000000000000000000000D7
:102DFC0000000000000000000000000000000000C7
:102E0C0000000000000000000000000000000000B6
:102E1C0000000000000000000000000000000000A6
:102E2C000000000000000000000000000000000096
:102E3C000000000000000000000000000000000086
:102E4C000000000000000000000000000000000076
:102E5C000000000000000000000000000000000066
:102E6C000000000000000000000000000000000056
:102E7C000000000000000000000000000000000046
:102E8C000000000000000000000000000000000036
:102E9C000000000000000000000000000000000026
:102EAC000000000000000000000000000000000016
:102EBC000000000000000000000000000000000006
:102ECC0000000000000000000000000000000000F6
:102EDC0000000000000000000000000000000000E6
:102EEC0000000000000000000000000000000000D6
:102EFC0000000000000000000000000000000000C6
:102F0C0000000000000000000000000000000000B5
:102F1C0000000000000000000000000000000000A5
:102F2C000000000000000000000000000000000095
:102F3C000000000000000000000000000000000085
:102F4C000000000000000000000000000000000075
:102F5C000000000000000000000000000000000065
:102F6C000000000000000000000000000000000055
:102F7C000000000000000000000000000000000045
:102F8C000000000000000000000000000000000035
:102F9C000000000000000000000000000000000025
:102FAC000000000000000000000000000000000015
:102FBC000000000000000000000000000000000005
:102FCC0000000000000000000000000000000000F5
:102FDC0000000000000000000000000000000000E5
:102FEC0000000000000000000000000000000000D5
:102FFC0000000000000000000000000000000000C5
:10300C0000000000000000000000000000000000B4
:10301C0000000000000000000000000000000000A4
:10302C000000000000000000000000000000000094
:10303C000000000000000000000000000000000084
:10304C000000000000000000000000000000000074
:10305C000000000000000000000000000000000064
:10306C000000000000000000000000000000000054
:10307C000000000000000000000000000000000044
:10308C000000000000000000000000000000000034
:10309C000000000000000000000000000000000024
:1030AC000000000000000000000000000000000014
:1030BC000000000000000000000000000000000004
:1030CC0000000000000000000000000000000000F4
:1030DC0000000000000000000000000000000000E4
:1030EC0000000000000000000000000000000000D4
:1030FC0000000000000000000000000000000000C4
:10310C0000000000000000000000000000000000B3
:10311C0000000000000000000000000000000000A3
:10312C000000000000000000000000000000000093
:10313C000000000000000000000000000000000083
:10314C000000000000000000000000000000000073
:10315C000000000000000000000000000000000063
:10316C000000000000000000000000000000000053
:10317C000000000000000000000000000000000043
:10318C000000000000000000000000000000000033
:10319C000000000000000000000000000000000023
:1031AC000000000000000000000000000000000013
:1031BC000000000000000000000000000000000003
:1031CC0000000000000000000000000000000000F3
:1031DC0000000000000000000000000000000000E3
:1031EC0000000000000000000000000000000000D3
:1031FC0000000000000000000000000000000000C3
:10320C0000000000000000000000000000000000B2
:10321C0000000000000000000000000000000000A2
:10322C000000000000000000000000000000000092
:10323C000000000000000000000000000000000082
:10324C000000000000000000000000000000000072
:10325C000000000000000000000000000000000062
:10326C000000000000000000000000000000000052
:10327C000000000000000000000000000000000042
:10328C000000000000000000000000000000000032
:10329C000000000000000000000000000000000022
:1032AC000000000000000000000000000000000012
:1032BC000000000000000000000000000000000002
:1032CC0000000000000000000000000000000000F2
:1032DC0000000000000000000000000000000000E2
:1032EC0000000000000000000000000000000000D2
:1032FC0000000000000000000000000000000000C2
:10330C0000000000000000000000000000000000B1
:10331C0000000000000000000000000000000000A1
:10332C000000000000000000000000000000000091
:10333C000000000000000000000000000000000081
:10334C000000000000000000000000000000000071
:10335C000000000000000000000000000000000061
:10336C000000000000000000000000000000000051
:10337C000000000000000000000000000000000041
:10338C000000000000000000000000000000000031
:10339C000000000000000000000000000000000021
:1033AC000000000000000000000000000000000011
:1033BC000000000000000000000000000000000001
:1033CC0000000000000000000000000000000000F1
:1033DC0000000000000000000000000000000000E1
:1033EC0000000000000000000000000000000000D1
:1033FC0000000000000000000000000000000000C1
:10340C0000000000000000000000000000000000B0
:10341C0000000000000000000000000000000000A0
:10342C000000000000000000000000000000000090
:10343C000000000000000000000000000000000080
:10344C000000000000000000000000000000000070
:10345C000000000000000000000000000000000060
:10346C000000000000000000000000000000000050
:10347C000000000000000000000000000000000040
:10348C000000000000000000000000000000000030
:10349C000000000000000000000000000000000020
:1034AC000000000000000000000000000000000010
:1034BC000000000000000000000000000000000000
:1034CC0000000000000000000000000000000000F0
:1034DC0000000000000000000000000000000000E0
:1034EC0000000000000000000000000000000000D0
:1034FC0000000000000000000000000000000000C0
:10350C0000000000000000000000000000000000AF
:10351C00000000000000000000000000000000009F
:10352C00000000000000000000000000000000008F
:10353C00000000000000000000000000000000007F
:10354C00000000000000000000000000000000006F
:10355C00000000000000000000000000000000005F
:10356C00000000000000000000000000000000004F
:10357C00000000000000000000000000000000003F
:10358C00000000000000000000000000000000002F
:10359C00000000000000000000000000000000001F
:1035AC00000000000000000000000000000000000F
:1035BC0000000000000000000000000000000000FF
:1035CC0000000000000000000000000000000000EF
:1035DC0000000000000000000000000000000000DF
:1035EC0000000000000000000000000000000000CF
:1035FC0000000000000000000000000000000000BF
:10360C0000000000000000000000000000000000AE
:10361C00000000000000000000000000000000009E
:10362C00000000000000000000000000000000008E
:10363C00000000000000000000000000000000007E
:10364C00000000000000000000000000000000006E
:10365C00000000000000000000000000000000005E
:10366C00000000000000000000000000000000004E
:10367C00000000000000000000000000000000003E
:10368C00000000000000000000000000000000002E
:10369C00000000000000000000000000000000001E
:1036AC00000000000000000000000000000000000E
:1036BC0000000000000000000000000000000000FE
:1036CC0000000000000000000000000000000000EE
:1036DC0000000000000000000000000000000000DE
:1036EC0000000000000000000000000000000000CE
:1036FC0000000000000000000000000000000000BE
:10370C0000000000000000000000000000000000AD
:10371C00000000000000000000000000000000009D
:10372C00000000000000000000000000000000008D
:10373C00000000000000000000000000000000007D
:10374C00000000000000000000000000000000006D
:10375C00000000000000000000000000000000005D
:10376C00000000000000000000000000000000004D
:10377C00000000000000000000000000000000003D
:10378C00000000000000000000000000000000002D
:10379C00000000000000000000000000000000001D
:1037AC00000000000000000000000000000000000D
:1037BC0000000000000000000000000000000000FD
:1037CC0000000000000000000000000000000000ED
:1037DC0000000000000000000000000000000000DD
:1037EC0000000000000000000000000000000000CD
:0437FC0000000000C9
:040000056000100087
:00000001FF
